tree
version=v4
num_class=1
num_tree_per_iteration=1
label_index=0
max_feature_idx=54
objective=binary sigmoid:1
feature_names=Column_0 Column_1 Column_2 Column_3 Column_4 Column_5 Column_6 Column_7 Column_8 Column_9 Column_10 Column_11 Column_12 Column_13 Column_14 Column_15 Column_16 Column_17 Column_18 Column_19 Column_20 Column_21 Column_22 Column_23 Column_24 Column_25 Column_26 Column_27 Column_28 Column_29 Column_30 Column_31 Column_32 Column_33 Column_34 Column_35 Column_36 Column_37 Column_38 Column_39 Column_40 Column_41 Column_42 Column_43 Column_44 Column_45 Column_46 Column_47 Column_48 Column_49 Column_50 Column_51 Column_52 Column_53 Column_54
feature_infos=[2.9411764144897461:100] [6.6666665077209473:100] [2.9411764144897461:100] [3.4482758045196533:100] [0:100] [0:100] [0:100] [5:100] [0:100] [0:1] [0:1] [0:100] [0:100] [0:1] [0:1] [0:1] [0:1] [0:1] [0:1] [0:1] [0:59] [0.05714285746216774:1] [0:1] [0:1] [-1:1] [0:1] [0:1] [0:100] [0:100] [0:100] [0:100] [0:100] [0:1] [0:1] [0:1] [0:1] [0:147] [0:1] [0:1] [-1:1] [0:1] [0:1] [0:1] [0:1] [-1:1] [0:26.720720291137695] [0:1] [0:1] [0:99.999992370605469] [0:100] [0:1] [0:100] [5:100] [12.461908340454102:100] [0:1]
tree_sizes=3288 3372 3366 3378 3383 3384 3377 3398 3423 3390 3401 3418 3410 3393 3403 3406 3398 3415 3412 3404 3398 3413 3423 3424 3398 3411 3427 3425 3396 3420 3419 3405 3430 3405 3418 3425 3417 3415 3426 3413 3427 3415 3430 3434 3447 3432 3437 3418 3429 3436 3447 3437 3438 3420 3442 3459 3454 3436 3432 3455 3440 3447 3435 3444 3441 3450 3444 3460 3444 3458 3450 3439 3454 3448 3459 3459 3472 3444 3473 3455 3467 3461 3455 3454 3462 3453 3456 3473 3464 3453 3472 3443 3429 3461 3466 3450 3461 3460 3448 3458

Tree=0
num_leaves=31
num_cat=0
split_feature=50 51 34 53 45 4 50 45 1 31 34 32 8 32 1 5 5 51 0 5 35 2 36 48 45 4 8 30 12 2
split_gain=169279 10599.6 7812.49 923.71 729.896 568.395 441.633 573.298 357.437 335.633 191 127.092 126.518 121.67 149.277 113 73.9986 64.488 60.8527 53.2227 245.525 50.0987 46.229 43.0909 55.942 35.0744 34.3856 85.9993 83.4665 30.194
threshold=0.47748649120330816 80.133575439453139 0.55848154425621044 41.719793319702156 1.7005987167358401 89.683315277099624 0.54305469989776622 1.9729550480842593 65.599384307861342 84.523811340332045 0.5113695263862611 0.61324787139892589 51.113311767578132 0.35857143998146063 77.694858551025405 87.007671356201186 49.018096923828132 60.804035186767585 27.842377662658695 88.303691864013686 0.12399897351861001 37.884435653686531 50.500000000000007 66.116935729980483 1.9729550480842593 75.641345977783217 34.428878784179695 93.035690307617202 68.344158172607436 26.975051879882816
decision_type=2 2 2 2 2 2 2 2 2 2 2 2 2 2 2 2 2 2 2 2 2 2 2 2 2 2 2 2 2 2
left_child=1 2 9 5 -4 25 7 -2 11 13 15 29 21 19 17 -9 18 -15 -11 23 22 -12 -21 -1 -25 -3 27 28 -8 -6
right_child=6 3 4 -5 8 -7 26 10 -10 16 12 -13 -14 14 -16 -17 -18 -19 -20 20 -22 -23 -24 24 -26 -27 -28 -29 -30 -31
leaf_value=-1.5671433566119852 -1.05910203201111 -1.5521347253384852 -1.0620519264229076 -1.0558047940503335 -1.4266799703748045 -1.0892587029349796 -1.5239148321489766 -1.5114935254380932 -1.0542913715828142 -1.2125447596989642 -1.2179513317170987 -1.2076752329941123 -1.0509082006694737 -1.5469099033097706 -1.0419680996428369 -1.2012149983579579 -1.061044722322217 -1.238028281105664 -1.5682539282268713 -1.5577435344832602 -1.0983075797700221 -1.5682539282268713 -1.2996145660207727 -1.262150912169933 -1.5312280040349668 -1.4296597220299136 -1.0431576202261561 -1.0450095112683382 -1.0600212646591378 -1.5595496541328597
leaf_weight=10590.293254524469 121.39653339982033 31.048679292201996 207.13183954358101 289.08638644218445 17.675565779209137 35.525027751922607 5.6437772214412671 35.269655346870422 19.47534716129303 7.034960091114046 5.0004763901233691 11.103927493095396 17.896889418363571 23.448246657848362 5.7057963609695426 9.5449268221855146 8.3872288167476636 5.3044936954975119 5.4723114967346191 95.235244870185852 8.5197803974151594 5.4723114967346191 4.6575449407100669 6.5400199890136745 20.275522023439407 28.88893985748291 7061.6684482693672 26.303575307130814 4.4313559234142303 28.749092429876328
leaf_count=69569 273 200 471 642 95 89 35 215 43 25 18 39 39 150 12 33 19 20 36 618 22 36 20 26 127 156 14923 56 10 187
internal_value=-1.34807 -1.53995 -1.5543 -1.12705 -1.14023 -1.34282 -1.04682 -1.16572 -1.35052 -1.56521 -1.34258 -1.45081 -1.18014 -1.56584 -1.41575 -1.44541 -1.24489 -1.48993 -1.36818 -1.56632 -1.51055 -1.40099 -1.54571 -1.56689 -1.4656 -1.4931 -1.04356 -1.12114 -1.31988 -1.50896
internal_weight=18742.2 11449.6 11065 384.549 284.136 95.4626 7292.63 194.581 77.0039 10780.9 73.1843 57.5286 28.3697 10760 34.4585 44.8146 20.8945 28.7527 12.5073 10725.5 108.413 10.4728 99.8928 10617.1 26.8155 59.9376 7098.05 36.3787 10.0751 46.4247
internal_count=88204 72566 71479 1087 835 445 15638 614 364 70644 341 321 93 70564 182 248 80 170 61 70382 660 54 638 69722 153 356 15024 101 45 282
is_linear=0
shrinkage=1


Tree=1
num_leaves=31
num_cat=0
split_feature=30 51 50 35 50 1 6 25 45 51 8 51 11 45 1 33 8 8 33 10 44 48 43 6 33 28 51 6 3 50
split_gain=109134 7861.35 2493.29 1825.8 1430.63 512.85 377.063 345.422 207.452 176.233 150.055 126.471 123.48 105.846 105.935 108.372 104.261 84.6111 124.877 75.4483 73.6458 48.1245 97.8348 46.6513 46.2585 55.032 39.2485 37.5275 50.4201 37.012
threshold=61.128803253173835 87.386363983154311 0.47748649120330816 0.49719101190567022 0.47748649120330816 74.833332061767592 75.761066436767592 1.0000000180025095e-35 1.2424533367156985 80.133575439453139 76.533164978027358 52.533813476562507 70.777988433837905 1.9729550480842593 56.949806213378913 0.77350428700447094 53.093112945556648 34.428878784179695 0.78759399056434642 1.0000000180025095e-35 -1.0000000180025095e-35 62.838853836059577 1.0000000180025095e-35 86.08185195922853 0.24264705926179889 56.830142974853523 11.798356533050539 89.167831420898452 95.293468475341811 0.58114054799079906
decision_type=2 2 2 2 2 2 2 2 2 2 2 2 2 2 2 2 2 2 2 2 2 2 2 2 2 2 2 2 2 2
left_child=1 4 3 5 9 8 -3 13 11 21 20 16 -11 -5 15 -15 -2 18 19 -4 -6 -1 23 -23 25 -12 -7 28 -8 -19
right_child=2 6 17 7 10 26 27 -9 -10 12 24 -13 -14 14 -16 -17 -18 29 -20 -21 -22 22 -24 -25 -26 -27 -28 -29 -30 -31
leaf_value=-0.095730506009569935 -0.036479859801198153 -0.099144461772722958 -0.047444704957721573 0.30437783745078806 -0.098467681717481895 0.080505708835228201 0.097951383724221783 -0.072650773367896451 -0.095535516477269447 -0.060354907739423432 -0.058752972098633817 0.24280557010307149 0.19330585208369133 -0.064934289860337877 0.31125387244021546 0.21852536626852576 0.31771686850218334 0.27725566707979171 0.28918748540193057 0.29958345070329123 0.21651957951577211 0.0073180920362383587 -0.078369010628328128 0.2933120357232944 0.29704278003048851 0.27626423524883215 0.31287664290672312 0.3037905729610631 0.28986790063302909 0.30651568777476468
leaf_weight=9818.644413381815 48.354558020830154 16.215587496757507 14.566243797540666 269.04771792888641 12.363819420337679 5.5115241110324851 13.827880993485449 18.475913062691689 177.78050374984741 26.746754184365273 5.5736490190029127 18.885766386985779 22.710802346467972 15.045218750834463 25.683649301528931 20.250654608011246 5.9761192649602881 285.67811147868633 43.510446265339851 5.5324987322092047 7.7147548198699942 7.0613767355680448 53.506072238087654 7.5566647350788116 62.505065277218819 7.1811769008636475 29.829672321677208 327.75635626912117 23.910229057073593 8781.5690903812647
leaf_count=68650 297 106 89 467 82 26 62 115 1233 172 30 60 72 96 43 64 16 583 82 10 19 40 362 18 116 15 55 568 44 14612
internal_value=0.102175 -0.0779937 0.29429 0.140988 -0.0915527 -0.00868665 0.278344 0.263964 -0.0488613 -0.094512 0.21687 0.0644707 0.0561256 0.282809 0.187644 0.0976979 0.00248012 0.304949 0.213004 0.0480803 0.0225593 -0.0952656 -0.0282584 0.15516 0.26871 0.129867 0.276638 0.295092 0.219546 0.305594
internal_weight=20179 10413.3 9765.7 634.841 10031.6 286.338 381.71 348.503 250.997 9936.23 95.3385 73.2164 49.4576 330.027 60.9795 35.2959 54.3307 9130.86 63.6092 20.0987 20.0786 9886.77 68.1241 14.618 75.2599 12.7548 35.3412 365.494 37.7381 9067.25
internal_count=88204 70356 17848 2472 69576 1687 780 785 1606 69314 262 373 244 670 203 160 313 15376 181 99 101 69070 420 58 161 45 81 674 106 15195
is_linear=0
shrinkage=0.08


Tree=2
num_leaves=31
num_cat=0
split_feature=30 51 50 34 50 25 1 4 51 4 45 45 8 1 33 51 8 44 50 45 34 8 2 48 43 31 8 13 4 4
split_gain=80265.2 6408.14 1522.17 1319.11 1208.98 295.012 283.503 176.876 165.654 190.824 139.417 107.363 99.8 96.6956 110.022 78.0944 76.442 58.7827 54.128 144.745 109.34 58.7396 47.9776 47.0731 80.8904 40.9668 40.1516 46.067 37.6935 37.6612
threshold=61.128803253173835 87.386363983154311 0.47748649120330816 0.55848154425621044 0.47748649120330816 1.0000000180025095e-35 76.123405456542983 76.800468444824233 75.809822082519545 85.07498931884767 1.2424533367156985 1.2424533367156985 76.533164978027358 56.949806213378913 0.77350428700447094 52.533813476562507 45.035211563110359 -1.0000000180025095e-35 0.54305469989776622 1.9729550480842593 0.48957881331443792 51.113311767578132 72.176685333251967 62.838853836059577 1.0000000180025095e-35 86.916717529296889 69.631092071533217 0.77500000596046459 48.117729187011726 88.107921600341811
decision_type=2 2 2 2 2 2 2 2 2 2 2 2 2 2 2 2 2 2 2 2 2 2 2 2 2 2 2 2 2 2
left_child=1 4 3 6 8 11 10 -3 23 -10 15 -5 17 14 -13 16 25 -6 19 -4 29 -22 -11 -1 -25 -2 27 -9 -16 -21
right_child=2 7 18 5 12 -7 -8 26 9 22 -12 13 -14 -15 28 -17 -18 -19 -20 20 21 -23 -24 24 -26 -27 -28 -29 -30 -31
leaf_value=-0.094410293457979425 -0.076869875397363702 -0.036126272062342535 0.24736506815724615 0.24444443011273423 -0.096746437298582649 -0.067006776339141358 0.22258949426518967 -0.036296571086068041 -0.070117089954905898 0.055480166432919226 -0.093771685651109368 -0.072576630113314333 0.21858224433558091 0.24938752694312211 0.25102786386510717 0.18638576598175757 0.20425897090968512 0.1802668589141532 0.24632101468107767 -0.10200994369483497 0.037709871132136655 0.24938788606109419 0.2579636853173064 0.13111453521528896 -0.076091928209752011 0.23039921151920442 0.24130742521969545 0.22734488296255109 0.042015876379997756 0.15011022352579914
leaf_weight=9172.3166030943394 37.928165942430496 15.862948074936865 149.19245073199272 322.24349054694176 11.607950598001482 23.55462771654129 26.823664471507072 7.2812664508819589 57.779615208506584 12.60652117431164 157.69952355325222 20.53381934762001 84.590038076043129 29.984586477279663 15.960114523768427 17.969346925616264 8.9054640084505063 8.4871923029422742 10162.269375815988 16.577963665127758 12.391559913754461 25.980665981769562 18.450031787157059 15.809710964560507 50.810087457299232 2.9963761717081061 396.45264625549316 10.161104187369347 8.4434813857078534 4.9164796471595755
leaf_count=68388 261 98 231 493 82 151 57 38 404 59 1167 139 161 44 33 54 28 19 14931 99 58 40 43 58 362 9 627 17 36 17
internal_value=0.0898011 -0.0760793 0.237926 0.12134 -0.089844 0.208074 -0.0232797 0.226033 -0.0928782 0.0158439 -0.0525265 0.224388 0.180511 0.138126 0.063887 0.0434087 -0.00815071 0.0202502 0.245492 0.205198 0.100113 0.181031 0.175771 -0.0939236 -0.0269192 -0.0543725 0.236081 0.117289 0.178711 -0.0443418
internal_weight=20906.6 9862.22 11044.4 673.043 9432.46 420.72 252.323 429.758 9327.77 88.8362 225.499 397.165 104.685 74.922 44.9374 67.7994 49.83 20.0951 10371.3 209.059 59.8667 38.3722 31.0566 9238.94 66.6198 40.9245 413.895 17.4424 24.4036 21.4944
internal_count=88204 70356 17848 2472 69576 896 1576 780 69314 506 1519 745 262 252 208 352 298 101 15376 445 214 98 102 68808 420 270 682 55 69 116
is_linear=0
shrinkage=0.08


Tree=3
num_leaves=31
num_cat=0
split_feature=30 51 50 50 34 44 6 25 51 11 25 50 14 12 45 7 45 34 20 53 7 1 27 4 31 30 50 7 53 34
split_gain=62821 5423.88 1052.58 1048.48 845.798 229.088 206.134 177.773 156.331 153.339 109.442 95.4066 229.729 165.784 77.8525 72.2674 69.5155 66.128 57.606 51.5356 48.7313 46.8246 46.3041 61.585 39.6263 39.8455 33.6737 42.7028 32.282 31.7158
threshold=61.128803253173835 87.386363983154311 0.41730739176273351 0.47748649120330816 0.57238095998764049 -1.0000000180025095e-35 75.761066436767592 1.0000000180025095e-35 75.809822082519545 70.777988433837905 1.0000000180025095e-35 0.54305469989776622 0.10555555671453477 66.283069610595717 1.2424533367156985 87.20676422119142 1.9729550480842593 0.62593284249305736 4.5000000000000009 48.544445037841804 72.176685333251967 84.29276275634767 58.681159973144538 90.591735839843764 84.523811340332045 74.443344116210952 0.45215012133121496 83.910789489746108 47.18232727050782 0.6012820601463319
decision_type=2 2 2 2 2 2 2 2 2 2 2 2 2 2 2 2 2 2 2 2 2 2 2 2 2 2 2 2 2 2
left_child=1 3 4 8 5 21 -3 16 22 -10 19 12 28 -14 -5 -16 -6 -18 -15 24 -11 -2 26 -24 25 -7 -1 -28 -4 -20
right_child=2 6 11 14 7 10 -8 -9 9 20 -12 -13 13 18 15 -17 17 -19 29 -21 -22 -23 23 -25 -26 -27 27 -29 -30 -31
leaf_value=-0.093000368775125283 -0.094078925670145849 -0.097400662984450256 0.11167421274362425 0.20566956063484498 0.20694313761788297 -0.095767660527571172 0.20299854867218387 -0.097413207267878582 -0.075471176786575861 0.034228715133145238 -0.097195947914423556 0.20987027284817078 -0.080799896084159023 0.18881387040518682 -0.041772578399587104 0.17501718276177078 -0.073051900379992554 0.14971681305511067 -0.07668342265506288 0.19554841164902206 0.21828886293417049 0.23739710862387819 -0.051447261020141272 0.30937011609136389 0.2080453553890782 0.11888213906539524 -0.068362452481374847 0.15937964796188389 0.21290205110296179 0.19175269598511224
leaf_weight=8615.6544803380966 137.18661008775234 15.11501359939575 21.921403363347054 71.646888971328735 257.97060930728912 12.590572655200964 445.91423119604588 14.502182736992834 51.366026431322098 16.407275393605232 17.420211896300316 10934.977735057473 34.333810076117516 42.222332492470741 19.863908901810646 19.503920122981071 10.336985304951666 48.73753833770752 9.8146541863679868 34.486006259918213 20.974507406353951 2.7827274799346915 11.146767750382422 4.1563392877578726 7.7834758460521689 9.8763677030801755 17.627044022083286 7.516031175851821 251.25665386021137 3.9508566111326209
leaf_count=68570 1082 106 71 107 369 93 674 102 381 81 124 14931 214 92 114 41 71 133 60 81 44 4 80 7 18 34 124 27 362 7
internal_value=0.0810643 -0.0743728 0.203252 -0.0882998 0.0955557 -0.025245 0.19315 0.176488 -0.0914013 0.0142364 0.0807991 0.20853 0.168209 0.0576048 0.156009 0.0656311 0.189017 0.110736 0.14248 0.128697 0.137503 -0.0874889 -0.0924843 0.0465511 0.0524842 -0.00140856 -0.0927306 -0.0002834 0.204779 0.000360766
internal_weight=21169 9316.89 11852.2 8855.86 553.673 222.126 461.029 331.547 8744.85 88.7478 82.1566 11298.5 363.5 90.3217 111.015 39.3678 317.045 59.0745 55.9878 64.7364 37.3818 139.969 8656.1 15.3031 30.2504 22.4669 8640.8 25.1431 273.178 13.7655
internal_count=88204 70356 17848 69576 2111 1436 780 675 69314 506 350 15737 806 373 262 155 573 204 159 226 125 1086 68808 87 145 127 68721 151 433 67
is_linear=0
shrinkage=0.08


Tree=4
num_leaves=31
num_cat=0
split_feature=33 51 50 50 35 6 1 45 45 51 5 50 25 12 33 35 45 1 6 51 44 4 44 31 27 7 51 10 20 50
split_gain=50876.7 4671.46 1268.02 810.049 582.414 277.692 162.012 87.9188 84.1558 107.786 80.9208 79.4733 210.502 74.8341 62.3693 49.4821 63.3372 42.8074 41.8113 40.5342 37.3799 33.6137 96.8581 47.0512 33.2001 25.6649 24.896 53.8418 72.8778 22.4583
threshold=0.38675214350223547 80.133575439453139 0.47748649120330816 0.3809837698936463 0.49719101190567022 77.279216766357436 74.833332061767592 1.7005987167358401 1.2424533367156985 40.00526428222657 73.401363372802749 0.50817951560020458 1.0000000180025095e-35 66.283069610595717 0.82480818033218395 0.37567204236984258 1.9729550480842593 65.599384307861342 89.167831420898452 99.206348419189467 -1.0000000180025095e-35 94.669513702392592 1.0000000180025095e-35 69.64422988891603 64.026142120361342 94.804317474365249 69.448268890380874 1.0000000180025095e-35 4.5000000000000009 0.54305469989776622
decision_type=2 2 2 2 2 2 2 2 2 2 2 2 2 2 2 2 2 2 2 2 2 2 2 2 2 2 2 2 2 2
left_child=1 2 21 4 6 -3 8 -6 9 -2 24 12 15 -14 17 16 -5 -9 19 -7 -15 25 23 -23 -4 26 -1 -28 -29 -12
right_child=3 5 10 11 7 18 -8 14 -10 -11 29 -13 13 20 -16 -17 -18 -19 -20 -21 -22 22 -24 -25 -26 -27 27 28 -30 -31
leaf_value=-0.092133215016666895 -0.076506270189385883 -0.04681191105270046 -0.038541924115930576 0.18615940445463877 0.17795751748619146 0.040639750153317972 0.19440486152415265 -0.045381816517203293 -0.092859398654136352 0.10391935566732328 0.10105184040980483 0.1850736623893825 -0.070960414702279789 0.013503700531731668 0.17313696605499634 0.18529651997449004 -0.059886542709661941 0.18735520283449703 0.18262909109002609 0.17722313424297309 0.22469443863983948 -0.081384219307664818 0.32909569562335766 0.27547287717777408 0.20220282299141573 0.13230626897591505 -0.089043957872485188 0.1891350119866235 -0.076201333941753963 0.17841910868275981
leaf_weight=7986.4696428477764 42.085934460163116 39.251683495938778 20.659262105822567 14.30593676865101 218.26387712359428 27.792121946811676 20.012138910591602 27.58040239661932 104.82693900167942 42.68149022758007 31.225776001811028 11467.212800860405 33.940796598792076 10.645470619201662 20.89822992682457 245.78265817463398 12.58732959628105 6.1937166005372992 436.26789776980877 27.832350343465805 10.810815766453741 41.229944512248039 4.4939977526664725 2.5084906518459311 4.457047462463378 3.2760900408029547 66.566208988428116 12.234552085399629 14.448966562747954 103.95394496619701
leaf_count=67945 332 268 111 25 311 110 34 174 882 149 88 15094 227 60 39 346 85 9 606 40 19 336 8 4 6 18 558 59 116 145
internal_value=0.0745034 -0.0720392 -0.0867727 0.179807 0.078212 0.15796 -0.02208 0.155233 -0.0449305 0.0143404 0.136047 0.183963 0.14514 0.00296821 0.0645122 0.174024 0.0709982 -0.002701 0.174301 0.108981 0.119913 -0.0911653 -0.0245787 -0.0609177 0.00417975 -0.0915626 -0.0916534 -0.0505564 0.045457 0.160548
internal_weight=21100.5 8822.67 8291.52 12277.8 482.543 531.144 209.607 272.936 189.594 84.7674 160.296 11795.3 328.073 55.3971 54.6723 272.676 26.8933 33.7741 491.892 55.6245 21.4563 8131.23 48.2324 43.7384 25.1163 8083 8079.72 93.2497 26.6835 135.18
internal_count=88204 70418 69394 17786 1930 1024 1397 533 1363 481 350 15856 762 306 222 456 110 183 756 150 79 69044 348 340 117 68696 68678 733 175 233
is_linear=0
shrinkage=0.08


Tree=5
num_leaves=31
num_cat=0
split_feature=30 51 50 34 50 6 25 1 8 42 45 1 33 8 51 8 33 12 6 51 51 19 21 53 31 33 36 33 4 12
split_gain=42536.5 4197.05 827.944 810.434 455.689 224.134 172.171 163.142 103.667 79.0549 78.0855 75.7348 81.184 54.9427 50.479 37.605 77.7023 61.0763 34.3525 33.3615 29.4608 50.463 44.8317 27.8946 27.5625 25.9585 28.288 25.0618 23.5507 22.2994
threshold=57.993141174316413 80.133575439453139 0.47748649120330816 0.52714985609054577 0.45215012133121496 77.279216766357436 1.0000000180025095e-35 81.557067871093764 81.302967071533217 1.0000000180025095e-35 1.2424533367156985 56.949806213378913 0.77350428700447094 49.752475738525398 55.558620452880866 38.507879257202156 0.76696833968162548 98.888889312744155 89.167831420898452 99.206348419189467 69.448268890380874 1.0000000180025095e-35 0.88603895902633678 46.172708511352546 88.623924255371108 0.24264705926179889 10.500000000000002 0.32291667163372045 51.059255599975593 72.652118682861342
decision_type=2 2 2 2 2 2 2 2 2 2 2 2 2 2 2 2 2 2 2 2 2 2 2 2 2 2 2 2 2 2
left_child=1 4 3 7 20 -3 10 9 27 -2 -5 12 -12 14 24 16 17 23 19 -7 -1 -22 -23 -4 29 26 -10 -6 -14 -11
right_child=2 5 15 6 8 18 -8 -9 25 13 11 -13 28 -15 -16 -17 -18 -19 -20 -21 21 22 -24 -25 -26 -27 -28 -29 -30 -31
leaf_value=-0.090782333872956478 -0.086873496622805316 -0.044460192323323378 0.11865538205750877 0.16596091583466202 -0.086315027118940235 0.036710893916587599 -0.059954112580587762 0.16744140680172834 -0.077241133289822003 -0.082233079821796298 -0.075913032764162128 0.17447068683643183 0.16423550387139141 0.21034622741927145 0.13811246614668035 0.16713117529292518 0.16026793630103076 0.16059671385653615 0.164333962261661 0.15942158330642858 -0.08773450505647723 -0.041538635441397291 0.15113374108555924 -0.1103514159058302 0.16687442467212341 0.16642772514117143 0.15184135240799981 0.084626794567655678 0.004592457144851239 0.15157244964272892
leaf_weight=7444.4477478936315 163.82142589986324 38.071466490626335 4.2679601013660458 382.64019910991192 21.017731957137588 28.283342719078064 26.357473500072956 22.744607515633106 6.5562981590628606 39.198913365602493 26.566383354365826 35.625854425132275 20.442018151283268 8.2370448261499387 11.625584453344343 11732.969060979784 96.179813265800476 12.251291908323763 445.58397898077965 28.435059040784836 62.722686767578125 19.343169584870338 12.872657030820845 16.818331182003021 3.5042855069041243 52.667299747467041 7.2810036540031433 7.4292529746890059 8.3215316236019117 2.7970301359891883
leaf_count=67792 1419 268 13 513 157 110 186 39 33 305 204 47 38 16 28 15194 137 19 606 40 561 153 55 95 8 80 18 29 33 8
internal_value=0.0693774 -0.0727736 0.161498 0.0800893 -0.0880242 0.142685 0.139048 -0.0369144 0.0861387 -0.057195 0.150123 0.0834961 0.0249194 0.0171894 -0.0106621 0.166658 0.123787 0.0185378 0.15687 0.0982304 -0.0902176 -0.0459344 0.0354485 -0.0639994 -0.0486749 0.140809 0.043299 -0.0416716 0.118049 -0.0666611
internal_weight=20789.1 8174.71 12614.4 751.882 7634.34 540.374 499.953 251.929 94.9516 229.184 473.596 90.9558 55.3299 65.3629 57.1258 11862.5 129.517 33.3376 502.302 56.7184 7539.39 94.9385 32.2158 21.0863 45.5002 66.5046 13.8373 28.447 28.7635 41.9959
internal_count=88204 69902 18302 2844 68878 1024 1021 1823 317 1784 835 322 275 365 349 15458 264 127 756 150 68561 769 208 108 321 131 51 186 71 313
is_linear=0
shrinkage=0.08


Tree=6
num_leaves=31
num_cat=0
split_feature=30 51 50 33 50 25 6 1 5 45 33 6 45 27 50 45 29 52 4 8 51 10 20 25 8 20 33 7 29 5
split_gain=36105.4 3731.28 672.619 642.769 414.373 194.474 185.506 125.633 87.2217 70.4869 58.6999 63.7536 50.5716 47.352 37.2264 115.89 88.3262 32.3817 41.551 31.7341 29.3901 45.1601 40.8758 27.7237 26.1416 24.5137 21.1262 18.3138 17.3906 21.3162
threshold=57.993141174316413 80.133575439453139 0.47748649120330816 0.58578431606292736 0.45215012133121496 1.0000000180025095e-35 76.757190704345717 81.557067871093764 81.302967071533217 1.7005987167358401 0.82480818033218395 70.651977539062514 1.2424533367156985 65.020324707031264 0.58114054799079906 1.9729550480842593 70.29138565063478 93.127067565917983 89.683315277099624 45.035211563110359 69.448268890380874 1.0000000180025095e-35 3.5000000000000004 1.0000000180025095e-35 92.907444000244155 3.5000000000000004 0.24264705926179889 59.720876693725593 78.587024688720717 29.459980010986332
decision_type=2 2 2 2 2 2 2 2 2 2 2 2 2 2 2 2 2 2 2 2 2 2 2 2 2 2 2 2 2 2
left_child=1 4 3 7 20 9 -3 12 25 -5 11 28 13 19 15 -4 24 18 -8 -2 -1 -22 -23 -18 -17 -6 -10 -25 -11 -30
right_child=2 6 14 5 8 -7 17 -9 26 10 -12 -13 -14 -15 -16 16 23 -19 -20 -21 21 22 -24 27 -26 -27 -28 -29 29 -31
leaf_value=-0.089735358259411979 -0.07865110624219844 -0.046152199939333026 0.15403331018108721 0.14867150652446726 0.069083113998955309 -0.072161018028361557 0.013897968377635501 0.14457951200836225 0.037338463947414156 -0.092540941671814356 0.1467117777406472 0.15909115299970272 -0.087716391893361279 0.11827720543185567 0.15396929410924218 -0.045547851684969089 0.15232167411621597 0.15207627087878459 0.13611373026978921 0.096244121318642364 -0.08644128595992609 0.12739305229369097 -0.051002756134920099 -0.039417782387216514 0.14978188829018182 -0.086890326921037681 0.15240055982228409 0.14466153282796274 0.082046274173682238 -0.09947296466914074
leaf_weight=6948.9951694607735 33.120933435857296 35.432736352086067 320.55299516022205 405.72578680515289 9.5923418775200862 30.951581463217735 26.1323446854949 20.977051101624966 12.646893829107283 19.420120745897293 37.074162140488625 14.19316506385803 137.91461876779795 16.046948648989201 11449.806951671839 41.62535846978426 45.863765105605125 424.64718055725098 55.860380440950394 8.3045365959405881 58.359944619238377 15.135936662554739 17.990449324250221 9.5837663412094098 4.9014044702053061 19.67931591719389 53.057201653718948 5.4124291017651549 11.495210893452169 6.4713021963834754
leaf_count=67792 278 261 426 583 44 236 112 36 47 172 59 21 1293 45 14716 187 64 564 87 31 558 62 149 45 7 148 78 13 45 45
internal_value=0.0652636 -0.0715313 0.148488 0.0745772 -0.0869032 0.122372 0.130813 -0.0414684 0.0790822 0.134551 0.069929 0.0147397 -0.0614428 0.00160517 0.153103 0.129937 0.0580094 0.143189 0.0971617 -0.04359 -0.0891423 -0.0440947 0.0305089 0.121447 -0.0249707 -0.0357777 0.130253 0.0270202 -0.0400608 0.0166654
internal_weight=20297 7677.53 12619.4 741.695 7135.46 525.331 542.073 216.364 94.9758 494.38 88.654 51.5798 195.387 57.4724 11877.7 427.94 107.387 506.64 81.9927 41.4255 7040.48 91.4863 33.1264 60.86 46.5268 29.2717 65.7041 14.9962 37.3866 17.9665
internal_count=88204 69902 18302 2844 68878 1161 1024 1683 317 925 342 283 1647 354 15458 742 316 763 199 309 68561 769 211 122 194 192 125 58 262 90
is_linear=0
shrinkage=0.08


Tree=7
num_leaves=31
num_cat=0
split_feature=30 51 50 35 50 6 4 25 42 5 45 8 51 1 50 45 29 51 19 20 43 16 33 25 45 8 4 15 25 45
split_gain=31059.3 3338.31 564.414 574.912 378.315 156.679 150.799 110.517 82.953 73.1131 40.0775 39.8736 48.6564 39.1615 33.6284 98.7498 74.7306 29.2823 42.1328 34.5554 36.3495 28.0448 25.4926 23.718 23.1843 22.2812 22.2495 19.7556 19.7276 18.9538
threshold=57.993141174316413 80.133575439453139 0.47748649120330816 0.45534290373325353 0.45215012133121496 77.279216766357436 87.412868499755874 1.0000000180025095e-35 1.0000000180025095e-35 81.302967071533217 2.0397207736968999 43.288288116455085 50.006252288818366 65.599384307861342 0.58114054799079906 1.9729550480842593 70.29138565063478 69.448268890380874 1.0000000180025095e-35 4.5000000000000009 1.0000000180025095e-35 0.5407620668411256 0.87083333730697643 1.0000000180025095e-35 1.2424533367156985 92.907444000244155 88.890094757080092 0.81934732198715221 1.0000000180025095e-35 2.2499048709869389
decision_type=2 2 2 2 2 2 2 2 2 2 2 2 2 2 2 2 2 2 2 2 2 2 2 2 2 2 2 2 2 2
left_child=1 4 3 6 17 27 8 10 -2 24 -5 12 -10 22 15 -4 25 -1 -19 20 28 26 -12 -18 -6 -17 -7 -3 -20 -11
right_child=2 5 14 7 9 21 -8 -9 11 29 13 -13 -14 -15 -16 16 23 18 19 -21 -22 -23 -24 -25 -26 -27 -28 -29 -30 -31
leaf_value=-0.088780578329865772 -0.083637853956091718 -0.056554392466563484 0.14272085203564058 0.13894720743064645 0.073769091719995905 0.0119293092544243 0.13720456668907891 -0.059212340132427828 -0.062412028341107685 0.14333108632009253 -0.028088970257805802 0.13999959774746096 0.095605625552176318 0.14658163210719216 0.14333051223877977 -0.04261628161771068 0.14062259372768179 -0.085313522251732526 0.24394574728564006 -0.072280980866996927 -0.096173402609019784 0.13989061252308108 0.14784583132485929 0.024738051599193542 -0.082284593795492592 0.13797346042065806 0.1154982576625104 0.17451986676617501 0.061759316192536197 0.042594310945930289
leaf_weight=6480.9017781689763 152.14648351073265 33.337940856814384 318.35214923322201 398.83008494973183 8.8257747441530245 19.677478820085526 31.264003753662109 20.619535118341446 37.020559526979923 50.262386001646519 25.210496626794342 14.430975049734114 18.806641638278961 22.479108512401581 11320.314780756831 40.958059124648571 45.708059743046761 54.957671068608761 7.8375549167394656 13.081599421799181 4.8390117436647406 441.37157908082008 6.6643402129411689 15.016967684030531 19.677204944193363 4.8951034247875205 40.801324620842934 2.5489682406187049 7.3909231722354889 15.683534473180769
leaf_count=67792 1480 262 426 572 29 76 61 160 299 74 152 33 48 29 14716 187 64 561 22 119 37 612 10 58 163 7 68 6 30 51
internal_value=0.0618889 -0.0703987 0.138266 0.0698855 -0.0858721 0.121343 -0.0273105 0.121923 -0.0504368 0.0730991 0.130165 0.0214612 -0.00918025 0.0657208 0.142501 0.120407 0.0537539 -0.0881578 -0.0423483 0.0288835 0.0948306 0.13289 0.0086952 0.111965 -0.0339635 -0.0233372 0.0818009 -0.0401417 0.155524 0.119373
internal_weight=19673.9 7201.19 12472.7 727.472 6663.46 537.737 253.669 473.804 222.405 94.4489 453.184 70.2582 55.8272 54.3539 11745.2 424.93 106.578 6569.01 88.1068 33.1491 20.0675 501.85 31.8748 60.725 28.503 45.8532 60.4788 35.8869 15.2285 65.9459
internal_count=88204 69902 18302 2844 68878 1024 1921 923 1860 317 763 380 347 191 15458 742 316 68561 769 208 89 756 162 122 192 194 144 268 52 125
is_linear=0
shrinkage=0.08


Tree=8
num_leaves=31
num_cat=0
split_feature=30 6 50 34 43 14 4 25 27 6 43 35 42 14 43 1 34 8 35 50 43 31 32 14 8 14 0 11 0 2
split_gain=26994.4 2711.58 484.697 506.768 346.968 243.121 109.949 102.142 89.6128 183.708 83.0512 79.4342 68.3065 49.4058 45.5964 52.6256 42.146 34.6564 32.9611 31.2801 81.7551 71.3057 37.7224 41.9996 28.8095 26.6955 26.6803 26.2325 18.8759 16.7439
threshold=57.993141174316413 92.501461029052749 0.47748649120330816 0.52714985609054577 1.0000000180025095e-35 0.64583334326744091 87.412868499755874 1.0000000180025095e-35 1.0000000180025095e-35 83.850597381591811 1.0000000180025095e-35 0.085166826844215407 1.0000000180025095e-35 0.31666667759418493 1.0000000180025095e-35 55.470087051391609 0.62593284249305736 43.288288116455085 0.29561458528041845 0.61843746900558483 1.0000000180025095e-35 73.547473907470717 0.38675214350223547 0.47727273404598242 28.778468132019047 0.47727273404598242 70.659969329833999 53.137254714965827 81.53021621704103 93.127067565917983
decision_type=2 2 2 2 2 2 2 2 2 2 2 2 2 2 2 2 2 2 2 2 2 2 2 2 2 2 2 2 2 2
left_child=1 5 3 6 -3 8 12 14 9 25 -7 -6 -2 -11 -5 16 -16 18 -14 20 -4 22 23 28 -18 -1 -27 -9 -22 -10
right_child=2 4 19 7 11 10 -8 27 29 13 -12 -13 17 -15 15 -17 24 -19 -20 -21 21 -23 -24 -25 -26 26 -28 -29 -30 -31
leaf_value=-0.086283725612371506 -0.086754413774742523 0.13119433348682916 0.13394324878986699 0.13253659830310749 -0.081313047196638011 0.1218642056540996 0.12304593628846776 -0.081564116836197909 -0.088428012087034866 -0.049231670236678883 -0.070131826512647502 0.091238800730397016 -0.065562957961482884 0.10550168067037126 -0.080874893849786744 0.13914203248726248 0.11813166456408394 0.12473971348256437 0.069905651053968537 0.13498793855446786 -0.097844488447096437 0.11716155306412646 0.11223188817988071 0.060044523420613345 -0.034036675643467844 0.13878079805374044 -0.044575272419565687 0.1940021459565677 0.089620753547608484 0.14255715526503623
leaf_weight=229.99082819372416 133.42395819723606 449.89682845026255 466.38206101953983 368.67079572379589 69.722325399518013 48.585099585354328 25.285275228321552 20.734116978943351 5800.3127395510674 17.461812421679497 20.50460634380579 22.612057566642761 32.351672507822514 54.19470189511776 18.085089944303036 40.75005429238081 24.474917724728584 14.044997483491896 17.830125562846661 10868.157328471541 30.163419134914875 90.307208076119423 18.511883363127708 25.020146325230598 11.802854195237158 6.3315333724021903 25.675054959952831 2.4747746661305419 3.879674330353736 2.009184665977954
leaf_count=2498 1403 694 630 504 721 97 53 178 65075 169 205 76 272 155 159 58 56 32 63 14409 158 154 35 64 58 35 166 8 8 11
internal_value=0.0590666 -0.0693575 0.130021 0.0658682 0.102203 -0.0843493 -0.0340301 0.1116 -0.0860297 -0.0457129 0.0648832 -0.0390563 -0.0541247 0.0677951 0.119796 0.0704105 0.0188898 0.0136598 -0.0174295 0.13398 0.116711 0.068839 0.0125855 -0.0186462 0.0686242 -0.0767574 -0.00830383 -0.0521804 -0.0764803 -0.088348
internal_weight=18959.6 6747.3 12212.4 709.929 542.231 6205.07 222.936 486.993 6135.98 333.654 69.0897 92.3344 197.651 71.6565 463.784 95.1129 54.3629 64.2268 50.1818 11502.4 634.264 167.882 77.5751 59.0632 36.2778 261.997 32.0066 23.2089 34.0431 5802.32
internal_count=88204 69902 18302 2844 1491 68411 1823 1021 68109 3023 302 797 1770 324 835 331 273 367 335 15458 1049 419 265 230 114 2699 201 186 166 65086
is_linear=0
shrinkage=0.08


Tree=9
num_leaves=31
num_cat=0
split_feature=30 51 52 32 53 4 45 33 45 32 1 20 30 31 6 33 5 14 33 51 51 19 36 36 1 14 45 25 20 4
split_gain=23654.7 2709.91 397.945 460.974 308.66 116.833 77.3593 59.3283 49.0229 48.4858 108.318 48.8483 43.7668 35.9125 34.8064 29.9624 129.382 41.8871 28.5285 26.6094 26.229 32.2084 27.3485 24.4466 22.5228 19.9446 19.8409 18.2368 28.5443 15.4003
threshold=57.993141174316413 80.133575439453139 58.397436141967781 0.41421568393707281 64.385288238525405 75.641345977783217 1.2424533367156985 0.24264705926179889 2.0397207736968999 0.21980676054954532 80.810150146484389 4.5000000000000009 74.443344116210952 84.523811340332045 89.167831420898452 0.32291667163372045 83.43881988525392 0.58571431040763866 0.82480818033218395 99.206348419189467 69.448268890380874 1.0000000180025095e-35 26.500000000000004 17.500000000000004 73.993556976318374 0.47727273404598242 1.2424533367156985 1.0000000180025095e-35 4.5000000000000009 74.917758941650405
decision_type=2 2 2 2 2 2 2 2 2 2 2 2 2 2 2 2 2 2 2 2 2 2 2 2 2 2 2 2 2 2
left_child=1 4 3 6 15 -3 12 23 27 10 11 25 13 -2 19 20 17 -17 29 -7 -1 -22 -23 -6 -24 26 -4 -5 -29 -10
right_child=2 5 9 8 7 14 -8 -9 18 -11 -12 -13 -14 -15 -16 16 -18 -19 -20 -21 21 22 24 -25 -26 -27 -28 28 -30 -31
leaf_value=-0.087588742762692698 -0.091572764891095768 -0.063343574513469572 0.092064526577726569 0.12283947522120876 -0.071739129284855624 0.01874000683305424 -0.085579692310590247 0.11633298558485487 -0.037226565282488529 0.12746081998864198 0.12120871364164297 -0.079271104519090904 0.07471822867627409 0.098435294588831226 0.12390198109026145 -0.08436864161415672 0.30382820413619971 0.1763590755763918 0.10554585683039962 0.12082236230064451 -0.083209049325392345 -0.091726786724143153 -0.039718151495147923 0.10565286744749525 0.1266826256914112 0.1079857897120844 -0.0783434642221921 0.11525275318679443 -0.085760575122819746 0.13607599779012472
leaf_weight=5560.3835198432207 26.969293430447578 24.548165448009968 7.7510441988706615 331.81142589449883 20.302360914647583 38.683962240815163 113.08908735215664 55.875663876533508 26.259241901338104 10981.403012529016 224.83513755351305 26.361049868166447 41.114285707473755 8.3333522975444776 426.1209879219532 64.654695853590965 6.5418505296111098 4.199688307940959 21.26870072633028 28.296206876635551 48.254878155887127 9.8430845588445646 8.0527285635471362 6.5845231637358657 14.725269988179205 23.727832607924938 10.033025421202181 12.691193461418154 7.0230990275740615 3.7503956556320182
leaf_count=67031 266 210 20 490 152 170 1261 103 185 15157 340 188 119 27 603 767 15 16 40 41 561 93 53 26 61 45 84 30 45 5
internal_value=0.0566719 -0.0683863 0.123246 0.0593305 -0.0840406 0.106995 -0.0435633 0.0693476 0.107739 0.126604 0.0944701 0.00589592 0.0186167 -0.0467205 0.115475 -0.0862613 -0.0361633 -0.0684659 0.0346661 0.0618654 -0.0869309 -0.0416999 0.0197027 -0.0282963 0.0678548 0.059979 -0.00407251 0.118398 0.043643 -0.0155684
internal_weight=18183.5 6317.07 11866.4 592.31 5799.42 517.649 189.506 82.7625 402.804 11274.1 292.708 67.873 76.4169 35.3026 493.101 5716.66 75.3962 68.8544 51.2783 66.9802 5641.26 80.876 32.6211 26.8869 22.778 41.5119 17.7841 351.526 19.7143 30.0096
internal_count=88204 69902 18302 2468 68878 1024 1673 281 795 15834 677 337 412 293 814 68597 798 783 230 211 67799 768 207 178 114 149 104 565 75 190
is_linear=0
shrinkage=0.08


Tree=10
num_leaves=31
num_cat=0
split_feature=33 6 8 35 51 45 35 45 50 35 13 6 20 51 6 20 33 43 50 1 50 2 28 51 11 15 51 6 11 50
split_gain=20774.9 2478.63 331.2 319.661 287.042 241.478 158.539 100.519 73.1501 66.3385 49.5358 35.3221 22.4716 21.0455 33.1685 23.2436 20.3039 31.6835 19.9961 34.7955 19.4739 18.6556 20.4925 17.7243 15.6789 18.298 13.9779 13.8356 13.0524 11.0039
threshold=0.38675214350223547 91.524772644042983 41.612554550170906 0.55395013093948375 80.133575439453139 1.2424533367156985 0.085166826844215407 1.2424533367156985 0.47748649120330816 0.33503401279449468 0.73214286565780651 68.330669403076186 5.5000000000000009 69.448268890380874 84.921855926513686 4.5000000000000009 0.86190477013587963 1.0000000180025095e-35 0.34288127720355993 79.743591308593764 0.50817951560020458 87.20676422119142 65.599384307861342 33.351634979248054 64.611003875732436 0.050641026347875602 55.558620452880866 75.38224029541017 44.097221374511726 0.61843746900558483
decision_type=2 2 2 2 2 2 2 2 2 2 2 2 2 2 2 2 2 2 2 2 2 2 2 2 2 2 2 2 2 2
left_child=1 4 3 7 8 -3 -7 9 13 20 28 -12 -10 -1 -15 -16 17 -5 19 23 26 22 -8 -4 25 -19 -2 -9 -6 -20
right_child=2 5 18 16 10 6 21 27 12 -11 11 -13 -14 14 15 -17 -18 24 29 -21 -22 -23 -24 -25 -26 -27 -28 -29 -30 -31
leaf_value=-0.086741282655377477 -0.072198678825983881 0.11590565692482263 -0.088638090446057416 0.10771671685276273 -0.073585706147383578 -0.081216086982822122 -0.038729947350251905 -0.082777944960804734 0.067205017675311271 0.088110196206338878 -0.093718459475097368 0.094136225209572905 -0.054584311483577903 -0.074685820794656382 0.13100577705335822 -0.056235129294170315 0.12081537185059636 0.047256544449773001 0.11202429457831904 0.13294619782458034 0.094520118308875786 0.11993557580497113 0.13011937967628964 0.074622561749198693 0.13941285971940684 -0.074537785501908857 0.052473296879642847 0.092684875388663684 0.030830951162122339 0.12231012068387084
leaf_weight=5195.0315760448575 38.164599262177944 464.78786586225033 10.078164950013162 84.418373703956604 22.324715800583363 76.755359701812267 12.077038548886778 96.538612149655819 25.51095625013113 62.250807628035545 7.0247583240270606 72.71786355227232 15.640693008899687 50.967346169054508 10.193910934031011 7.268535614013671 217.07518999278545 19.864065460860729 712.89651574194431 21.140025414526463 6.523120552301406 42.925608836114407 7.4305020272731772 7.3666550591588011 6.003857046365737 13.101502962410448 6.7776401042938224 2.96444397419691 11.665325671434401 10045.033825799823
leaf_count=67248 366 767 124 133 190 918 70 1004 75 141 60 170 89 595 35 71 315 75 1250 31 11 79 11 29 9 80 19 10 40 14189
internal_value=0.0546028 -0.0654986 0.118328 0.0579821 -0.0826339 0.088224 -0.00421265 -0.0188294 -0.08533 0.0325522 0.0431179 0.0775876 0.020916 -0.0861607 -0.0420844 0.053069 0.106086 0.0801735 0.121422 0.0639343 -0.034649 0.0904554 0.0255855 -0.0196959 0.0205075 -0.00114817 -0.0533972 -0.0775505 -0.0377501 0.121629
internal_weight=17372.5 6022.32 11350.2 553.682 5418.35 603.976 139.189 213.219 5304.61 113.716 113.733 79.7426 41.1516 5263.46 68.4298 17.4624 340.463 123.388 10796.5 38.5848 51.4654 62.4331 19.5075 17.4448 38.9694 32.9656 44.9422 99.5031 33.99 10757.9
internal_count=88204 70418 17786 2163 68573 1845 1078 1551 68113 537 460 230 164 67949 701 106 612 297 15623 184 396 160 81 153 164 155 385 1014 230 15439
is_linear=0
shrinkage=0.08


Tree=11
num_leaves=31
num_cat=0
split_feature=30 51 50 34 50 4 6 25 44 2 44 45 1 33 11 51 10 52 36 4 25 11 33 50 45 13 20 11 6 44
split_gain=18492.4 2225.85 350.468 371.654 274.289 102.812 90.8956 87.3951 63.7236 44.6253 36.2116 31.3026 44.2292 42.7069 30.1411 28.1814 30.0141 25.7465 24.2687 23.1398 20.1425 25.2056 20.6129 19.1103 58.7856 49.6035 45.3364 27.3812 18.9496 72.6159
threshold=57.993141174316413 80.133575439453139 0.50817951560020458 0.52714985609054577 0.45215012133121496 87.412868499755874 77.279216766357436 1.0000000180025095e-35 1.0000000180025095e-35 87.20676422119142 -1.0000000180025095e-35 1.2424533367156985 56.949806213378913 0.77350428700447094 78.416149139404311 69.448268890380874 1.0000000180025095e-35 93.127067565917983 26.500000000000004 89.683315277099624 1.0000000180025095e-35 88.444442749023452 0.42261904478073126 0.61843746900558483 1.7005987167358401 0.21111111342906955 5.5000000000000009 44.097221374511726 95.210388183593764 1.0000000180025095e-35
decision_type=2 2 2 2 2 2 2 2 2 2 2 2 2 2 2 2 2 2 2 2 2 2 2 2 2 2 2 2 2 2
left_child=1 4 3 5 15 8 -3 11 -2 10 -6 -5 13 -13 -9 28 -17 19 -18 -8 22 -22 -10 24 -4 -26 27 -27 -1 -30
right_child=2 6 23 7 9 -7 17 14 20 -11 -12 12 -14 -15 -16 16 18 -19 -20 -21 21 -23 -24 -25 25 26 -28 -29 29 -31
leaf_value=-0.086188498935992244 -0.083245363863924171 -0.033868195855730761 0.11668624421960166 0.1148790063187111 -0.07824663253715787 0.10123647238070099 0.003152181698501468 -0.072480965596971467 -0.08973244858576776 0.10488435745673018 0.086921185792508862 -0.070684771702802421 0.12186460990917032 0.076665845222007478 0.13091515506292412 -0.081266816420372465 -0.090501012468107905 0.11423942369195547 0.062347183797252445 0.094933014687851869 -0.084470535614652079 0.14008903576766124 0.068618843281178635 0.11729818215237173 0.11474025294033789 -0.060367216778566352 -0.094951561142785301 0.08103285839846916 -0.063618269931308563 0.31634901326913506
leaf_weight=4828.3648054748774 123.86968584358692 32.019059143960476 369.30002865195274 395.20128720998764 21.044607847929001 34.221051372587681 26.56054475903511 24.889782667160038 6.1306720599532118 52.219747044146061 14.24612185359001 22.09105645865202 45.08670648932457 29.26505259424448 5.7377933636307707 42.235061518847942 9.1727888435125333 377.65660858154297 24.15565175563097 51.999706014990807 19.01556466519833 3.8460178822278968 37.091820105910301 9787.2020663619041 47.290670603513718 11.341341949999331 19.495906919240952 38.577112019062042 40.690799698233604 3.4955124855041495
leaf_count=67280 1465 268 544 588 186 72 106 206 71 97 34 205 66 71 11 558 96 563 115 87 171 6 129 14409 73 51 89 75 506 6
internal_value=0.0527997 -0.0666637 0.112684 0.0597558 -0.0824764 -0.026406 0.0964269 0.096739 -0.0494013 0.0579205 -0.0115719 0.104907 0.0640442 0.0132823 -0.0343766 -0.0849594 -0.0364782 0.105571 0.0202797 0.0639027 0.0140368 -0.0466927 0.0461583 0.116529 0.101045 0.0515517 0.00850259 0.0489071 -0.0857112 -0.0335596
internal_weight=16543.5 5523.86 11019.7 746.446 5035.63 224.175 488.236 522.272 189.954 87.5105 35.2907 491.644 96.4428 51.3561 30.6276 4948.11 75.5635 456.217 33.3284 78.5603 66.0841 22.8616 43.2225 10273.2 486.005 116.705 69.4144 49.9185 4872.55 44.1863
internal_count=88204 69902 18302 3061 68878 1914 1024 1147 1842 317 220 930 342 276 217 68561 769 756 211 193 377 177 200 15241 832 288 215 126 67792 512
is_linear=0
shrinkage=0.08


Tree=12
num_leaves=31
num_cat=0
split_feature=33 8 51 8 34 44 35 11 44 50 35 29 8 5 42 34 44 33 5 31 7 35 52 42 21 27 12 7 33 27
split_gain=16399 2027.91 291.994 274.961 274.758 170.527 130.847 98.3486 89.1371 72.8417 55.1946 26.8576 26.4917 25.8072 23.2405 20.516 24.9619 18.7605 17.9842 17.8153 14.1875 13.7957 53.8253 82.9681 13.7927 13.2747 12.9764 12.63 12.0099 11.3573
threshold=0.38675214350223547 83.910789489746108 75.809822082519545 45.035211563110359 0.63714733719825756 -1.0000000180025095e-35 0.085166826844215407 48.714567184448249 -1.0000000180025095e-35 0.47748649120330816 0.33503401279449468 60.440891265869148 59.885057449340827 49.018096923828132 1.0000000180025095e-35 0.7897985875606538 -1.0000000180025095e-35 0.65476191043853771 92.40384674072267 60.312566757202156 89.512962341308608 0.29561458528041845 80.259738922119155 1.0000000180025095e-35 0.42997199296951299 77.976760864257827 87.029411315917983 88.185440063476577 0.82480818033218395 25.828395843505863
decision_type=2 2 2 2 2 2 2 2 2 2 2 2 2 2 2 2 2 2 2 2 2 2 2 2 2 2 2 2 2 2
left_child=1 2 9 4 8 6 29 20 13 18 17 14 -9 -2 19 16 24 26 -1 -11 -4 22 23 -5 -6 -26 -10 -8 -27 -3
right_child=3 5 7 21 15 -7 27 12 10 11 -12 -13 -14 -15 -16 -17 -18 -19 -20 -21 -22 -23 -24 -25 25 28 -28 -29 -30 -31
leaf_value=-0.085300282176333217 -0.080583393567323344 0.050812882247414828 -0.068707875300647245 -0.07695872933677543 0.082262199526031365 0.1074012041832732 0.01796496072522568 -0.011113246666315798 -0.069658429102715025 0.038080856542778208 0.085317155429386421 0.10691199548539158 0.098692153657247317 0.060021620479121456 0.12909970044774915 0.11084166425550224 0.094200676283458851 0.051703139275579756 0.11730614589836616 -0.10998654198620926 0.10429178432240069 0.11314906152789686 0.10920361540609863 0.12023295466551202 -0.11177579828515873 -0.034745457855842085 0.10004958171245826 0.10905738607475128 0.11198893065103854 -0.087642973730007581
leaf_weight=4533.0906787514687 95.307317771017551 4.0475479736924163 48.863333612680435 26.576438397169113 12.224435932934282 418.13713673502207 12.563449867069719 17.166931316256523 34.967976734042168 7.8486371189355912 61.67802058160305 14.745316147804258 77.742800883948803 9.1571671441197378 5.0632029175758353 254.92082035541534 84.263590827584267 14.332668051123617 2.8056493178009978 15.414459288120268 3.2346862256526938 9404.3061756491661 384.4342393502593 28.088148690760136 7.3246136158704784 9.7291841059923154 3.1427290812134734 43.366192638874054 5.6389848738908759 59.981789372861385
leaf_count=67773 1077 30 488 229 33 744 54 80 367 28 135 29 150 39 7 401 145 43 5 111 6 14515 623 52 53 57 6 82 11 831
internal_value=0.0512472 -0.063874 -0.0806287 0.109316 0.056396 0.0832792 -0.000802018 0.0303513 -0.0148624 -0.0841917 0.0340151 0.019354 0.0788309 -0.0682582 -0.0262245 0.0980319 0.0706325 -0.0263206 -0.085175 -0.0600307 -0.0579666 0.112502 0.0986417 0.0243637 0.0137569 -0.0231464 -0.0556638 0.0885953 0.0190952 -0.0788906
internal_weight=15700.2 5264.07 4725.98 10436.1 592.688 538.096 119.959 147.008 218.586 4578.97 114.121 43.0716 94.9097 104.464 28.3263 374.102 119.181 52.4434 4535.9 23.2631 52.098 9843.41 439.099 54.6646 34.9172 22.6928 38.1107 55.9296 15.3682 64.0293
internal_count=88204 70418 68677 17786 2367 1741 997 724 1667 67953 551 175 230 1116 146 700 299 416 67778 139 494 15419 904 281 154 121 373 136 68 861
is_linear=0
shrinkage=0.08


Tree=13
num_leaves=31
num_cat=0
split_feature=30 51 8 34 53 45 8 11 30 7 32 42 33 6 33 8 51 19 45 30 27 36 20 29 8 45 21 52 0 0
split_gain=14732.5 1842.65 287.524 274.189 219.122 91.6415 72.7986 49.3639 47.0568 99.0452 41.7856 39.2306 38.412 30.3103 30.066 80.7695 26.2853 24.7562 22.7465 22.0682 19.9055 18.4435 18.3326 16.6043 16.5231 31.7418 16.0953 20.6586 16.524 15.8288
threshold=57.993141174316413 80.133575439453139 45.035211563110359 0.62593284249305736 64.385288238525405 1.2424533367156985 80.277778625488295 48.714567184448249 69.360546112060561 68.457099914550795 0.26491229236125952 1.0000000180025095e-35 0.24264705926179889 81.67450332641603 0.32291667163372045 70.647651672363295 69.448268890380874 1.0000000180025095e-35 2.0397207736968999 92.356376647949233 20.42305946350098 17.500000000000004 4.5000000000000009 44.392032623291023 77.459678649902358 1.9729550480842593 0.40175439417362219 57.735042572021491 27.842377662658695 82.807880401611342
decision_type=2 2 2 2 2 2 2 2 2 2 2 2 2 2 2 2 2 2 2 2 2 2 2 2 2 2 2 2 2 2
left_child=1 4 3 5 14 10 7 -3 9 11 -2 29 21 -7 16 -16 -1 -18 -5 -20 22 -6 -19 -17 25 -11 -12 28 -28 -4
right_child=2 6 8 18 12 13 -8 -9 -10 24 26 -13 -14 -15 15 23 17 20 19 -21 -22 -23 -24 -25 -26 -27 27 -29 -30 -31
leaf_value=-0.085101152104643724 -0.050830967221681275 -0.056340620396981116 -0.079122221053620753 0.099665364418572586 -0.07107041810888641 -0.083234686704388924 0.10440231804242382 0.067362729230406787 0.1093409731691572 0.11218078470594335 0.1148202278492671 0.094124424545442981 0.093744364778376416 0.08739814274969078 -0.072563155878208066 0.26743015971744954 -0.079473304819766236 0.10007301392225948 -0.044523523782790279 0.079372689105838015 -0.090578965012347648 0.084853818096024991 -0.054870801457226205 0.07637110197750499 0.10766560290463423 -0.056469898776320637 0.049131506426717507 0.099210443130064302 -0.064484485229564514 0.14438504115900092
leaf_weight=4157.8478001952171 28.772056557238102 31.634574331343174 35.667872250080109 327.82353346794844 17.715066410601143 102.4519704580307 362.39367438107729 59.43331091850996 9194.3949841633439 17.490377694368366 25.012934200465679 13.122126772999762 50.899297103285789 7.1260401830077162 50.03953080624342 5.1700948737561685 37.277572579681873 16.518465191125877 14.138376548886297 26.346823111176491 8.1981930658221227 6.6880230456590644 6.9406156018376342 6.6628452576696873 187.4047684520483 12.071809358894823 18.133945226669312 21.031656190752983 14.943703427910803 2.1501348018646231
leaf_count=67031 270 282 368 587 152 1307 601 141 14931 29 44 26 103 28 752 14 561 48 90 60 92 26 67 32 307 57 56 39 100 3
internal_value=0.049866 -0.065154 0.105011 0.0506213 -0.081103 -0.0206068 0.0883339 0.0243915 0.108378 0.0753279 0.0317287 -0.02506 0.0541817 -0.0721382 -0.0834784 -0.0281149 -0.0842888 -0.0352933 0.0926787 0.0361052 0.0167302 -0.0283371 0.0542313 0.159849 0.0988973 0.0433118 0.0617508 0.0372186 -0.00219753 -0.0664148
internal_weight=14865.5 4817.42 10048.1 585.781 4363.96 217.472 453.462 91.0679 9462.3 267.907 107.894 50.9401 75.3024 109.578 4288.66 61.8725 4226.78 68.9348 368.309 40.4852 31.6573 24.4031 23.4591 11.8329 216.967 29.5622 79.1222 54.1093 33.0776 37.818
internal_count=88204 69902 18302 2581 68878 1844 1024 423 15721 790 509 397 281 1335 68597 798 67799 768 737 150 207 178 115 46 393 86 239 195 156 371
is_linear=0
shrinkage=0.08


Tree=14
num_leaves=31
num_cat=0
split_feature=30 51 50 34 50 44 25 6 8 4 2 20 2 51 43 19 45 1 33 50 6 32 36 21 36 1 11 11 4 31
split_gain=13211.5 1677.65 277.287 278.797 216.285 91.8455 70.3306 68.4734 50.6305 44.8266 35.5314 35.3841 31.6511 27.9061 27.5874 24.7073 23.3822 34.1143 37.5759 19.8453 18.9627 47.5921 21.3385 18.0557 17.7294 16.6536 14.5002 14.2313 13.1914 13.1305
threshold=57.993141174316413 80.133575439453139 0.54305469989776622 0.5113695263862611 0.45215012133121496 1.0000000180025095e-35 1.0000000180025095e-35 89.167831420898452 39.780220031738288 86.749614715576186 86.70682525634767 4.5000000000000009 87.20676422119142 69.448268890380874 1.0000000180025095e-35 1.0000000180025095e-35 1.2424533367156985 56.949806213378913 0.77350428700447094 0.4324555397033692 95.210388183593764 0.053342817351222045 27.500000000000004 0.36899313330650335 26.500000000000004 73.993556976318374 71.714286804199233 44.097221374511726 48.117729187011726 88.623924255371108
decision_type=2 2 2 2 2 2 2 2 2 2 2 2 2 2 2 2 2 2 2 2 2 2 2 2 2 2 2 2 2 2
left_child=1 4 3 5 13 9 16 10 23 -2 27 19 14 20 -6 -15 -5 18 -18 -8 -1 -22 -23 -7 -17 -26 29 -3 -20 -25
right_child=2 7 -4 6 12 8 11 -9 -10 -11 -12 -13 -14 15 -16 24 17 -19 28 -21 21 22 -24 26 25 -27 -28 -29 -30 -31
leaf_value=-0.08453000137478997 -0.084188785848406805 -0.048804669356654319 0.10593132555885841 0.10310793315270207 0.074442779599267206 0.099175645075698982 -0.091196162523553545 0.10005834827359877 0.10048611328049253 0.036306861853124206 0.10709256195401878 -0.087964877559615462 0.090165696636428358 -0.078525433799280592 -0.075711076781654216 -0.088888257645646548 -0.06771904679330519 0.10858842545029232 0.10191892262219042 0.093721321242512909 -0.077864659331479805 0.026013444190070342 0.27170199113885468 -0.072786083706796748 -0.043395237511333951 0.097293307322104922 0.13253841237822594 0.028425250721871707 -0.009016432358105942 0.10650157054466218
leaf_weight=3873.1587039716542 107.96972223371267 31.979885250329971 8770.3436420112848 411.17955613136292 13.559592254459856 6.8396506980061522 4.6499752067029503 352.94560232758522 46.650003284215927 24.18554675206542 21.760120622813702 20.448174104094505 48.429541580379009 34.810170944780111 18.536055855453014 7.4963380694389334 20.802308887243271 49.369626350700855 23.4429951608181 18.459740459918976 29.676646176725626 5.3578742854297143 3.9160151258111 30.342049356549978 7.9697966948151615 16.602130576968193 2.790328621864318 29.226001404225826 9.6980650424957258 2.8608229905366889
leaf_count=67280 1451 284 14977 700 34 22 53 606 96 84 39 181 97 561 186 93 228 83 41 51 459 40 13 288 53 62 4 95 37 6
internal_value=0.0486338 -0.0644539 0.101867 0.0561475 -0.0804686 -0.0197606 0.0862955 0.0846857 0.0428242 -0.062137 0.0192891 -0.0113116 0.049335 -0.0830955 -0.0122749 -0.0318547 0.0945591 0.0605355 0.0165568 0.0565135 -0.0839715 -0.0284308 0.129758 -0.0199764 0.0188064 0.0516616 -0.0426184 -0.0119271 0.0694559 -0.0573383
internal_weight=14045.5 4495.42 9550.03 779.689 4059.51 221.638 558.05 435.912 89.4829 132.155 82.966 43.5579 80.5252 3978.99 32.0956 66.8784 514.493 103.313 53.9434 23.1097 3912.11 38.9505 9.27389 42.8329 32.0683 24.5719 35.9932 61.2059 33.1411 33.2029
internal_count=88204 69902 18302 3325 68878 1951 1374 1024 416 1535 418 285 317 68561 220 769 1089 389 306 104 67792 512 53 320 208 115 298 379 78 294
is_linear=0
shrinkage=0.08


Tree=15
num_leaves=31
num_cat=0
split_feature=30 51 50 34 50 45 52 25 8 4 8 21 4 51 12 19 45 1 33 12 6 32 21 49 36 27 1 3 45 31
split_gain=11882.4 1529.34 256.945 248.624 200.158 83.3611 63.8973 63.3982 50.4391 34.2975 28.6807 28.4357 27.9384 27.5808 23.7137 22.6268 21.6931 30.8877 32.8952 19.6178 18.6384 40.4826 16.7389 16.0905 15.5162 13.794 13.6347 13.5496 12.7847 13.8658
threshold=57.993141174316413 80.133575439453139 0.54305469989776622 0.5113695263862611 0.45215012133121496 1.2424533367156985 93.127067565917983 1.0000000180025095e-35 44.092720031738288 89.683315277099624 81.302967071533217 0.92637759447097789 84.82358551025392 69.448268890380874 88.77500152587892 1.0000000180025095e-35 1.2424533367156985 56.949806213378913 0.77350428700447094 96.515151977539077 95.210388183593764 0.053342817351222045 0.39339827001094824 38.988380432128913 26.500000000000004 59.66327095031739 73.993556976318374 75.905715942382827 2.2499048709869389 58.691005706787116
decision_type=2 2 2 2 2 2 2 2 2 2 2 2 2 2 2 2 2 2 2 2 2 2 2 2 2 2 2 2 2 2
left_child=1 4 3 5 13 8 9 16 22 -3 -6 14 -7 20 -9 -15 -5 18 -18 -14 25 -22 -2 -23 -17 -1 -26 -21 -12 -30
right_child=2 6 -4 7 10 12 -8 11 -10 -11 28 -13 19 15 -16 24 17 -19 -20 27 21 23 -24 -25 26 -27 -28 -29 29 -31
leaf_value=-0.084178018691149201 0.067913148827990266 -0.019131337204710774 0.10315849574060552 0.099848307857895904 -0.033811440624110248 -0.088123642427002088 0.098727612505154452 -0.093856116267378942 0.091244199155529962 0.075739005245555088 0.098128102582471094 0.082612409501078274 0.1479894206394593 -0.077585178849793865 0.089059847548121782 -0.088157338767266349 -0.065739152913482604 0.10502148059598261 0.065110453512428487 -0.10544015541136258 -0.076814445335189496 0.22840225554295807 -0.044401157051419116 0.021973795238053612 -0.040941845367130296 0.10920676561114685 0.086812148435499115 0.03215770947230398 0.097278912930232928 -0.057600764027116558
leaf_weight=3592.5650269761682 10.667372070252894 52.533433705568314 8304.6597083359957 391.44541969150305 20.808164674788713 86.939225185662508 319.92468022555113 22.537120100110773 49.34257859364152 45.52132374048233 42.586769379675388 13.942059911787508 5.1490539461374309 32.507587350904942 5.6790465116500846 6.9750268124043968 19.757804378867149 47.057650536298752 32.558868281543255 8.188642196357252 27.754455842077732 4.2914923280477506 41.654907718300819 5.5316072218120098 7.7796537801623371 2.3621691204607478 17.095664530992508 10.393717445433138 6.7289116755127898 8.216973200440405
leaf_count=67256 38 362 14977 700 186 1335 575 225 105 87 78 48 8 561 12 93 228 83 78 67 459 14 361 39 53 24 62 37 14 39
internal_value=0.0475386 -0.0637878 0.0991202 0.0541238 -0.0798638 -0.0190803 0.081411 0.0832879 0.0332185 0.0249116 0.0466766 -0.0108563 -0.0671232 -0.0825453 -0.0570408 -0.0306319 0.0913743 0.0579941 0.0156941 0.00981113 -0.0834651 -0.0274155 -0.0215027 0.112158 0.0172902 -0.0840509 0.0468576 -0.0284772 0.0757872 0.0121289
internal_weight=13243.2 4193.18 9049.97 745.313 3775.2 212.335 417.979 532.978 101.665 98.0548 78.3408 42.1582 110.671 3696.86 28.2162 64.3579 490.82 99.3743 52.3167 23.7314 3632.5 37.5776 52.3223 9.8231 31.8503 3594.93 24.8753 18.5824 57.5327 14.9459
internal_count=88204 69902 18302 3325 68878 1951 1024 1374 504 449 317 285 1447 68561 237 769 1089 389 306 112 67792 512 399 53 208 67280 115 104 131 53
is_linear=0
shrinkage=0.08


Tree=16
num_leaves=31
num_cat=0
split_feature=30 6 8 29 43 27 4 45 30 7 35 32 6 42 2 14 4 33 16 28 8 45 29 1 36 3 45 4 30 28
split_gain=10711.1 1295.85 238.055 210.926 145.69 143.727 132.056 81.3014 41.2997 75.1124 40.8319 36.6126 28.1257 27.9616 22.7103 21.0009 16.8453 16.3551 16.1587 15.8951 15.6285 26.316 15.5972 15.2702 14.6759 13.1648 12.8771 12.325 12.2716 12.0142
threshold=57.993141174316413 92.000732421875014 45.035211563110359 83.034858703613295 1.0000000180025095e-35 1.0000000180025095e-35 75.641345977783217 1.2424533367156985 69.360546112060561 68.457099914550795 0.085166826844215407 0.26491229236125952 75.38224029541017 1.0000000180025095e-35 95.101959228515639 0.47727273404598242 83.837310791015639 0.89736840128898632 0.15047170221805575 69.49753570556642 77.459678649902358 1.9729550480842593 59.026268005371101 76.123405456542983 9.5000000000000018 80.901721954345717 2.0397207736968999 93.85471343994142 96.56854629516603 84.011833190917983
decision_type=2 2 2 2 2 2 2 2 2 2 2 2 2 2 2 2 2 2 2 2 2 2 2 2 2 2 2 2 2 2
left_child=1 5 3 7 -3 6 -1 11 9 13 -6 25 17 27 19 16 -8 -9 -18 -7 21 -11 -23 -20 -12 -2 -5 -4 -28 -13
right_child=2 4 8 26 10 14 15 12 -10 20 24 29 -14 -15 -16 -17 18 -19 23 -21 -22 22 -24 -25 -26 -27 28 -29 -30 -31
leaf_value=-0.074968306857019065 -0.076772028769503758 0.09321519832428353 -0.077116076179166632 0.095766197581298243 -0.074815084499186502 -0.083712377205724872 -0.083532762806029559 -0.081463978847971449 0.10104082065202644 0.10044428164333163 -0.04377775645174644 0.034260160627416818 0.071003935910689597 0.077592228679797856 0.28404290231053653 0.062649658936950653 0.25723110384214459 0.14516926147281786 -0.068698994026809651 0.11673618891116659 0.098561112760945285 -0.13487268160228763 0.054723287629564243 0.070272535165753477 0.098075485292734549 0.09189292273319255 -0.0021162748103150789 0.12780157541989615 0.10263527741486417 0.094420532919603242
leaf_weight=135.26249362155795 22.065821200609211 339.24067378789186 30.739057365804911 254.79224723577499 48.038335029035807 3242.9604656733572 12.959176078438757 95.686265654861927 7809.5961319878697 15.710101842880251 6.6348399221897152 66.24184288084507 9.0197164453566057 12.131804272532461 1.075967751443385 83.170556612312794 1.8535622321069265 2.0822602510452262 8.861850820481779 2.5338320396840563 160.5917287543416 6.9050082899630052 4.6450245603919029 11.795951813459395 15.743624348193405 3.4208834916353217 17.744042195379734 2.0007521510124198 11.996569171547891 31.275232568383217
leaf_count=2473 263 709 368 504 823 65187 179 1366 14931 29 45 235 34 26 4 242 16 3 101 19 307 42 15 60 44 6 89 3 21 60
internal_value=0.0465494 -0.0631457 0.0966767 0.0439114 0.0714792 -0.0789007 -0.0209347 -0.0130965 0.100051 0.0668413 -0.0332362 0.0312413 -0.0641669 -0.0261511 -0.0834341 0.040669 -0.0108707 -0.0766372 0.0309588 -0.0835559 0.0890541 0.0330477 -0.0586237 0.0106561 0.0560184 -0.0541334 0.0899517 -0.0645934 0.0401377 0.0535545
internal_weight=12466.8 3910.13 8556.64 514.325 409.657 3500.47 253.904 229.792 8042.32 232.723 70.4168 123.004 106.788 44.8716 3246.57 118.641 35.4705 97.7685 22.5114 3245.49 187.852 27.2601 11.55 20.6578 22.3785 25.4867 284.533 32.7398 29.7406 97.5171
internal_count=88204 69902 18302 2581 1621 68281 3071 1967 15721 790 912 564 1403 397 65210 598 356 1369 177 65206 393 86 57 161 89 269 614 371 110 295
is_linear=0
shrinkage=0.08


Tree=17
num_leaves=31
num_cat=0
split_feature=30 51 50 34 48 42 52 25 8 5 11 51 15 7 45 14 19 2 1 3 7 29 51 5 35 36 36 29 32 14
split_gain=9672.72 1275.63 229.588 205.331 179.2 64.3519 58.8615 55.8065 36.0635 31.8596 29.791 27.4741 26.9807 21.7371 20.2396 19.8947 19.451 18.6866 18.456 34.1052 17.831 16.9089 14.9147 14.3747 27.3397 16.6437 13.0193 12.5819 12.2462 12.182
threshold=57.993141174316413 80.133575439453139 0.54305469989776622 0.52714985609054577 62.838853836059577 1.0000000180025095e-35 93.127067565917983 1.0000000180025095e-35 44.092720031738288 69.631092071533217 44.097221374511726 69.448268890380874 0.36297760903835302 44.562646865844734 2.2499048709869389 0.13392857462167743 1.0000000180025095e-35 75.716625213623061 56.949806213378913 33.549783706665046 88.185440063476577 83.486705780029311 59.540592193603523 94.494949340820327 0.039270766079425819 9.5000000000000018 26.500000000000004 59.026268005371101 0.23904761672019961 0.47727273404598242
decision_type=2 2 2 2 2 2 2 2 2 2 2 2 2 2 2 2 2 2 2 2 2 2 2 2 2 2 2 2 2 2
left_child=1 4 3 5 11 12 10 18 22 28 -3 23 -2 -9 -11 -14 -13 -12 19 21 -16 -5 -7 -1 -25 -26 -18 -17 -6 -29
right_child=2 6 -4 7 9 8 -8 13 -10 14 17 16 15 -15 20 27 26 -19 -20 -21 -22 -23 -24 24 25 -27 -28 29 -30 -31
leaf_value=-0.083353412016226841 -0.077291546518875445 -0.043835958579898499 0.098568454977822087 0.036406493277797394 -0.079466862965788171 -0.031484982321881697 0.093358722068550379 -0.097626909050246069 0.094829014103852194 0.088475980177541588 -0.013448727294413187 -0.075772419213291961 0.12011287615822892 0.031358998354040428 -0.095608450879943505 -0.073091402464771346 -0.087456063050138685 0.081010792076273375 0.1013013731689565 -0.041195269046881221 0.057241549963458489 0.093896593665607306 0.081257125547147632 -0.085164157624681353 -0.08875957738070088 0.13470414576911191 0.041669311548314263 -0.03424626277705848 0.16448492472298978 0.12340021374794757
leaf_weight=3088.5210404656827 86.783703058958054 30.917493127286434 7394.4411770552397 44.417065609246492 16.391340546309952 38.294191770255566 289.64900498837233 13.35608236864209 38.382120467722416 47.998678497970104 19.333743840456009 28.470736596733332 7.5818442404270163 22.361341718584299 8.4516610838472861 15.909980788826944 6.2539570331573513 43.698129251599312 250.58103919029236 16.657295029610395 11.573184117674826 124.56969121098518 9.3416545242071134 19.078608259558681 2.9262072481214982 7.8704673573374748 24.872329346835613 7.3058794625103456 1.4320133328437794 5.4978876262903214
leaf_count=67135 1411 285 14977 204 252 332 575 150 75 148 72 561 12 100 99 123 93 92 484 97 27 259 19 358 40 48 115 49 2 10
internal_value=0.045637 -0.0624907 0.0944748 0.0500273 -0.07871 -0.0159662 0.0755112 0.0792661 0.0371216 0.0353434 0.0204867 -0.0817909 -0.0530683 -0.0168737 0.0602901 0.00485006 -0.0279851 0.0520373 0.0871379 0.0680202 -0.00727013 0.0787857 -0.00937563 -0.0828192 -0.0275933 0.0741391 0.0157252 -0.025585 -0.0598666 0.0334465
internal_weight=11722.9 3647.44 8075.48 681.04 3263.84 209.097 383.598 471.943 86.018 85.8469 93.9494 3177.99 123.079 35.7174 68.0235 36.2956 59.597 63.0319 436.225 185.644 20.0248 168.987 47.6358 3118.4 29.8753 10.7967 31.1263 28.7137 17.8234 12.8038
internal_count=88204 69902 18302 3325 68878 2031 1024 1294 426 528 449 68350 1605 250 274 194 769 164 1044 560 126 463 351 67581 446 88 208 182 254 59
is_linear=0
shrinkage=0.08


Tree=18
num_leaves=31
num_cat=0
split_feature=30 51 50 35 48 42 8 25 8 6 6 51 33 20 20 45 1 32 5 52 14 0 11 5 32 6 32 36 36 52
split_gain=8749.97 1165.76 217.931 177.591 166.68 62.2511 55.8257 53.2578 34.1847 32.8426 32.2256 27.3469 23.1151 21.7436 20.3662 18.9947 22.7625 22.8174 20.8514 18.4147 17.8099 22.2643 17.2058 17.5371 16.4258 15.5299 28.0975 15.281 14.1572 13.8154
threshold=57.993141174316413 80.133575439453139 0.54305469989776622 0.43263413012027746 62.838853836059577 1.0000000180025095e-35 67.083332061767592 1.0000000180025095e-35 47.413022994995124 86.386421203613295 86.890598297119155 69.448268890380874 0.24264705926179889 4.5000000000000009 4.5000000000000009 1.2424533367156985 56.949806213378913 0.43167701363563543 28.743545532226566 93.40579986572267 0.58571431040763866 70.659969329833999 36.038961410522468 72.595520019531264 0.26491229236125952 95.210388183593764 0.053342817351222045 44.500000000000007 17.500000000000004 75.905715942382827
decision_type=2 2 2 2 2 2 2 2 2 2 2 2 2 2 2 2 2 2 2 2 2 2 2 2 2 2 2 2 2 2
left_child=1 4 3 5 11 10 20 15 24 -6 -2 25 28 -9 -13 -5 17 -17 -19 22 -3 -22 23 -8 -7 -1 -27 -26 -11 -12
right_child=2 6 -4 7 9 8 19 13 -10 12 29 14 -14 -15 -16 16 -18 18 -20 -21 21 -23 -24 -25 27 26 -28 -29 -30 -31
leaf_value=-0.083041350533985578 -0.075457729160465212 -0.067551246040650395 0.096625963148015845 0.093430562969765166 -0.051612999293092578 -0.061206741282755772 0.13330303038594701 0.040473289801273349 0.099681666534210539 -0.064403748060126595 -0.045344952400968259 0.018134166137584493 0.092425375718307154 -0.084486691468642336 -0.077134134813349089 -0.090846674460504484 0.097603225964299448 0.075877949602159975 -0.067694116711988925 0.092976719990894893 0.14345185890298551 -0.04387398980305237 0.06828917665877049 -0.073104907116470025 0.0034523137813376415 -0.074542026851198581 0.088686420673142682 0.13317340112973075 0.10571471223502414 0.072363051759319327
leaf_weight=2859.3620477877557 88.767134044319391 21.311398714780807 6957.5102166980505 326.09163677692413 21.460355788469315 19.532573312520981 3.3682462349534026 19.385694716125727 34.061086609959602 11.78932096809149 10.676394771784546 30.476373981684446 45.51574656739831 16.494756087660789 27.159647297114134 10.358807276934384 37.380553912371397 28.677505988627672 8.3617434389889223 262.59623515605927 7.6110109686851528 8.704868480563162 50.623161040246487 12.092064969241617 28.317597717046738 23.621490553021431 9.4491220079362375 7.3125949501991263 4.2628325112164012 15.864104520529507
leaf_count=67067 1476 188 14977 676 290 232 32 99 66 109 78 282 116 168 487 136 77 79 56 544 14 48 116 82 130 462 52 11 13 41
internal_value=0.0448099 -0.0618968 0.0924836 0.0482315 -0.0781775 -0.0135088 0.0729105 0.0764975 0.0366645 0.0336096 -0.0523323 -0.0813236 0.0633151 -0.0169726 -0.0267588 0.08466 0.050925 0.0141121 0.043466 0.0834775 -0.0193932 0.0435095 0.0457304 -0.028136 -0.00224646 -0.0824109 -0.0279035 0.0300757 -0.0192268 0.0250129
internal_weight=11008.2 3399.4 7608.79 651.282 3033.1 204.531 366.307 446.751 89.2239 83.0283 115.308 2950.07 61.5679 35.8805 57.636 410.87 84.7786 47.3981 37.0392 328.68 37.6273 16.3159 66.0835 15.4603 55.1628 2892.43 33.0706 35.6302 16.0522 26.5405
internal_count=88204 69902 18302 3325 68878 2034 1024 1291 439 528 1595 68350 238 267 769 1024 348 271 135 774 250 62 230 114 373 67581 514 141 122 119
is_linear=0
shrinkage=0.08


Tree=19
num_leaves=31
num_cat=0
split_feature=30 51 8 29 48 45 8 30 5 45 33 51 28 6 12 12 7 20 6 35 36 12 52 33 45 13 30 7 52 45
split_gain=7927.89 1065.65 209.441 162.113 155.416 63.7251 52.2667 37.5213 61.5178 29.4336 29.2055 27.575 27.2154 24.1957 22.8004 19.1109 18.7545 18.6339 15.3821 25.9929 15.8931 15.1622 14.2236 13.4432 12.9541 11.0605 10.8717 10.5901 10.3313 10.522
threshold=57.993141174316413 80.133575439453139 45.035211563110359 83.034858703613295 62.838853836059577 1.2424533367156985 80.277778625488295 69.360546112060561 73.20508193969728 1.2424533367156985 0.24264705926179889 69.448268890380874 69.49753570556642 75.38224029541017 82.926887512207045 86.429775238037124 88.185440063476577 4.5000000000000009 95.210388183593764 0.039270766079425819 9.5000000000000018 54.742063522338874 70.659969329833999 0.89736840128898632 2.0397207736968999 0.77500000596046459 96.56854629516603 93.813774108886733 79.008567810058608 1.0000000180025095e-35
decision_type=2 2 2 2 2 2 2 2 2 2 2 2 2 2 2 2 2 2 2 2 2 2 2 2 2 2 2 2 2 2
left_child=1 4 3 5 11 12 14 8 9 -4 16 18 -2 23 -3 25 -6 21 27 -20 -21 -13 -23 -7 -5 -12 -26 -1 29 -10
right_child=2 6 7 24 10 13 -8 -9 28 -11 15 17 -14 -15 -16 -17 -18 -19 19 20 -22 22 -24 -25 26 -27 -28 -29 -30 -31
leaf_value=-0.082781420124209137 -0.029888620188255166 -0.043499166477073033 0.059202209033066298 0.088499010100853523 -0.090104365654508647 -0.080905150637344478 0.087237468705047366 0.095288883746368236 0.11100168323867152 -0.069797545021867857 -0.09817754098550778 -0.084412960795695505 0.053660104014871139 0.066005591799570884 0.045714069317391262 0.085514597418305097 0.050996758215133831 -0.076053590868712884 -0.084488997453581127 -0.089709067154218267 0.11700912884597436 0.20777373761534823 0.023562039175959334 0.13199463030774658 -0.0091783434571868685 0.11151769943957059 0.09489607276572809 0.19124420204979958 0.089205932952678688 -0.10355865076057526
leaf_weight=2649.4416316300631 37.221807312220335 28.754027646034956 18.586398169398308 217.28397038578987 16.331481724977497 83.009406175464392 270.09502010047436 6506.9051131159067 2.4479322284460059 28.954871147871017 6.3489360548555833 7.2690507024526623 75.699817057698965 8.4373468086123449 50.594634354114532 46.047506004571915 9.5564358159899694 25.413382485508919 19.469961803406481 3.2092940993607035 9.2148546576499921 3.0894395597279098 20.370275549590588 1.9425789713859547 17.031668461859226 2.1566598862409592 10.313773453235628 0.90291037410497565 145.51388094574213 3.6347994655370712
leaf_count=67054 332 291 53 504 270 1366 601 14931 5 361 85 149 232 34 132 142 27 487 418 45 51 12 121 3 89 4 21 13 334 37
internal_value=0.0440526 -0.0613067 0.0906932 0.0379181 -0.0776425 -0.0143134 0.0704678 0.094242 0.0600357 -0.0193647 0.0319579 -0.080862 0.0261203 -0.0632039 0.0133854 0.0651643 -0.0380174 -0.0253733 -0.0820235 -0.0267974 0.0636115 0.0165404 0.0478211 -0.0760368 0.0819682 -0.0450077 0.030075 -0.0826881 0.084936 -0.0172111
internal_weight=10325.2 3168.27 7156.98 450.94 2818.82 206.311 349.444 6706.04 199.138 47.5413 80.441 2738.38 112.922 93.3893 79.3487 54.5531 25.8879 56.1421 2682.24 31.8941 12.4241 30.7288 23.4597 84.952 244.629 8.5056 27.3454 2650.34 151.597 6.08273
internal_count=88204 69902 18302 2581 68878 1967 1024 15721 790 414 528 68350 564 1403 423 231 297 769 67581 514 96 282 133 1369 614 89 110 67067 376 42
is_linear=0
shrinkage=0.08


Tree=20
num_leaves=31
num_cat=0
split_feature=30 51 50 45 48 34 52 35 12 51 20 4 1 4 8 33 20 7 35 27 6 35 8 12 5 36 33 2 50 4
split_gain=7190.71 974.779 204.166 168.572 144.592 85.3013 50.6312 37.1051 43.8325 27.3885 26.7708 21.572 20.5506 19.5039 17.1837 18.9045 16.9811 15.7885 20.4936 16.8956 15.0672 23.256 14.5831 13.2875 13.131 13.1256 12.2007 12.0667 11.4618 12.31
threshold=57.993141174316413 80.133575439453139 0.58114054799079906 1.2424533367156985 62.838853836059577 0.6012820601463319 93.127067565917983 0.43263413012027746 76.77777481079103 69.448268890380874 4.5000000000000009 91.027973175048842 84.29276275634767 48.798746109008796 45.199691772460945 0.8441295623779298 4.5000000000000009 61.938297271728523 0.37567204236984258 41.396726608276374 95.210388183593764 0.039270766079425819 51.471860885620124 54.742063522338874 81.302967071533217 9.5000000000000018 0.32291667163372045 94.494949340820327 0.22778365761041644 75.252025604248061
decision_type=2 2 2 2 2 2 2 2 2 2 2 2 2 2 2 2 2 2 2 2 2 2 2 2 2 2 2 2 2 2
left_child=1 4 3 7 9 12 11 8 13 20 26 -3 17 -2 15 28 23 -5 19 -19 27 -22 -15 -11 -12 -23 -6 -1 -7 -30
right_child=2 6 -4 5 10 14 -8 -9 -10 16 24 -13 -14 22 -16 -17 -18 18 -20 -21 21 25 -24 -25 -26 -27 -28 -29 29 -31
leaf_value=-0.082455919708599681 0.037604413083878081 -0.01302610354500635 0.093772600200737188 -0.081766811161731359 0.019972125364255928 0.051733660861547445 0.08655778016932629 0.087403304119381395 0.090173881229473507 -0.084056526625911149 -0.080457480861287123 0.070519961282361987 0.050323883759200945 -0.07623212964837521 0.091176255951063878 0.080024768584757558 -0.074968274018646974 0.078118066064513908 0.10747160019212135 -0.080817050448107219 -0.084129833601972792 -0.088942988794962249 0.047779748491558624 0.04317023403200148 0.038107324956873086 0.10306545928774498 0.098098503443110968 0.23157342333090414 -0.074443523215198704 0.090581016908500636
leaf_weight=2455.2944427318871 32.863064844161272 57.433998119086027 6027.9603773057461 82.15111917629838 22.93164449930191 10.46811258047819 246.35193698108196 359.04542725533247 53.75469658151269 6.7374762296676662 16.094205517321829 30.169810816645622 11.247121736407278 26.973651353269815 36.580299228429794 20.710103631019592 23.785468839108944 5.380737695842984 6.7997278720140448 20.93848816677928 18.046650063246492 2.9870290979742995 7.8306330256164065 23.855677969753742 9.5109568350017053 9.6067297793924791 28.934712450951338 0.78337187692522903 19.170922912657264 3.4070987999439231
leaf_count=67059 156 382 14716 1563 149 44 575 854 128 149 270 67 35 279 85 47 487 25 15 154 418 45 23 133 35 51 74 8 171 7
internal_value=0.0433409 -0.060734 0.0890317 0.0480496 -0.0771496 -0.0104989 0.0679824 0.0744748 0.0362451 -0.080432 0.0305142 0.0157463 -0.0528965 -0.00659575 0.0488794 0.0200971 -0.0242674 -0.0629679 -0.0163374 -0.0483241 -0.0816602 -0.0259075 -0.0483306 0.0151513 -0.036417 0.0575243 0.0635565 -0.0823558 -0.0174598 -0.0495408
internal_weight=9677.81 2952.52 6725.28 697.321 2618.57 216.854 333.956 480.467 121.422 2541.1 77.4715 87.6038 126.517 67.6673 90.3365 53.7562 54.3786 115.27 33.119 26.3192 2486.72 30.6404 34.8043 30.5932 25.6052 12.5938 51.8664 2456.08 33.0461 22.578
internal_count=88204 69902 18302 3586 68878 2146 1024 1440 586 68350 528 449 1792 458 354 269 769 1757 194 179 67581 514 302 282 305 96 223 67067 222 178
is_linear=0
shrinkage=0.08


Tree=21
num_leaves=31
num_cat=0
split_feature=33 6 8 51 29 45 35 45 14 50 42 32 6 16 6 50 45 34 5 0 7 0 52 20 20 6 27 35 33 45
split_gain=6532.38 920.302 175.627 124.842 122.359 93.1158 60.0662 45.5358 29.0318 28.6616 30.9307 23.1115 20.5162 19.2691 19.2479 16.2699 49.9692 55.7024 27.8164 16.083 20.086 15.569 23.6739 16.8203 14.5838 14.1878 13.9146 12.8344 12.5046 12.0691
threshold=0.38675214350223547 90.696426391601577 45.035211563110359 69.448268890380874 83.034858703613295 1.2424533367156985 0.10265191644430162 1.2424533367156985 0.47727273404598242 0.40583056211471563 1.0000000180025095e-35 0.26491229236125952 68.330669403076186 0.42572893202304846 75.38224029541017 0.61843746900558483 1.9729550480842593 0.5113695263862611 81.892700195312514 71.516754150390639 76.50690078735353 75.162338256835952 74.601570129394545 3.5000000000000004 5.5000000000000009 89.167831420898452 25.828395843505863 0.017910608090460304 0.77350428700447094 2.0397207736968999
decision_type=2 2 2 2 2 2 2 2 2 2 2 2 2 2 2 2 2 2 2 2 2 2 2 2 2 2 2 2 2 2
left_child=1 3 4 9 7 13 26 11 25 -1 24 -2 -10 -3 28 16 -4 18 21 -14 -21 22 -18 -24 -11 -5 27 -7 -9 -6
right_child=2 5 15 8 29 6 -8 14 12 10 -12 -13 19 -15 -16 -17 17 -19 -20 20 -22 -23 23 -25 -26 -27 -28 -29 -30 -31
leaf_value=-0.082184741585640833 -0.051848703698968358 -0.036141024014830721 0.092300301181434022 -0.057142660682069524 0.084061900313509241 -0.092474908222557536 0.058030022707615175 -0.088328186865524363 -0.093247524059343653 -0.0079541478770501182 0.12479832097053242 0.040087038229096587 0.10651623065640366 0.083254465016868409 0.071363758296791591 0.093006272438952639 -0.097402651614433455 0.08448281795516667 0.087963845753787087 -0.090928994004391153 0.046599065701751645 -0.19353684192495926 0.12787217062719619 -0.054958353143191925 -0.092656785354476925 0.087652662476406601 -0.086081959235245864 0.16043503404744855 0.0050787054220608431 0.025854130425856971
leaf_weight=2250.9109942540526 21.94103629142046 8.9269904159009439 315.4339636079967 48.057086974382401 194.53544491529465 2.253204856067895 41.815305698662996 55.768306519836187 7.3229433707892886 27.509407352656126 7.5932570770382872 86.460989329963923 20.58690032735467 279.80660251155496 6.4885443635284892 5425.3164589181542 20.764436490833759 52.871242336928844 9.5590302199125272 8.3371527232229692 36.781777545809746 5.176602888852357 6.7438843548297864 6.1639874912798405 24.681427083909512 4.7599557787179938 45.048477455973625 2.9859569370746613 10.978223014622925 25.824202638119459
leaf_count=66343 310 75 801 771 504 35 155 1063 89 305 23 303 59 754 20 14140 242 135 21 61 130 28 16 36 475 20 1114 9 57 110
internal_value=0.0426901 -0.0584301 0.0883167 -0.0765067 0.0371693 0.0572211 -0.0128186 -0.0114446 0.00108874 -0.0807327 -0.0260619 0.0214788 0.0337661 0.079563 -0.0601776 0.0918362 0.0766029 0.0277133 -0.0342905 0.0479219 0.0211864 -0.064372 -0.0445149 0.0405638 -0.0480106 -0.0440935 -0.0717308 0.0516661 -0.072965 0.0772405
internal_weight=9061.4 2817.38 6244.03 2436.54 401.997 380.837 92.1029 181.637 125.846 2310.7 59.7841 108.402 73.0288 288.734 73.2351 5842.03 416.713 101.279 48.4079 65.7058 45.1189 38.8489 33.6723 12.9079 52.1908 52.817 50.2876 5.23916 66.7465 220.36
internal_count=88204 70418 17786 68276 2367 2142 1313 1753 1130 67146 803 613 339 829 1140 15419 1279 478 343 250 191 322 294 52 780 791 1158 44 1120 614
is_linear=0
shrinkage=0.08


Tree=22
num_leaves=31
num_cat=0
split_feature=30 51 50 29 48 45 52 25 12 20 51 45 31 2 1 3 11 16 6 20 6 35 6 31 35 12 15 2 21 43
split_gain=5939.99 818.416 189.57 136.755 125.748 58.8782 45.9501 37.4158 37.0786 29.2963 26.7912 22.6011 26.8006 18.4119 17.9443 34.2765 16.5364 19.0311 16.2401 14.911 14.5472 19.9026 14.3968 14.3238 13.6913 14.3186 12.9797 12.8261 12.5848 11.6004
threshold=57.993141174316413 80.133575439453139 0.58114054799079906 71.480709075927749 62.838853836059577 1.9729550480842593 93.40579986572267 1.0000000180025095e-35 77.806636810302749 2.5000000000000004 69.448268890380874 1.2424533367156985 60.312566757202156 75.716625213623061 56.949806213378913 33.549783706665046 36.038961410522468 0.57979625463485729 43.269401550292976 4.5000000000000009 95.210388183593764 0.039270766079425819 96.253570556640639 84.523811340332045 0.62880185246467601 42.242063522338874 0.65669643878936779 95.101959228515639 0.81742423772811901 1.0000000180025095e-35
decision_type=2 2 2 2 2 2 2 2 2 2 2 2 2 2 2 2 2 2 2 2 2 2 2 2 2 2 2 2 2 2
left_child=1 4 3 5 10 8 13 14 18 -9 20 -6 28 26 15 24 17 -15 -2 -12 23 -22 -7 27 25 29 -3 -1 -13 -5
right_child=2 6 -4 7 11 22 -8 9 -10 -11 19 12 -14 16 -16 -17 -18 -19 -20 -21 21 -23 -24 -25 -26 -27 -28 -29 -30 -31
leaf_value=-0.081977565463126581 0.038236223228396267 -0.050264613129340781 0.091136177198297974 0.034199595111865967 0.074722388851454644 -0.062114802836864963 0.082970000658808052 0.068963676961456971 0.085405103110386127 -0.07003877107034899 0.014416359327494105 -0.042910136020628674 -0.068285019990057455 0.12989820034214308 0.092627831372301711 -0.060814957405352477 0.068444943876812367 -0.092480756501831143 -0.042941268896442952 -0.073228362962703505 -0.083721454825314762 0.051312213720891772 0.087227902499021154 0.29135881573081746 0.084434256963924953 0.063907723211004325 0.11678627650015966 0.25522599148352465 0.11699846498323858 -0.10972626905516719
leaf_weight=2107.3794197142124 27.417981654405594 29.390751946717501 5280.4339175522327 7.5400539636611938 34.207400314509869 90.131696149706841 218.86898433417082 18.427224237471819 46.214411243796349 20.498770702630281 29.635780867189169 4.5071156583726397 23.358696650713682 3.3093921542167655 226.01369062066078 14.226326193660496 39.98575159907341 9.6296904943883401 37.133964840322733 21.389792077243328 15.802247710525991 12.52049547806382 4.3296636044979087 0.65832911804318328 106.78190498799086 28.185246299952269 3.3122440688312045 0.72216732054948707 10.459144312888382 6.8312038592994195
leaf_count=67054 134 256 14716 21 109 1493 570 72 121 219 282 48 338 22 591 110 99 65 329 487 418 96 10 8 274 128 12 5 33 84
internal_value=0.0420771 -0.0595932 0.0861743 0.0448306 -0.0761775 -0.00886877 0.0635317 0.0705493 0.0307018 -0.00423623 -0.0796128 0.0274541 -0.0147357 0.0138466 0.0780218 0.0578391 0.0430071 -0.0356035 -0.0084617 -0.0223241 -0.0809806 -0.0240278 -0.0552696 -0.0817455 0.0691424 0.0307722 -0.0333453 -0.0818621 0.0688417 -0.0342138
internal_weight=8479.3 2565.14 5914.17 633.732 2260.64 205.228 304.497 428.504 110.766 38.926 2188.11 72.5324 38.325 85.6278 389.578 163.565 52.9248 12.9391 64.5519 51.0256 2137.08 28.3227 94.4614 2108.76 149.338 42.5565 32.703 2108.1 14.9663 14.3713
internal_count=88204 69902 18302 3586 68878 2087 1024 1499 584 291 68350 528 419 454 1208 617 186 87 463 769 67581 514 1503 67067 507 233 268 67059 81 105
is_linear=0
shrinkage=0.08


Tree=23
num_leaves=31
num_cat=0
split_feature=33 8 8 29 44 27 6 35 44 27 12 25 7 33 20 13 6 7 27 35 36 53 50 44 34 5 28 20 15 21
split_gain=5408.5 775.281 168.396 107.196 90.2932 84.2084 74.4349 47.7502 43.454 36.3222 25.2807 25.6705 20.0773 18.9376 16.5254 15.6967 15.2278 14.5433 13.9893 14.0485 13.8882 13.7973 12.8782 36.4999 38.5153 21.7119 12.85 13.7161 12.6924 11.9962
threshold=0.38675214350223547 80.277778625488295 46.841754913330085 83.486705780029311 -1.0000000180025095e-35 1.0000000180025095e-35 83.850597381591811 0.10265191644430162 -1.0000000180025095e-35 65.020324707031264 79.814815521240249 1.0000000180025095e-35 93.127067565917983 0.77350428700447094 1.5000000000000002 0.58571431040763866 71.916435241699233 87.20676422119142 26.705426216125492 0.039270766079425819 34.500000000000007 40.500482559204109 0.61843746900558483 -1.0000000180025095e-35 0.5113695263862611 81.892700195312514 55.75346755981446 3.5000000000000004 0.6705426573753358 0.36899313330650335
decision_type=2 2 2 2 2 2 2 2 2 2 2 2 2 2 2 2 2 2 2 2 2 2 2 2 2 2 2 2 2 2
left_child=1 5 3 8 7 6 -1 18 13 12 11 21 -7 16 20 -6 -2 -9 19 -3 -8 -10 23 24 25 26 27 -4 29 -16
right_child=2 4 22 -5 15 9 14 17 10 -11 -12 -13 -14 -15 28 -17 -18 -19 -20 -21 -22 -23 -24 -25 -26 -27 -28 -29 -30 -31
leaf_value=-0.061280308178649899 -0.089478986921748299 -0.060829442010046288 0.15268230787127379 0.075104221676877678 -0.036867849112989078 -0.08146070955234469 0.22505111949494283 -0.029971012333600409 -0.071470827904458453 0.082548115242161199 0.095263826918702998 -0.07148386845050024 0.25021379664043214 0.025708809468362896 0.18844301138806921 0.078955118327771898 0.02836416969808269 0.082574811598962322 -0.085528146623004397 0.17237488004430226 0.066929311210475864 0.04176495132793856 0.090697686169035896 0.090331215282057398 0.081671045709616322 0.085540377668340425 -0.070604635344385436 -0.097417910857812803 0.11812824746606916 -0.0066127335055808714
leaf_weight=108.94448752515018 53.587286805734038 3.8972735330462447 3.7061571963131419 209.18725299090147 7.7124311570078126 1918.03688275069 5.2778502516448524 10.185503358021377 7.8055759835988274 8.7026739157736284 24.658566009253263 21.889296043664217 1.1687614619731892 15.177613887935875 2.1422814428806296 258.00371835753322 8.0755302980542165 26.379735197871923 43.557093909010291 2.8712273892015219 10.89073635265231 58.494935069233179 4726.557143189013 261.02216708287597 48.846751198172569 9.7177603840827924 29.950068492442369 2.2586897667497396 7.618281051516532 34.763169268146157
leaf_count=2668 1098 78 16 640 82 65028 20 70 112 46 59 228 2 68 5 791 33 74 1246 6 44 232 14104 749 141 23 240 43 17 241
internal_value=0.0414943 -0.0573138 0.0856647 0.0356117 0.0524434 -0.0757645 -0.021727 -0.0183502 -0.00794025 -0.0805193 0.0236557 0.00363348 -0.0812587 -0.0543423 0.0492723 0.0755933 -0.0740459 0.0512244 -0.0689013 0.0380968 0.118544 0.0284337 0.0895932 0.0749091 0.0323016 -0.020545 -0.0492493 0.0579776 0.0241164 0.00470983
internal_weight=7931.09 2450.15 5480.93 398.876 352.607 2097.55 169.637 86.8908 189.689 1927.91 112.848 88.1898 1919.21 76.8404 60.6923 265.716 61.6628 36.5652 50.3256 6.7685 16.1686 66.3005 5082.06 355.502 94.4794 45.6327 35.9149 5.96485 44.5237 36.9055
internal_count=88204 70418 17786 2470 2347 68071 2995 1474 1830 65076 631 572 65030 1199 327 873 1131 144 1330 84 64 344 15316 1212 463 322 299 59 263 246
is_linear=0
shrinkage=0.08


Tree=24
num_leaves=31
num_cat=0
split_feature=30 4 8 29 45 7 27 43 6 32 1 12 20 25 28 20 21 33 4 27 1 42 53 7 4 45 32 36 6 48
split_gain=4926.28 656.071 179.675 113.071 103.089 83.4977 51.808 51.6751 46.9213 27.5108 45.1465 25.0301 22.0958 21.2226 21.0641 19.9166 26.6161 19.6719 18.2 18.026 13.8183 13.1883 13.6503 12.9747 18.6991 12.722 11.6755 11.4359 12.6618 11.1416
threshold=57.993141174316413 89.292507171630874 48.683298110961921 83.034858703613295 1.2424533367156985 88.341892242431655 20.42305946350098 1.0000000180025095e-35 83.850597381591811 0.21980676054954532 80.982517242431655 77.806636810302749 2.5000000000000004 1.0000000180025095e-35 53.371212005615241 1.5000000000000002 0.95505049824714672 0.77350428700447094 88.489147186279311 27.172479629516605 77.694858551025405 1.0000000180025095e-35 71.135948181152358 65.240276336669936 64.830108642578139 2.0397207736968999 0.26491229236125952 63.500000000000007 86.890598297119155 76.181709289550795
decision_type=2 2 2 2 2 2 2 2 2 2 2 2 2 2 2 2 2 2 2 2 2 2 2 2 2 2 2 2 2 2
left_child=1 5 3 7 -3 6 8 11 23 10 12 13 -4 26 -6 16 -10 18 -9 -7 -17 22 -14 -1 -25 -5 -2 28 -22 -15
right_child=2 4 9 25 14 19 -8 17 15 -11 -12 -13 21 29 -16 20 -18 -19 -20 -21 27 -23 -24 24 -26 -27 -28 -29 -30 -31
leaf_value=-0.078504016782975902 -0.0547568271687068 0.072900637379980704 0.044985010132479818 0.080014053414285344 -0.071790995782327172 0.11112310807155497 -0.081540456738365422 -0.082204868635074993 0.3039238201293597 0.089211413672531228 0.07983449630392557 0.091272273666488477 -0.081944358230785233 -0.087603716910126805 0.05629841000005123 -0.07703436382904548 0.028231556886375388 0.025293041660992499 0.11972945220034452 -0.044050245005374342 0.16241176613469105 0.10033386496279695 -0.31972654610126078 0.26079343121077952 -0.03221588772232465 0.021857756557012786 0.042062152653162085 -0.074967502892354196 0.024038093625124254 0.070999402185227004
leaf_weight=78.096031669527292 9.3526409752666932 248.07864899374545 15.996639810502527 196.83199433609843 44.788985501974821 18.234642803668979 1746.0214009080082 68.629577865824103 3.8199803829193097 4621.0589401498437 103.17802859470248 28.134385708719492 15.564924160018569 18.634573128074411 10.062690984457729 8.7269176933914405 5.4225996807217598 15.617899361997841 2.9805406779050818 6.4987905845046035 6.0834507439285579 2.2506158649921408 1.7154122591018666 1.4530325606465329 34.262614868581295 27.428270995616913 53.975768435746431 4.503426816314458 13.907648697495459 3.3432563692331305
leaf_count=2490 129 820 88 602 1219 47 64376 1455 18 14809 327 78 219 206 53 142 34 70 6 115 27 5 10 35 440 118 171 35 51 9
internal_value=0.0409426 -0.0584873 0.0837079 0.0338646 0.0509561 -0.0756919 -0.0775907 -0.0097613 -0.0334613 0.0881577 0.0530524 0.0258375 -0.0247272 0.00425675 -0.0482926 0.0383036 0.142176 -0.0560577 -0.0738 0.0703508 0.00940519 -0.0818244 -0.105549 -0.0602373 -0.0202953 0.0729012 0.0277635 0.0402019 0.0661463 -0.0634771
internal_weight=7414.65 2229.96 5184.69 424.929 302.93 1927.03 1902.3 200.669 156.276 4759.76 138.706 113.441 35.5276 85.3062 54.8517 42.464 9.24258 87.228 71.6101 24.7334 33.2214 19.531 17.2803 113.812 35.7156 224.26 63.3284 24.4945 19.9911 21.9778
internal_count=88204 69902 18302 2844 2092 67810 67648 2124 3272 15458 649 593 322 515 1272 307 52 1531 1461 162 255 234 229 2965 475 720 300 113 78 215
is_linear=0
shrinkage=0.08


Tree=25
num_leaves=31
num_cat=0
split_feature=33 6 8 45 35 51 43 35 14 12 50 42 0 0 8 6 14 2 53 3 3 34 45 52 28 14 35 28 53 7
split_gain=4490.52 658.71 157.991 94.0303 93.8359 77.7343 50.1723 44.1966 27.0308 24.1987 21.3246 23.5046 19.614 18.4277 21.3642 17.6696 16.968 14.666 14.5826 13.7095 12.311 12.2459 31.4791 49.8079 15.449 14.7228 12.0684 11.5578 11.4299 11.354
threshold=0.38675214350223547 89.167831420898452 48.683298110961921 1.2424533367156985 0.62880185246467601 66.701370239257827 1.0000000180025095e-35 0.10265191644430162 0.47727273404598242 79.814815521240249 0.40583056211471563 1.0000000180025095e-35 29.818989753723148 71.516754150390639 73.401363372802749 71.916435241699233 0.58571431040763866 87.20676422119142 40.500482559204109 86.319076538085952 33.549783706665046 0.43159537017345434 1.9729550480842593 88.493064880371108 52.843666076660163 0.087121214717626586 0.3081014752388001 65.599384307861342 57.871654510498054 63.085796356201179
decision_type=2 2 2 2 2 2 2 2 2 2 2 2 2 2 2 2 2 2 2 2 2 2 2 2 2 2 2 2 2 2
left_child=1 5 4 16 6 10 9 -5 -7 12 -1 26 18 19 -15 20 -3 27 -2 -10 29 22 -4 24 -24 -26 28 -9 -12 -8
right_child=2 3 21 7 -6 8 15 17 13 -11 11 -13 -14 14 -16 -17 -18 -19 -20 -21 -22 -23 23 -25 25 -27 -28 -29 -30 -31
leaf_value=-0.081353124345009728 -0.069156635935543498 0.026531498829056026 0.08750430527673686 -0.073012678646697179 0.072764594989612838 -0.055428691436654021 -0.047922556984851782 -0.065839913456864976 0.15733113018116593 0.090768912122710155 0.13195783918398524 0.11831850902911555 -0.047700735520443072 -0.074898071474348418 0.042865249239823509 0.037116228579509497 0.079773801850775719 0.079068056422177818 0.050817889650622401 0.017610646154085287 -0.10400142418214806 0.088848294228484781 0.10570952944559403 0.076883723807868828 0.071794282844213214 -0.10240825023073261 0.099426188274897381 0.075659009992613532 -0.073092208909840681 0.13937238127739457
leaf_weight=1638.1849620137364 7.5038421768695107 46.99823229201138 221.04544499889016 52.058465829119086 203.86851447075605 45.416611609980464 31.643109787255526 11.139774465933444 9.8819731548428553 29.894952595233917 1.83580714277923 6.2690389342606059 27.989736186340451 16.127522895112634 25.367167990654707 11.614729605615137 207.19283311069012 23.650691866874695 47.702099338173866 8.2440168354660255 33.62281690724194 4101.7100601345301 3.3445123452693251 49.55008851736784 3.627959210425618 21.540387587621808 3.2211319319903842 5.5276681520044795 33.274504596367478 2.2165558002889147
leaf_count=65562 107 285 743 1677 661 912 634 141 36 85 25 21 308 149 102 49 666 69 153 59 592 14034 30 167 20 195 13 21 680 8
internal_value=0.0404005 -0.0561322 0.0833532 0.044809 0.0349566 -0.0756995 -0.00514932 -0.024315 -0.00893025 0.029035 -0.0798672 -0.0252878 0.0068519 0.0264904 -0.0029052 -0.0540249 0.0699297 0.0385631 0.0345104 0.0937838 -0.0697116 0.0877087 0.0720813 0.0284091 -0.0558309 -0.0772974 -0.0487744 -0.0189126 -0.0623708 -0.0356617
internal_weight=6931.27 2134.39 4796.87 346.568 396.056 1787.82 192.188 92.3766 105.037 113.091 1682.79 44.6005 83.1957 59.6207 41.4947 79.0972 254.191 40.3181 55.2059 18.126 67.4825 4400.82 299.108 78.0629 28.5129 25.1683 38.3314 16.6674 35.1103 33.8597
internal_count=88204 70418 17786 2859 2597 67559 1936 1908 1258 653 66301 739 568 346 251 1283 951 231 260 95 1234 15189 1155 412 245 215 718 162 705 642
is_linear=0
shrinkage=0.08


Tree=26
num_leaves=31
num_cat=0
split_feature=33 6 8 33 45 51 12 53 21 14 50 44 15 14 31 36 31 0 8 7 27 33 45 50 45 13 14 52 45 49
split_gain=4093.35 604.777 153.858 86.2996 83.7427 76.0438 49.2016 35.3933 33.8803 23.7138 21.0294 20.7292 20.569 16.6392 16.6103 18.6246 15.5933 15.2081 18.6313 14.1799 13.534 13.4317 13.6601 12.6452 29.6298 25.9344 16.322 10.9272 10.9199 10.7317
threshold=0.38675214350223547 89.167831420898452 48.683298110961921 0.77350428700447094 1.2424533367156985 66.701370239257827 79.814815521240249 71.135948181152358 0.52419984340667736 0.47727273404598242 0.40583056211471563 1.0000000180025095e-35 0.037386443465948112 0.58571431040763866 74.225582122802749 29.500000000000004 72.222682952880874 71.516754150390639 73.401363372802749 62.258651733398445 64.026142120361342 0.87867647409439098 2.0397207736968999 0.58114054799079906 1.9729550480842593 0.18333333730697635 0.31666667759418493 86.319076538085952 5.1328485012054452 32.510162353515632
decision_type=2 2 2 2 2 2 2 2 2 2 2 2 2 2 2 2 2 2 2 2 2 2 2 2 2 2 2 2 2 2
left_child=1 5 3 6 13 10 8 14 16 -7 -1 20 19 -3 15 -6 -2 27 -19 29 -12 22 -5 24 -4 -26 -27 -11 -24 -10
right_child=2 4 23 21 7 9 -8 -9 12 17 11 -13 -14 -15 -16 -17 -18 18 -20 -21 -22 -23 28 -25 25 26 -28 -29 -30 -31
leaf_value=-0.081126603659214994 -0.053231805612495652 0.024614250061230036 0.085782388837880724 0.059063642804031764 -0.079916930284584534 -0.053269031808632142 0.066868602442028732 0.082339627355238976 0.0086364847484368141 0.14025635273589959 -0.062956914415324097 0.1128612243903291 -0.098242397373149506 0.077789261378444718 0.092609950955497691 0.025354760032498397 0.052983420853990257 -0.071649290606585772 0.039770550639977621 0.10458292239192447 0.099440265322793653 0.082591169569079637 -0.10521411561541259 0.087857281621423727 0.081535694125284094 -0.10367163912601134 0.013965648931581729 0.016254664308827327 0.024716938402616712 -0.092233709336516617
leaf_weight=1516.2875111885369 12.432674663141368 46.622531376779079 159.06599540635943 63.813165619969368 52.928103145211935 43.555235182866454 40.18465930595994 16.413797631859779 14.220865834504368 10.184242948889734 33.154599888250232 6.0553960949182501 48.763820577412844 195.94476152583957 5.0047061871737233 13.499078918248413 30.662770004943013 15.534945312887428 25.162606742233038 5.235493015497922 3.6454892531037322 133.18780729174614 6.2324485182762173 3886.4061807766557 24.308815333992243 11.618115702643989 21.550158809870481 8.2183186374604684 12.328689306974409 12.849753007292746
leaf_count=65562 233 285 547 215 1653 912 168 52 191 36 706 21 855 666 14 189 177 149 102 16 12 433 35 14298 90 157 97 59 47 227
internal_value=0.039896 -0.0555191 0.0822991 0.0335935 0.0433318 -0.0751735 -0.0100736 -0.0235936 -0.034975 -0.00847975 -0.0795646 -0.0242999 -0.0654434 0.0675688 -0.0479352 -0.058524 0.0223412 0.0245288 -0.00276029 -0.0159357 -0.0468695 0.0668863 0.0414938 0.0868089 0.0679938 0.0187645 -0.0272401 0.084879 -0.0189112 -0.0392441
internal_weight=6475.07 1992.21 4482.86 379.912 330.413 1661.8 164.35 87.8457 124.165 102.655 1559.14 42.8555 81.0699 242.567 71.4319 66.4272 43.0954 59.1001 40.6976 32.3061 36.8001 215.562 82.3743 4102.95 216.543 57.4771 33.1683 18.4026 18.5611 27.0706
internal_count=88204 70418 17786 2597 2859 67559 1867 1908 1699 1258 66301 739 1289 951 1856 1842 410 346 251 434 718 730 297 15189 891 344 254 95 82 418
is_linear=0
shrinkage=0.08


Tree=27
num_leaves=31
num_cat=0
split_feature=33 8 8 51 33 43 45 35 49 11 12 25 31 31 27 33 2 34 8 45 2 20 53 7 4 45 27 13 2 35
split_gain=3733.42 557.795 149.446 89.5242 77.5676 56.5239 45.1243 33.443 28.2358 23.9517 23.1875 22.2052 16.8414 15.6221 13.3649 13.2004 13.1069 13.0795 31.3223 42.7476 13.0719 13.0246 12.9099 13.9171 12.5878 12.1548 12.0869 13.1176 11.1727 11.1291
threshold=0.38675214350223547 80.277778625488295 48.683298110961921 66.701370239257827 0.77350428700447094 1.0000000180025095e-35 1.2424533367156985 0.10265191644430162 56.65191841125489 48.714567184448249 79.814815521240249 1.0000000180025095e-35 87.880626678466811 72.222682952880874 26.705426216125492 0.87867647409439098 95.101959228515639 0.43159537017345434 79.75903701782228 1.2424533367156985 88.998897552490249 1.5000000000000002 68.679985046386733 63.085796356201179 88.107921600341811 2.0397207736968999 44.80437088012696 0.18333333730697635 87.20676422119142 0.017910608090460304
decision_type=2 2 2 2 2 2 2 2 2 2 2 2 2 2 2 2 2 2 2 2 2 2 2 2 2 2 2 2 2 2
left_child=1 3 4 8 6 20 10 14 16 -5 11 13 22 -2 29 25 -1 18 19 -4 -3 -11 23 -8 -10 -6 -21 -28 -9 -7
right_child=2 5 17 9 15 7 12 28 24 21 -12 -13 -14 -15 -16 -17 -18 -19 -20 26 -22 -23 -24 -25 -26 -27 27 -29 -30 -31
leaf_value=-0.080724954836638788 -0.041364989549526429 0.039954519516699413 0.076283736647232495 -0.051979761064622439 0.056515845477720282 -0.087581697482586082 -0.073835738967235609 -0.027710771881750942 -0.041663978319241533 0.089884076059114068 0.088340540580301705 -0.086032605951530505 0.056665233811988014 0.052537736496471955 -0.08469864574003054 0.081037725803599456 0.28303276163417407 0.087252493436582132 0.084982438179813921 0.025352797549522212 0.081191641721126639 0.0065780913073448591 -0.1784188845392132 0.090824502743386826 0.063471000277127751 -0.017527038052772111 0.070600696110351788 -0.11392706411949501 0.075917211453249089 0.13398660935541493
leaf_weight=1430.0318900700659 16.200329648330808 74.632049538195133 39.150663539767265 40.332936273887753 61.453788444399834 2.4282734133303157 45.934197904542089 9.4221146740019304 20.572758179157976 15.667924093082545 26.695541352033615 14.875459540635346 6.8219721857458344 37.783405121415854 33.002554660663009 125.20921678096056 0.63423383235931297 3558.3015410993248 196.60493820160627 8.8651414718478936 144.35955112054944 51.467425107955933 6.961051180958747 3.5381716750562182 11.287232143804429 18.449033632874489 2.8860980439931181 16.919692229479551 22.70231956243515 3.6044474244117737
leaf_count=66377 198 370 149 907 215 67 1145 70 349 47 83 217 43 133 1246 433 1 14034 754 67 503 341 32 16 49 82 14 171 74 17
internal_value=0.0394127 -0.0548936 0.0813133 -0.0737265 0.0323262 0.0470102 -0.00964797 -0.0149325 -0.0789049 -0.00325344 0.025048 0.000510514 -0.0620603 0.0243579 -0.064685 0.0648252 -0.0805637 0.0859768 0.0688109 0.021932 0.0671381 0.0260199 -0.0764124 -0.0620595 -0.00441717 0.0394198 -0.0522862 -0.0870377 0.0455231 0.0448016
internal_weight=6046.8 1860.15 4186.65 1569.99 363.922 290.151 158.81 71.1597 1462.53 107.468 95.5547 68.8592 63.2554 53.9837 39.0353 205.112 1430.67 3822.73 264.427 67.8216 218.992 67.1353 56.4334 49.4724 31.86 79.9028 28.6709 19.8058 32.1244 6.03272
internal_count=88204 70418 17786 68071 2597 2347 1867 1474 66776 1295 631 548 1236 331 1330 730 66378 15189 1155 401 873 388 1193 1161 398 297 252 185 144 84
is_linear=0
shrinkage=0.08


Tree=28
num_leaves=31
num_cat=0
split_feature=30 2 50 45 45 27 33 4 1 12 25 1 8 29 31 27 8 31 8 2 1 52 52 33 31 34 6 3 45 14
split_gain=3406.87 461.234 171.954 97.9962 91.7913 60.6385 44.4731 43.4723 40.8658 28.6428 38.2445 21.9557 20.0295 18.8412 16.7689 14.9325 13.2807 11.9833 11.6202 11.299 11.2021 14.5496 31.12 10.5696 13.6866 10.103 15.754 14.9373 10.9026 10.144
threshold=56.888643264770515 77.003208160400405 0.61843746900558483 1.2424533367156985 1.2424533367156985 1.0000000180025095e-35 0.81534090638160717 82.116237640380874 84.29276275634767 75.138889312744155 1.0000000180025095e-35 14.670014381408693 64.326763153076186 72.665004730224624 74.225582122802749 59.66327095031739 36.032787322998054 83.392917633056655 51.787994384765632 88.998897552490249 69.504829406738295 70.659969329833999 64.747306823730483 0.32291667163372045 46.906427383422859 0.5113695263862611 70.651977539062514 26.158231735229496 7.0062420368194589 0.47727273404598242
decision_type=2 2 2 2 2 2 2 2 2 2 2 2 2 2 2 2 2 2 2 2 2 2 2 2 2 2 2 2 2 2
left_child=1 5 3 9 12 7 8 -1 25 10 13 -12 -3 16 -6 -7 17 -2 -13 23 -9 22 -22 24 -14 29 27 28 -27 -5
right_child=2 4 -4 6 14 15 -8 20 -10 -11 11 18 19 -15 -16 -17 -18 -19 -20 -21 21 -23 -24 -25 -26 26 -28 -29 -30 -31
leaf_value=-0.066082218214344776 -0.065011360894016962 -0.077009873575974705 0.08618158613775799 -0.08057926564811585 -0.05675408441122521 -0.08097508053079365 0.067357933796680258 -0.073710947377271269 0.068297540705304402 0.084902178380561327 0.099630985791482982 -0.10020806928873982 0.046701775103787216 0.072713226569198999 0.1584804890219165 0.1392061779573637 0.061266740243606996 0.055194305308489407 0.026369956597162632 0.07982203572656324 0.51352341984361127 0.02620617876561512 0.057551963944103765 0.14217241299305444 -0.055420628518865089 -0.014737811986383393 0.073867325699452022 -0.08573378965660812 0.15250198913527738 -0.0094835450367300646
leaf_weight=67.37384219840169 16.9367242269218 6.5252674687653771 3400.1702415719628 59.273790504783392 60.540402170270681 1269.7695765141398 38.984395377337933 6.1552748829126349 23.445899654179811 181.72219091281295 5.9373940713703659 20.006064148619775 66.032562922686338 120.79319009929895 2.4088235087692729 1.9743663500994433 19.293127879500389 7.7302753534167996 6.0439948067069045 131.3203204497695 1.2584352064877737 46.70861235819757 4.0119714885950089 6.2234227359294882 9.6231582090258581 15.45706261880696 9.5076104849576932 21.652269931510091 2.9749120809137812 16.397224063053727
leaf_count=2544 178 137 14409 1571 2002 63621 135 117 91 708 19 245 257 434 5 19 94 27 26 483 36 187 45 13 206 147 28 338 9 73
internal_value=0.038942 -0.0565434 0.0793845 0.0385635 0.0366532 -0.0753977 -0.00869872 -0.0223471 -0.0286372 0.0620025 0.0408509 -0.0391979 0.0610539 0.0563927 -0.0485179 -0.0806333 0.0115472 -0.0273407 -0.0708401 0.0652796 0.0283391 0.0404238 0.166426 0.0419559 0.0337121 -0.0467808 -0.0187158 -0.0406757 0.0122546 -0.0651735
internal_weight=5646.25 1679.93 3966.33 566.156 282.674 1397.25 187.693 125.508 148.709 378.463 196.741 31.9875 219.725 164.753 62.9492 1271.74 43.9601 24.667 26.0501 213.199 58.1343 51.979 5.27041 81.8791 75.6557 125.263 49.5919 40.0842 18.432 75.671
internal_count=88204 69672 18532 4123 3103 66569 2392 2929 2257 1731 1023 290 1096 733 2007 63640 299 205 271 959 385 268 81 476 463 2166 522 494 156 1644
is_linear=0
shrinkage=0.08


Tree=29
num_leaves=31
num_cat=0
split_feature=32 8 8 27 34 36 12 34 12 3 50 20 13 20 50 45 34 4 29 31 36 8 45 32 32 8 42 0 4 6
split_gain=3107.21 497.561 137.516 74.7515 59.999 48.9916 43.0665 40.1714 30.3905 42.1397 29.7984 27.9572 23.2032 19.7573 13.9248 34.8704 28.9704 18.5127 13.3492 13.2991 12.5585 11.5921 10.4006 10.7388 9.85207 10.1442 9.80743 9.39531 10.8048 9.63436
threshold=0.19615384936332705 80.277778625488295 45.512083053588874 1.0000000180025095e-35 0.7897985875606538 24.500000000000004 82.926887512207045 0.22360680997371676 77.806636810302749 33.549783706665046 0.40583056211471563 2.5000000000000004 0.58571431040763866 1.5000000000000002 0.61843746900558483 1.2424533367156985 0.5113695263862611 91.855804443359389 64.846225738525405 47.778905868530281 32.500000000000007 61.311826705932624 1.2424533367156985 0.35857143998146063 0.62828946113586437 20.204081535339359 1.0000000180025095e-35 74.849395751953139 82.116237640380874 90.25574111938478
decision_type=2 2 2 2 2 2 2 2 2 2 2 2 2 2 2 2 2 2 2 2 2 2 2 2 2 2 2 2 2 2
left_child=1 3 4 6 8 7 -1 19 9 22 -5 27 -7 20 15 -4 17 -17 26 -3 -8 -15 -2 -24 25 -25 -13 28 -12 -29
right_child=2 5 14 10 -6 12 13 -9 -10 -11 11 18 -14 21 -16 16 -18 -19 -20 -21 -22 -23 23 24 -26 -27 -28 29 -30 -31
leaf_value=-0.060940369641070968 0.030859686526072017 0.047187012927794182 0.084668491635444459 -0.081128469219840127 0.075448472293548619 -0.066107279066493205 0.23687042663648353 0.057702624720414333 0.06957112341918642 -0.078824584558011973 -0.0034656402475445993 -0.09541671374016214 0.071312516274127824 -0.0416828537884407 0.085968408429645649 -0.059444376181556624 0.070882430323255516 0.090144192143867152 0.10009162869705791 -0.081717669871006607 0.068186077314008359 0.035709618015092641 -0.086741794466764499 -0.090190696342525481 -0.14110864567582995 0.04842877322505313 0.055243233903230493 -0.092291325176174749 0.15765932495809074 0.095047616938816526
leaf_weight=68.259846389293671 68.950509063899517 5.9977532215416423 185.32954722829163 1183.7594116553664 104.59350497275591 8.1950784940272552 3.6457818094640997 31.017458129674196 32.741923673078418 46.537276001647115 4.0660834480077046 26.743380997329954 194.4902756921947 20.579587982967496 3079.4342046454549 29.101712431758642 34.209868267178535 6.4724663496017447 2.8950613029301158 35.093170266598463 12.541968340054153 31.112032862380147 11.29625075124204 4.1162900160998168 2.5861928015947333 18.855488950386643 3.0841886140406123 4.1939227730035773 7.7224240992218256 3.0234804172068834
leaf_count=2461 375 45 781 64287 409 181 22 157 145 787 51 659 862 310 14066 300 134 17 9 1155 60 142 442 44 12 167 16 67 28 13
internal_value=0.0384868 -0.0526472 0.0798874 -0.0723318 0.027016 0.0456084 -0.0160705 -0.0110241 -0.00035385 -0.0153824 -0.0785313 -0.0190974 0.0657563 0.0290508 0.0844804 0.0665193 0.0183194 -0.0322278 -0.0639195 -0.0629024 0.106177 0.00489795 0.0125221 -0.0217857 0.00692398 0.0235897 -0.0798384 0.0580731 0.102084 -0.0138122
internal_weight=5270.65 1646.42 3624.23 1371.63 289.677 274.794 136.139 72.1084 185.084 152.342 1235.49 51.7285 202.685 67.8794 3334.55 255.114 69.784 35.5742 32.7226 41.0909 16.1878 51.6916 105.805 36.8542 25.558 22.9718 29.8276 19.0059 11.7885 7.2174
internal_count=88204 70525 17679 68125 2381 2400 2995 1357 1972 1827 65130 843 1043 534 15298 1232 451 317 684 1200 82 452 1040 665 223 211 675 159 79 80
is_linear=0
shrinkage=0.08


Tree=30
num_leaves=31
num_cat=0
split_feature=33 14 8 44 29 35 52 44 15 12 20 12 21 20 15 15 29 14 33 50 14 14 16 4 8 5 15 2 53 48
split_gain=2843.19 435.285 139.535 89.5538 65.1191 45.7511 30.8345 27.6865 23.568 21.8881 23.0222 17.791 17.6978 17.5941 17.4435 16.6739 14.0463 17.1628 13.3571 13.1866 20.0808 26.44 12.9814 17.2433 16.6616 34.8068 21.8707 11.909 11.9478 11.1822
threshold=0.38675214350223547 0.47727273404598242 49.018096923828132 -1.0000000180025095e-35 83.486705780029311 0.10265191644430162 93.908470153808608 -1.0000000180025095e-35 0.6705426573753358 82.926887512207045 2.5000000000000004 79.814815521240249 0.40175439417362219 7.5000000000000009 0.037386443465948112 0.63211598992347728 21.553544998168949 0.240384615957737 0.77350428700447094 0.58114054799079906 0.095454547554254546 0.240384615957737 0.15184453129768374 83.334892272949233 63.453348159790046 64.747306823730483 0.40967366099357611 72.81223297119142 39.326934814453132 60.809370040893562
decision_type=2 2 2 2 2 2 2 2 2 2 2 2 2 2 2 2 2 2 2 2 2 2 2 2 2 2 2 2 2 2
left_child=1 8 4 5 7 -3 9 18 16 -5 -11 12 -9 14 -14 -12 17 -1 -2 20 -4 -22 23 -19 -24 26 -26 -27 -29 -7
right_child=2 3 19 6 -6 29 -8 11 -10 10 15 -13 13 -15 -16 -17 -18 22 -20 -21 21 -23 24 -25 25 27 -28 28 -30 -31
leaf_value=-0.083758051885041193 -0.06996345851673591 -0.073087025486201343 0.08297337290557652 -0.044648247348983122 0.063901274469358102 0.20096682866664417 0.070242968832090691 0.065643776511824667 0.060911192695251463 0.091055610483692428 -0.077063041772242352 0.083980227149388381 0.053370030770255789 -0.077374061051282486 -0.071899374752363243 0.054777095184201027 -0.080412378012404168 -0.027701700610418649 0.017733586776424497 0.085172514918666772 -0.099840500857341086 0.04764615100795206 -0.077342914378257618 0.37052252299664046 0.37502833348668058 -0.077967824079226158 0.015566664029535526 -0.030184766595033125 0.18285649175376345 0.023293570451459741
leaf_weight=42.009288989007473 47.719744788482785 72.956302117556334 108.52482480369508 29.612564777955413 164.5961799453944 2.4172323644161215 166.57380627468228 19.82903671450913 7.8839574493467799 27.940898099914193 13.046418393030764 21.031854350119829 22.917825665324926 22.298431601375341 10.316641071811317 11.596241563558577 1062.1328952368349 1.5252312067896121 14.490568509325383 2908.9637002572417 9.1318999063223583 52.516790756955743 19.74719756655395 1.2798200920224188 2.576120279729369 11.009363656863572 1.8693331517279146 4.1918503250926724 2.8169414065778255 36.492827825248241
leaf_count=2070 1176 3651 490 575 718 52 720 70 92 117 125 78 124 240 145 42 61753 40 71 14287 136 251 605 5 30 184 30 38 17 272
internal_value=0.0380402 -0.0530157 0.0786574 0.0237251 0.0286516 -0.0357241 0.0504582 -0.00792988 -0.076935 0.0103635 0.0413435 0.0189219 0.000765608 -0.0224003 0.0144839 -0.0150223 -0.0778807 -0.0469814 -0.0495363 0.0839063 0.0622609 0.0257992 -0.012661 0.15399 -0.0237356 0.0233893 0.223873 -0.0260743 0.0554398 0.0343313
internal_weight=4920.02 1517.68 3402.34 360.636 323.2 111.866 248.77 158.604 1157.04 82.1961 52.5836 96.3938 75.3619 55.5329 33.2345 24.6427 1149.16 87.0251 62.2103 3079.14 170.174 61.6487 45.0159 2.80505 42.2108 22.4636 4.44545 18.0182 7.00879 38.9101
internal_count=88204 70418 17786 5554 2622 3975 1579 1904 64864 859 284 657 579 509 269 167 64772 3019 1247 15164 877 387 949 45 904 299 60 239 55 324
is_linear=0
shrinkage=0.08


Tree=31
num_leaves=31
num_cat=0
split_feature=32 14 8 45 34 49 12 12 3 27 6 6 3 21 50 45 29 4 20 1 5 32 16 53 42 1 1 4 8 53
split_gain=2593.23 432.81 132.258 85.5842 51.3955 37.7207 27.2377 25.4253 35.0365 20.9415 27.6693 20.9519 18.4808 16.7087 14.778 33.3535 25.439 15.9192 14.4523 20.0763 13.4166 13.8538 11.5629 11.2481 11.1192 10.4065 12.8948 9.8774 13.3069 11.145
threshold=0.19615384936332705 0.47727273404598242 45.512083053588874 1.2424533367156985 0.7897985875606538 49.629549026489265 82.926887512207045 77.806636810302749 33.549783706665046 20.42305946350098 83.850597381591811 84.485481262207045 95.040985107421889 0.41421362757682806 0.61843746900558483 1.2424533367156985 70.29138565063478 91.855804443359389 2.5000000000000004 91.734970092773452 49.761905670166023 0.62828946113586437 0.34902177751064306 40.500482559204109 1.0000000180025095e-35 77.694858551025405 80.277778625488295 81.593894958496108 68.237251281738295 40.599473953247077
decision_type=2 2 2 2 2 2 2 2 2 2 2 2 2 2 2 2 2 2 2 2 2 2 2 2 2 2 2 2 2 2
left_child=1 9 4 6 7 -5 12 8 23 10 -1 -12 27 -10 15 -4 17 -17 22 -20 21 -15 -8 -2 -25 -13 -27 28 -3 -30
right_child=2 3 14 5 -6 -7 18 -9 13 -11 11 25 -14 20 -16 16 -18 -19 19 -21 -22 -23 -24 24 -26 26 -28 -29 29 -31
leaf_value=-0.070959041002779374 -0.073491518102235809 -0.08154453514009749 0.082948387047473399 -0.069336037902806236 0.072386187758209694 0.026934295148290238 0.22393878367307518 0.066061063701102374 0.07599996597581965 -0.080079264355303992 0.27023165692256157 -0.06917495157192638 0.076676799886719341 -0.095677814183498702 0.084843441257676316 -0.060245975114808809 0.065640951675796227 0.086456068396738833 -0.034364927514431341 0.057953851053217431 0.044682484497751793 -0.3299431716762618 0.076881168347108092 -0.0115516592683236 0.044177168533742921 0.1618946301985259 0.0029382770701687805 -0.13017685652280292 0.11562681942104447 -0.033194910211144291
leaf_weight=58.128863949328661 9.1912460923194867 11.19227709062398 162.69429950416088 70.417635317891836 93.76779867336154 41.340055985376239 3.5303207524120799 30.029831171035767 4.2523529771715394 991.65118264127523 2.0671609118580845 8.2022599522024411 11.872530581429599 33.614527644589543 2658.684037104249 26.999628085643053 32.174570664763451 5.7405164390802375 19.015497885644436 72.767712729051709 4.1770037822425357 1.6971672475337971 111.47027973085642 41.401700712740421 51.312177088111639 4.2233346030116108 14.411455657333134 6.3036928940564385 6.1457371544092876 6.7662583105266094
leaf_count=2768 244 378 781 3669 409 297 13 145 27 61846 27 153 49 718 14066 295 139 17 163 326 30 12 502 595 201 24 79 96 34 101
internal_value=0.0375752 -0.0514064 0.0781646 0.0244395 0.024562 -0.0337249 0.0505385 -0.000964408 -0.014784 -0.076777 -0.0391514 0.0248165 -0.00796844 -0.0746739 0.0831685 0.0636042 0.0151222 -0.0345239 0.0625012 0.0388274 -0.0908993 -0.106937 0.0813956 0.0109228 0.0192913 0.00591306 0.0389637 -0.0410175 -0.0177007 0.0376399
internal_weight=4595.24 1439.51 3155.74 360.822 269.444 111.758 249.064 175.676 145.646 1078.68 87.0331 28.9042 42.2805 43.7411 2886.29 227.609 64.9147 32.7401 206.784 91.7832 39.4887 35.3117 115.001 101.905 92.7139 26.8371 18.6348 30.408 24.1043 12.912
internal_count=88204 70525 17679 5628 2381 3966 1662 1972 1827 64897 3051 283 658 787 15298 1232 451 312 1004 489 760 730 515 1040 796 256 103 609 513 135
is_linear=0
shrinkage=0.08


Tree=32
num_leaves=31
num_cat=0
split_feature=30 51 50 45 50 1 33 52 12 25 27 19 32 1 42 29 50 31 36 21 21 21 12 36 20 15 20 3 13 21
split_gain=2377.03 365.44 156.432 71.132 58.8005 31.0334 30.2502 27.616 25.8763 29.4199 22.1447 23.494 21.8995 18.2578 15.5252 15.5118 10.2354 9.87196 9.83043 10.8566 9.60901 11.5326 16.6873 9.5998 17.6046 10.7783 8.83741 11.4378 12.7469 11.2774
threshold=56.888643264770515 80.133575439453139 0.61843746900558483 1.2424533367156985 0.41730739176273351 84.29276275634767 0.81534090638160717 93.908470153808608 75.138889312744155 1.0000000180025095e-35 20.42305946350098 1.0000000180025095e-35 0.10762548446655275 14.670014381408693 1.0000000180025095e-35 75.419204711914077 0.50817951560020458 84.523811340332045 40.500000000000007 0.9506097435951234 0.86425063014030468 0.88047617673873912 58.240739822387702 31.500000000000004 1.5000000000000002 0.36297760903835302 4.5000000000000009 11.852501869201662 0.63333335518836986 0.4246212244033814
decision_type=2 2 2 2 2 2 2 2 2 2 2 2 2 2 2 2 2 2 2 2 2 2 2 2 2 2 2 2 2 2
left_child=1 4 3 8 10 6 26 20 9 15 11 12 -1 -11 18 -2 -15 -12 19 -6 -3 -22 -23 24 -13 -25 27 -5 -29 -28
right_child=2 7 -4 5 14 -7 -8 -9 -10 13 17 23 -14 16 -16 -17 -18 -19 -20 -21 21 22 -24 25 -26 -27 29 28 -30 -31
leaf_value=-0.075807661326336942 0.013456319440810965 -0.028309390666595498 0.083800613742374047 0.093631171677294386 -0.062078092751232057 0.069107062753141699 0.052645540264629302 0.069160668584380747 0.08159925072123389 0.098587900151246813 -0.079807182119825834 0.24101290373390669 0.50716995417418909 -0.10677903011652676 0.097100780682590385 0.069547763410891791 0.0089564975737090619 0.19535032744845396 0.082529573235492329 0.034269239714434949 0.11440602278707307 -0.084629020900772706 0.045270439727749023 -0.087322545447699337 0.0068791755042921119 0.037501434230984974 -0.00143702774750078 -0.063134523997049996 0.02734937832533484 -0.082215712183945411
leaf_weight=42.991482042707503 48.444207596592605 29.527962822467089 2540.359319254756 5.281056458130478 21.338232538662851 27.131109312176704 26.224437713623047 125.1087858080864 140.31651588156819 4.9743247665464905 963.23780773021281 3.2444039350375551 0.41638720873743196 15.6447946485132 10.87641581520438 90.499735914170742 7.1144267022609702 0.83521243557333846 6.0699978647753587 11.529259631410239 8.5216516405343992 8.7251261398196238 23.048985086381435 6.9753485834226039 5.607882134616375 12.119633257389067 14.475479661487041 28.091589232906699 15.441256231628357 46.893758351914585
leaf_count=2461 326 275 14409 40 489 124 102 559 708 19 65100 19 2 242 38 407 29 8 32 85 28 82 80 245 109 60 231 591 67 1237
internal_value=0.0371277 -0.0541863 0.0759527 0.0335828 -0.0723015 -0.00903409 -0.0245762 0.0466657 0.0562853 0.0349749 -0.0763859 -0.0333821 -0.0702155 -0.0402548 0.0125974 0.0499909 -0.0706006 -0.0795688 -0.011007 -0.0282814 0.00635956 0.0317643 0.00960023 0.0238277 0.0926903 -0.00809645 -0.0429555 -0.0175517 -0.0310396 -0.063162
internal_weight=4291.07 1280.17 3010.89 470.533 1085.24 163.539 136.408 194.933 306.994 166.677 1035.43 71.3551 43.4079 27.7335 49.8139 138.944 22.7592 964.073 38.9375 32.8675 69.8237 40.2958 31.7741 27.9473 8.85229 19.095 110.183 48.8139 43.5328 61.3692
internal_count=88204 69672 18532 4123 68648 2392 2268 1024 1731 1023 68004 2896 2463 290 644 733 271 65108 606 574 465 190 162 433 128 305 2166 698 658 1468
is_linear=0
shrinkage=0.08


Tree=33
num_leaves=31
num_cat=0
split_feature=33 6 8 51 33 51 12 3 32 21 50 27 34 8 45 20 5 31 2 31 15 8 14 0 8 20 0 27 15 31
split_gain=2168.15 349.189 132.045 58.148 51.1942 38.8419 38.8416 41.0418 37.599 19.6897 19.5165 18.671 14.0357 26.0886 26.3737 13.3535 12.8864 11.8923 11.7656 13.1638 17.2059 11.3818 11.3763 10.9861 11.2893 11.5239 16.4088 10.8742 10.0474 9.84827
threshold=0.38675214350223547 89.167831420898452 49.752475738525398 66.701370239257827 0.87867647409439098 87.386363983154311 77.806636810302749 33.549783706665046 0.050641026347875602 0.40175439417362219 0.40583056211471563 20.42305946350098 0.43159537017345434 79.75903701782228 1.2424533367156985 5.5000000000000009 49.761905670166023 74.225582122802749 7.2077922821044931 73.547473907470717 0.063164893537759795 36.032787322998054 0.47727273404598242 70.659969329833999 68.237251281738295 3.5000000000000004 83.43881988525392 38.996854782104499 0.6705426573753358 62.489696502685554
decision_type=2 2 2 2 2 2 2 2 2 2 2 2 2 2 2 2 2 2 2 2 2 2 2 2 2 2 2 2 2 2
left_child=1 3 4 10 6 8 7 18 11 -9 -1 -3 13 14 -4 27 -11 -13 -2 21 -21 -20 28 -24 -25 26 -26 -12 -5 -23
right_child=2 5 12 22 -6 -7 -8 9 -10 16 15 17 -14 -15 -16 -17 -18 -19 19 20 -22 29 23 24 25 -27 -28 -29 -30 -31
leaf_value=-0.079755414397520194 -0.17341896934491854 0.020620035980609935 0.065339083514828533 -0.050689435424950968 0.074514740972911261 0.068120340031438617 0.063971199752155886 0.080312889438898805 0.045046293963423571 -0.11365956204420358 0.11142371761004002 -0.08670565562112767 0.083831704835473822 0.080072418125697861 -0.048241146427125264 -0.080918773115804324 0.029091801874986247 0.20812692941350119 -0.048076803564679395 0.049638666717118141 -0.088144223652070752 0.22602143041695233 0.071729463945778907 -0.079597985945988367 0.070446169878114667 0.073510207461539898 -0.11452703722638859 -0.015594859283383234 0.25330988790008097 0.010610838190615635
leaf_weight=887.1645578769967 2.1940566003322592 17.994975827634335 28.565016552805901 33.037337546236813 90.501753456890583 120.28316651284695 48.369228993542492 4.3720363471657029 63.620467795990407 37.201253517530859 6.1788439061492708 34.845822262577713 2293.6491665914655 129.54138559103012 24.142621966078877 13.004812755621968 4.5412268592044702 0.89814208634197612 28.276150839403272 57.174738427624106 6.4554362064227453 1.8072983771562565 15.519659107550977 10.285329663194714 5.4018253292888421 12.706924355588852 7.1081030955538154 14.289651795290409 0.71077659726142783 5.4679034417495131
leaf_count=65562 32 85 149 909 442 568 263 27 497 790 57 1706 14011 754 240 449 40 3 572 331 64 8 88 117 21 75 45 233 3 63
internal_value=0.0367006 -0.0510407 0.0761853 -0.0716549 0.024754 0.036173 0.00176076 -0.0186411 0.00342981 -0.0812116 -0.0774929 -0.0458391 0.0821338 0.0607654 0.0133139 -0.0175277 -0.0981294 -0.0792974 0.00982147 0.013875 0.0356603 -0.0251163 -0.00825193 0.0155832 -0.008961 0.0198501 -0.034655 0.0227484 -0.0442868 0.0641229
internal_weight=4005.31 1243.05 2762.26 1005.41 286.361 237.643 195.859 147.49 117.359 46.1145 920.638 53.7389 2475.9 182.249 52.7076 33.4733 41.7425 35.744 101.376 99.1815 63.6302 35.5514 84.77 51.0218 35.5022 25.2169 12.5099 20.4685 33.7481 7.2752
internal_count=88204 70418 17786 67559 2632 2859 2190 1927 2291 857 66301 1794 15154 1143 389 739 830 1709 1070 1038 395 643 1258 346 258 141 66 290 912 71
is_linear=0
shrinkage=0.08


Tree=34
num_leaves=31
num_cat=0
split_feature=30 14 50 45 45 32 6 11 29 6 3 6 16 27 29 13 20 1 6 27 52 27 21 33 4 8 2 4 35 21
split_gain=1985.06 311.626 129.758 78.0508 58.0822 26.5977 22.6693 21.9684 21.1368 21.9766 18.7837 18.4244 18.3706 14.7605 13.497 13.3778 13.3745 16.0078 13.1094 13.1015 19.5302 11.5072 11.1694 10.2906 10.0271 9.88625 11.6316 9.70322 11.0923 9.50499
threshold=61.128803253173835 0.47727273404598242 0.61843746900558483 1.2424533367156985 1.2424533367156985 0.43167701363563543 64.80170059204103 64.611003875732436 21.553544998168949 83.850597381591811 33.549783706665046 93.851181030273452 0.097800094634294524 58.681159973144538 83.486705780029311 0.81666666269302379 2.5000000000000004 91.734970092773452 84.485481262207045 65.020324707031264 63.085796356201179 41.56573677062989 0.6760731339454652 0.46862745285034185 75.252025604248061 47.340124130249031 26.975051879882816 78.407890319824233 0.10265191644430162 0.93405798077583324
decision_type=2 2 2 2 2 2 2 2 2 2 2 2 2 2 2 2 2 2 2 2 2 2 2 2 2 2 2 2 2 2
left_child=1 8 4 7 6 19 10 15 9 -1 14 23 22 -10 -2 -3 -9 -18 -11 21 24 29 -12 -5 -21 26 -7 -13 -29 -6
right_child=2 3 -4 11 5 25 -8 16 13 18 12 27 -14 -15 -16 -17 17 -19 -20 20 -22 -23 -24 -25 -26 -27 -28 28 -30 -31
leaf_value=-0.067860626907423852 0.020578282236409968 -0.037734753852785213 0.082812420481574042 -0.080330737531445026 -0.048117612395733679 0.052557263511596279 0.080729660866098035 0.077548625445926944 -0.080157220890937853 0.19401865129194767 -0.021890056642177864 0.1404431926530916 0.029767678336570069 0.050360935653662724 0.077232552681797184 0.075334661680275139 -0.030216985904113619 0.052831056332148817 0.0041981237126599595 -0.093623494343138297 0.058276208412832375 -0.086409606754481491 -0.17617950665576551 0.12198097108913093 0.061195990870914603 0.083142161018729066 -0.035123442270326252 -0.065907019878506681 0.042979742735313416 0.11665368067780695
leaf_weight=47.519289400428534 54.752893701195717 28.206401777453721 2191.5090654678643 52.180813613347709 6.1957032578065974 20.259742675349116 120.17525805160403 94.126452522352338 778.06895498465747 2.5660133343189981 5.9435454700142163 3.0826009754091528 16.768112389370799 5.5852863509207955 52.927462607622147 8.7819771552458388 19.350183988921344 63.932701885700226 25.157269855029881 13.383922823704781 17.474178362637758 36.960641037672758 6.0693049728870392 1.6602809205651272 3.3468545395880929 17.456222858279943 18.547936297953129 11.734231144189836 12.226193353533743 3.5099729551002383
leaf_count=2744 280 608 14409 3370 114 80 695 484 61718 27 48 14 117 88 275 43 168 328 257 447 85 917 87 4 13 93 168 462 41 20
internal_value=0.0362699 -0.0509647 0.0752152 0.0199314 0.0329334 -0.00909799 0.0553931 0.0451942 -0.0753383 -0.0348369 0.0330804 -0.0470322 -0.0243301 -0.079227 0.0484252 -0.0108892 0.0568871 0.0335354 0.0217675 -0.038485 -0.000874338 -0.0660525 -0.0998424 -0.0740921 -0.0626531 0.0331416 0.0106507 0.00684246 -0.0103458 0.0114705
internal_weight=3739.46 1154.18 2585.28 295.282 393.772 137.135 256.637 214.398 858.897 75.2426 136.461 80.8841 28.781 783.654 107.68 36.9884 177.409 83.2829 27.7233 80.8713 34.205 46.6663 12.0129 53.8411 16.7308 56.2639 38.8077 27.043 23.9604 9.70568
internal_count=88204 70356 17848 5522 3439 1937 1502 1631 64834 3028 807 3891 252 61806 555 651 980 496 284 1596 545 1051 135 3374 460 341 248 517 503 134
is_linear=0
shrinkage=0.08


Tree=35
num_leaves=31
num_cat=0
split_feature=32 6 50 27 45 36 34 50 6 1 33 13 15 15 42 1 1 25 0 31 30 27 6 51 31 4 6 13 25 0
split_gain=1814.11 304.478 108.366 53.7314 46.1386 36.2545 35.1497 24.8344 24.6598 21.9359 23.0429 20.188 18.574 17.9159 13.192 12.4482 11.438 15.966 11.3304 10.9647 10.6968 10.3704 10.2972 12.7955 10.1431 9.82352 15.1178 9.54594 9.48908 9.29685
threshold=0.19615384936332705 89.167831420898452 0.61843746900558483 20.42305946350098 1.2424533367156985 24.500000000000004 0.22360680997371676 0.40583056211471563 65.97672271728517 84.29276275634767 0.77350428700447094 0.46428571641445165 0.56330129504203807 0.037386443465948112 1.0000000180025095e-35 80.810150146484389 49.691358566284187 1.0000000180025095e-35 31.643132209777836 90.451751708984389 88.153816223144545 60.630899429321296 68.330669403076186 59.540592193603523 74.888961791992202 52.639791488647468 64.171176910400405 0.63333335518836986 1.0000000180025095e-35 56.77343940734864
decision_type=2 2 2 2 2 2 2 2 2 2 2 2 2 2 2 2 2 2 2 2 2 2 2 2 2 2 2 2 2 2
left_child=1 3 4 11 8 6 -3 -5 13 10 -6 -1 28 24 21 -8 18 -18 -15 25 -20 -9 -13 29 -2 -12 -27 -19 -7 -24
right_child=2 5 -4 7 9 12 15 14 -10 -11 19 22 -14 16 -16 -17 17 27 20 -21 -22 -23 23 -25 -26 26 -28 -29 -30 -31
leaf_value=-0.081672557360888284 0.011597872481263474 -0.066209687175903087 0.0824902002660277 -0.080698464391958921 -0.047717863114623615 0.019728783470288551 -0.08545744380443189 -0.054035891214574402 0.08119425008532595 0.071299004051444972 0.083463010717582928 -0.055337808140456621 0.067369447630177839 -0.0043540211327625514 0.090194629640262924 0.068763300625446028 0.067789819616041302 -0.11577996501113871 -0.056799584433768271 -0.077419053501930624 -0.24541966664445625 0.074310844463756118 -0.081518847700918884 0.0077349923285032389 0.071761081740681867 -0.11645539095593856 0.073279991963387039 0.087050087792328035 -0.097981070433506193 0.25976384738843111
leaf_weight=24.202174229547381 25.632877639494836 37.377404532395303 2007.7344989441335 734.54570500552654 66.15342917945236 16.94785271212459 3.8292636005207923 28.312676115892828 121.78651007637382 20.308791309595108 19.827290458604697 16.556803458370268 132.54463076218963 13.631123361177744 6.3433942422270766 26.744029269553721 19.087629522196949 6.1053468938916939 5.5652201985940319 5.0355607755482188 2.9411622658371925 4.6975537613034239 0.66538457851856891 64.886085154488683 59.715606141835451 4.8416191022843105 6.0412220563739538 1.9623302370309827 5.9120515407994381 2.1994492225348949
leaf_count=1771 183 1656 14252 63559 1476 139 69 736 745 98 75 739 740 100 28 143 115 95 114 24 20 26 42 690 305 43 25 9 158 29
internal_value=0.0358369 -0.0488691 0.0750869 -0.0699894 0.0358305 0.0345708 -0.0141717 -0.0773814 0.0551092 -0.00462195 -0.0197532 -0.0172692 0.0558835 0.0315146 -0.015467 0.0494474 -0.00688499 0.0279095 -0.0495662 0.0320001 -0.122017 -0.0357714 0.00121901 0.0150402 0.0536921 0.0499416 -0.0111305 -0.0664449 -0.0107135 0.180498
internal_weight=3492.13 1105.76 2386.37 882.409 378.636 223.355 67.9507 773.899 256.428 122.208 101.899 108.51 155.405 134.641 39.3536 30.5733 49.2928 27.1553 22.1375 35.7457 8.50638 33.0102 84.3077 67.7509 85.3485 30.7101 10.8828 8.06768 22.8599 2.86483
internal_count=88204 70525 17679 67620 3427 2905 1868 64349 1686 1741 1643 3271 1037 941 790 212 453 219 234 167 134 762 1500 761 488 143 68 104 297 71
is_linear=0
shrinkage=0.08


Tree=36
num_leaves=31
num_cat=0
split_feature=32 2 8 51 33 7 12 3 48 43 21 36 51 20 28 6 50 45 35 20 53 12 2 48 27 15 29 27 44 43
split_gain=1656.28 280.284 122.507 42.96 41.9233 36.1296 30.6062 33.937 27.7128 25.8306 16.9307 14.4634 13.7317 12.787 14.5613 11.8709 11.1505 19.1162 17.3267 12.6812 11.1308 14.6259 10.528 9.69961 9.66672 9.28341 9.12321 8.63757 8.37224 8.0501
threshold=0.19615384936332705 76.50690078735353 49.018096923828132 66.701370239257827 0.87867647409439098 88.185440063476577 77.806636810302749 33.549783706665046 62.838853836059577 1.0000000180025095e-35 0.40175439417362219 25.500000000000004 48.861520767211921 2.5000000000000004 48.993106842041023 84.715644836425795 0.61843746900558483 1.9729550480842593 0.37567204236984258 9.5000000000000018 40.599473953247077 40.503246307373054 7.2077922821044931 76.181709289550795 64.026142120361342 0.0745370388031006 67.658115386962905 20.42305946350098 1.0000000180025095e-35 1.0000000180025095e-35
decision_type=2 2 2 2 2 2 2 2 2 2 2 2 2 2 2 2 2 2 2 2 2 2 2 2 2 2 2 2 2 2
left_child=1 3 4 8 6 9 7 22 -1 15 -9 12 -7 14 -10 20 17 -4 19 -19 21 -3 -2 -11 28 -24 29 -14 -15 -8
right_child=2 5 16 -5 -6 11 26 10 13 23 -12 -13 27 24 -16 -17 -18 18 -20 -21 -22 -23 25 -25 -26 -27 -28 -29 -30 -31
leaf_value=-0.079208736362757035 -0.17351028804702309 0.20274426578762167 0.079283646063677507 -0.010464229077352795 0.071122479693131804 0.061400331474016571 0.048488444372488643 0.077699343722986425 0.26391182045388945 -0.079856059517979278 -0.097128515035847851 0.074258329045013352 0.050154552982100559 -0.085162939657489764 0.023241250802648664 0.042938979131446946 0.0827221918407718 -0.0014813277487673478 0.06709792570145158 -0.15061571588675485 -0.084035072554362211 -0.032728538733093053 0.019026155422864028 0.065219133936604196 0.08722921822940212 -0.077753949156263158 0.079533064681922727 -0.081327014074350376 0.069762773343166731 -0.12680050606123655
leaf_weight=705.82173279579729 2.0044224718585602 2.4540777616202858 106.62390597164631 70.449029839597642 75.788279645144939 17.326448228210211 4.2218287289142609 3.9300528401508918 1.927603974007069 28.73248294647783 36.197556880302727 95.133038547821343 4.5384031087160102 15.797613356262451 9.7318512545898539 49.030304313637316 1821.3253669366241 19.980310791172091 23.87634159065783 4.4644363950937977 10.935287237167357 5.4092860389500856 85.187160638161004 3.2869108021259299 3.2076755389571181 6.8536413395777336 32.513396639376879 10.8248482812196 2.5997983813285819 2.7814701702445737
leaf_count=65345 31 17 710 1198 440 101 20 28 13 1780 823 560 26 421 83 271 13994 179 130 63 284 40 902 15 13 131 175 344 14 53
internal_value=0.0353925 -0.0481017 0.074301 -0.070156 0.0214761 0.0303171 -0.000186803 -0.0184117 -0.0758457 -0.00574088 -0.0800061 0.0584836 0.0125764 -0.0044883 0.0630302 0.0222158 0.0809695 0.0603671 0.0186263 -0.0287183 -0.031834 0.0407602 0.0078696 -0.0649635 -0.0409255 0.0118196 0.0616931 -0.0424865 -0.0632699 -0.0211303
internal_weight=3262.95 1037.21 2225.75 809.535 249.478 227.671 173.69 134.173 739.086 99.8483 40.1276 127.823 32.6897 33.2645 11.6595 67.829 1976.27 154.945 48.3211 24.4447 18.7987 7.86336 94.0452 32.0194 21.6051 92.0408 39.5167 15.3633 18.3974 7.0033
internal_count=88204 70525 17679 67087 2603 3438 2163 1915 65889 2407 851 1031 471 544 96 612 15076 1082 372 242 341 57 1064 1795 448 1033 248 370 435 73
is_linear=0
shrinkage=0.08


Tree=37
num_leaves=31
num_cat=0
split_feature=30 14 50 45 25 20 4 33 29 3 2 6 45 6 49 20 50 12 32 6 5 8 5 13 31 11 53 20 3 8
split_gain=1512.28 251.221 123.003 56.8476 45.9258 41.4798 25.7659 25.551 21.6618 18.7448 21.9693 18.0718 16.7511 15.7379 14.7333 12.9635 12.0503 11.8008 11.7921 8.93791 10.07 11.8943 14.6272 13.5546 8.83942 8.78431 11.7783 8.48342 10.8756 8.32934
threshold=61.128803253173835 0.47727273404598242 0.61843746900558483 1.2424533367156985 1.0000000180025095e-35 4.5000000000000009 71.939365386962905 0.87867647409439098 21.553544998168949 74.133811950683608 88.998897552490249 83.850597381591811 1.7005987167358401 93.851181030273452 54.610857009887702 2.5000000000000004 0.4324555397033692 89.12878799438478 0.43167701363563543 84.485481262207045 41.421361923217781 63.453348159790046 64.747306823730483 0.58571431040763866 90.943351745605483 10.263157844543459 38.891193389892585 1.5000000000000002 91.024166107177749 84.680576324462905
decision_type=2 2 2 2 2 2 2 2 2 2 2 2 2 2 2 2 2 2 2 2 2 2 2 2 2 2 2 2 2 2
left_child=1 8 4 9 6 16 7 12 11 -3 17 -1 -2 -5 -10 -16 -6 25 -14 -13 -21 -22 -23 -24 -20 26 -11 -19 -29 -27
right_child=2 3 -4 13 5 -7 -8 -9 14 10 -12 19 18 -15 15 -17 -18 27 24 20 21 22 23 -25 -26 29 -28 28 -30 -31
leaf_value=-0.065077294214504131 0.027366448376469663 0.28562543975241972 0.081472958463415485 -0.072476158856947456 -0.09097169062770899 -0.097831463602683466 0.07654322936179804 0.074575490064290775 -0.080595679304353157 0.23933855534240001 0.069146065657813699 0.1506613688486805 -0.084277635477157123 0.0071319604545753389 0.10286403795553412 -0.054052589196587876 0.033951649345521195 0.080004090461943067 0.026846239382246919 0.20930717935996165 -0.10008269544474323 0.18611194072377368 -0.082848230443414522 0.078220953120325537 -0.10758825510862792 -0.094769203463305363 -0.0080124297123679786 -0.035059548560989022 0.037776853067153296 0.035046783740979859
leaf_weight=40.514778832904994 73.98457315005362 1.9804274970665563 1752.1620098650455 44.290566649287939 5.5395395262166849 30.079503094777465 103.84185399953276 47.75954957306385 607.88540552742779 1.4738006126135603 82.659426352009177 2.9448426011949804 18.266230973415077 24.788146392442286 5.1299274703487745 9.818644645623861 45.804352927953005 16.843878522515297 17.7297094212845 1.4282840788364435 6.6280790567398098 3.0145158357918289 7.2776915850117785 6.1860672067850828 3.8014372140169135 13.590192670002581 7.5116831446066499 18.695494038052857 43.994372586719692 4.1229013092815867
leaf_count=2744 412 20 14409 3374 218 673 723 287 61280 11 504 27 714 517 97 429 273 74 119 3 132 18 82 22 20 410 163 167 265 17
internal_value=0.0349421 -0.0487601 0.072857 0.0182774 0.029327 -0.0232308 0.0454525 0.0254668 -0.0739856 0.0407835 0.0382165 -0.0311107 0.00485355 -0.0439096 -0.0786662 -0.000203238 0.0204736 0.0141502 -0.0369986 0.0189684 0.00316156 -0.00958102 0.0268216 -0.00884328 0.00311112 -0.0318701 0.0325581 0.0295987 0.0160554 -0.0645532
internal_weight=3049.75 950.779 2098.97 259.951 346.807 81.4234 265.383 161.542 690.828 190.872 188.892 67.9943 113.782 69.0787 622.834 14.9486 51.3439 106.232 39.7974 27.4795 24.5346 23.1064 16.4783 13.4638 21.5311 26.6986 8.98548 79.5337 62.6899 17.7131
internal_count=88204 70356 17848 5522 3439 1164 2275 1552 64834 1631 1611 3028 1265 3891 61806 526 491 1107 853 284 257 254 122 104 139 601 174 506 432 427
is_linear=0
shrinkage=0.08


Tree=38
num_leaves=31
num_cat=0
split_feature=32 14 52 45 33 35 27 45 7 1 52 3 52 20 35 27 32 21 20 48 43 12 14 32 16 29 19 29 27 32
split_gain=1383.93 257.217 101.039 40.681 40.2792 22.2473 22.2123 21.5248 18.3162 16.0848 16.3511 14.7044 13.1834 12.103 11.5069 11.2056 10.7487 10.2063 19.4721 9.87091 23.541 23.8988 19.2829 11.0237 15.5019 20.4991 9.85365 9.88134 9.25784 9.09313
threshold=0.19615384936332705 0.47727273404598242 71.516754150390639 1.9729550480842593 0.77350428700447094 0.10265191644430162 20.42305946350098 1.2424533367156985 88.998897552490249 76.123405456542983 64.747306823730483 74.322341918945327 51.022111892700202 4.5000000000000009 0.4660919606685639 26.705426216125492 0.80384615063667308 0.40175439417362219 6.5000000000000009 84.752857208251967 1.0000000180025095e-35 66.283069610595717 0.13392857462167743 0.26491229236125952 0.58578637242317211 66.211555480957045 1.0000000180025095e-35 45.078563690185554 58.681159973144538 0.061553031206130988
decision_type=2 2 2 2 2 2 2 2 2 2 2 2 2 2 2 2 2 2 2 2 2 2 2 2 2 2 2 2 2 2
left_child=1 6 4 8 7 15 9 14 11 -1 -11 -3 16 -7 26 29 17 -6 -19 20 -4 22 -22 24 25 -23 27 -2 -8 -5
right_child=2 3 19 5 12 13 28 -9 -10 10 -12 -13 -14 -15 -16 -17 -18 18 -20 -21 21 23 -24 -25 -26 -27 -28 -29 -30 -31
leaf_value=-0.06528412949509195 0.074772985217210222 0.20953679078344128 0.080812441224261816 -0.050945853473737659 0.0549682117366476 0.042897224042477915 -0.079959334467307144 -0.047056259444887519 0.068058165492257822 0.29093242999915769 0.0012317705577041258 0.013024600633113472 0.076804035377084592 -0.06981409343718023 0.060230303605845754 -0.083032503590400777 0.074049016692326899 0.040407214627373511 -0.089016581812562792 0.082553984547239237 0.084524301284050737 -0.14876981632224318 -0.15589030869199474 0.076369001393296679 0.076061293051578133 0.091434188358527999 0.088996433914146786 -0.037914616521410253 0.014315271125652505 0.15400825246807295
leaf_weight=36.736268990673125 5.9150809254497281 2.4961286690086117 147.26328100264072 3.1968758944421998 18.617802608758211 27.765777408145368 574.82515349425375 49.362641625106335 82.282764536328614 1.3046265142038489 28.173001748509705 102.81830992270261 83.263686127960682 7.8130533127114168 29.209765011444688 37.606004359200597 23.883635133504868 15.808566046878697 14.054008932784198 1454.3532742299139 2.9715269804000837 6.8506278507411498 7.5860277721658349 28.445663299411535 8.7182239145040494 3.4034753888845444 6.1719841416925183 31.508612220175564 6.7447587046772233 2.4449891438707709
leaf_count=2509 64 22 1207 179 86 207 61705 1392 543 33 509 1134 615 134 162 3400 156 74 91 12973 23 51 70 198 63 17 28 409 141 9
internal_value=0.0344777 -0.0466537 0.0727617 0.019514 0.0281073 -0.0287114 -0.0738674 -0.00627474 0.0397778 -0.029964 0.0140534 0.0176823 0.0550974 0.018146 0.0213754 -0.0672597 0.0301212 0.00848029 -0.0205026 0.0802363 0.0638125 0.020631 -0.0882233 0.0448672 -0.00236414 -0.0690429 -0.0046579 -0.0201035 -0.078866 0.0378742
internal_weight=2851.6 914.208 1937.39 266.424 277.796 78.8267 647.784 122.168 187.597 66.2139 29.4776 105.314 155.628 35.5788 72.8054 43.2479 72.364 48.4804 29.8626 1659.59 205.239 57.9755 10.5576 47.418 18.9723 10.2541 43.5957 37.4237 581.57 5.64187
internal_count=88204 70525 17679 5628 3077 3929 64897 2055 1699 3051 542 1156 1022 341 663 3588 407 251 165 14602 1629 422 93 329 131 68 501 473 61846 188
is_linear=0
shrinkage=0.08


Tree=39
num_leaves=31
num_cat=0
split_feature=32 14 50 1 7 45 29 4 53 15 52 29 43 5 45 50 2 12 32 36 36 2 4 0 12 7 36 35 1 1
split_gain=1263.6 237.869 102.283 36.7702 36.3744 27.392 27.1094 22.8754 19.098 16.0591 15.2702 14.5469 12.8893 12.4212 11.8822 11.83 10.5647 14.346 10.385 10.349 10.1628 24.7243 51.1358 14.1454 9.13064 9.08055 8.39016 17.1603 8.10282 7.26692
threshold=0.19615384936332705 0.47727273404598242 0.61843746900558483 82.807880401611342 91.010101318359389 1.9729550480842593 72.665004730224624 83.837310791015639 33.126770019531257 0.6705426573753358 74.133811950683608 60.440891265869148 1.0000000180025095e-35 64.747306823730483 1.9729550480842593 0.47748649120330816 26.975051879882816 81.026782989501967 0.12060606107115747 46.500000000000007 70.500000000000014 65.240276336669936 65.557815551757827 74.133811950683608 82.926887512207045 61.938297271728523 20.500000000000004 0.12956301122903827 87.298336029052749 68.801231384277358
decision_type=2 2 2 2 2 2 2 2 2 2 2 2 2 2 2 2 2 2 2 2 2 2 2 2 2 2 2 2 2 2
left_child=1 7 3 6 5 10 14 20 13 18 -3 19 -8 -9 15 29 -14 -18 -10 -7 -1 -22 -23 -24 -12 -16 27 -6 -20 -2
right_child=2 4 -4 -5 26 11 12 8 9 -11 24 -13 16 -15 25 -17 17 -19 28 -21 21 22 23 -25 -26 -27 -28 -29 -30 -31
leaf_value=-0.080557419858697424 -0.030121856829926071 0.24479918359013489 0.080867122163072125 0.075888688873305674 -0.095893056343561336 -0.079172562136970603 0.054419802994343146 0.15440006674946952 -0.072577682527283485 0.087708278384258612 -0.023262927979282987 0.083054365681903539 0.040135020935607377 -0.049904199205622897 -0.089266195803874793 0.07529343247430928 -0.064185188773862867 0.061805602648958548 -0.0076381244514919433 0.014112250682090701 -0.079227369059511013 0.90774181346930949 -0.086083212459393155 0.23556347640015898 0.028961647208933936 -0.0059762686588008471 0.072448729201924467 0.066189641866747279 0.21816196825433209 0.068948186811890966
leaf_weight=521.68410019855946 35.068301905877888 1.8887413386255492 1486.2266540303826 85.607739286497235 6.258923587389293 41.362212738022208 90.075909879989922 5.4901225436478835 46.246406799182296 5.2841228805482379 28.933689076453447 4.8474408388137809 28.713350908830762 2.9161690343171358 21.393136607483029 11.468071669340132 20.47697100695223 8.0610569491982442 6.2333344817161551 9.3276678463444096 10.111449856311081 0.50465651601552863 2.1012555118650202 1.499537539668381 82.566001988947392 13.769298644736407 70.570674745365977 12.589372374117373 1.2154352087527511 5.4788783052936187
leaf_count=59848 452 19 14252 656 222 3313 572 74 3742 49 634 16 203 48 974 66 336 33 140 299 843 15 103 27 554 97 499 72 8 38
internal_value=0.0340075 -0.0457082 0.0720323 0.0310135 0.0185251 -0.003315 0.0146315 -0.0732147 -0.0292837 -0.0453624 0.0192306 -0.0493455 0.035555 0.0835263 -0.0207285 0.00355486 0.00587429 -0.0285969 -0.0584579 -0.0620068 -0.0787388 -0.0120035 0.153564 0.0478654 0.0154096 -0.0566506 0.0597843 0.0123671 0.0292063 -0.0167352
internal_weight=2667.97 861.631 1806.34 320.113 258.345 168.926 234.505 603.287 67.3856 58.9793 113.388 55.5373 147.327 8.40629 87.1777 52.0153 57.2514 28.538 53.6952 50.6899 535.901 14.2169 4.10545 3.60079 111.5 35.1624 89.419 18.8483 7.44877 40.5472
internal_count=88204 70525 17679 3427 5628 4835 2771 64897 4061 3939 1207 3628 1144 122 1627 556 572 369 3890 3612 60836 988 145 130 1188 1071 793 294 148 490
is_linear=0
shrinkage=0.08


Tree=40
num_leaves=31
num_cat=0
split_feature=32 6 8 27 34 36 34 48 6 0 13 15 35 7 45 13 21 5 52 53 5 1 8 16 53 27 2 42 36 15
split_gain=1153.01 203.494 115.507 47.4185 33.4815 24.5473 30.5342 24.5186 17.6683 23.4153 14.7735 13.1971 12.2981 22.4715 22.656 12.2961 15.469 11.0071 33.626 9.85816 9.57329 9.10911 8.39333 8.72851 7.98626 7.91466 7.48808 7.39452 7.33745 7.15687
threshold=0.19615384936332705 89.167831420898452 49.018096923828132 20.42305946350098 0.7897985875606538 21.500000000000004 0.22360680997371676 59.460998535156257 71.916435241699233 35.025774002075202 0.46428571641445165 0.56330129504203807 0.37567204236984258 74.464202880859389 1.9729550480842593 0.63333335518836986 0.41967740654945379 69.631092071533217 71.516754150390639 71.135948181152358 71.834934234619155 80.810150146484389 83.910789489746108 0.71547618508338939 40.500482559204109 64.026142120361342 8.3771929740905779 1.0000000180025095e-35 25.500000000000004 0.0745370388031006
decision_type=2 2 2 2 2 2 2 2 2 2 2 2 2 2 2 2 2 2 2 2 2 2 2 2 2 2 2 2 2 2
left_child=1 3 4 10 8 6 -3 -5 9 24 -1 20 13 14 -4 16 -11 25 -19 -18 -7 -8 23 -12 -2 27 -26 -9 -20 -28
right_child=2 5 12 7 -6 11 21 17 -10 15 22 -13 -14 -15 -16 -17 19 18 28 -21 -22 -23 -24 -25 26 -27 29 -29 -30 -31
leaf_value=-0.08132837724139258 -0.073180275317475729 -0.075931528700019998 0.062462832396332615 -0.080677451848711168 0.064068034678034805 0.064404132837219977 -0.082755767597470845 -0.082840210464175501 0.059516027350841785 0.059394684755164101 -0.0027098895315187722 0.059415927778661316 0.081540995293492777 0.074972655761463308 -0.068835654239995381 0.04278775531856005 -0.091322635597179777 0.54658523137680315 -0.05647115823627024 -0.23038700203968218 -0.047799910047128233 0.064381342225029212 0.06705908534864391 -0.12239846991460172 -0.10612179605654858 0.088294922702827169 0.025805844415355127 0.034885430573493907 0.060899484286010185 -0.0559322023086158
leaf_weight=17.367635132744908 7.5203303159214547 27.011936475522816 17.577084384858608 492.51558935036883 65.465929634869099 7.4268315983936217 3.06566352862865 19.167503724806018 23.243572576902807 3.9196550874039557 63.68805402610451 108.73735993355513 1335.8457435294986 102.07162029668689 16.128776303958148 5.2715012370608738 23.649985620751981 0.79133054427802463 5.9773929710499925 3.784516714513301 14.117118761409072 22.143227896653116 10.426079396158455 4.1538895163685075 3.2446856331080189 2.4858493627980343 70.858847417403013 4.1548401848413041 7.9328340133652091 7.590102427173405
leaf_count=1771 244 1579 133 62950 488 79 64 1011 159 34 1424 787 13758 963 222 33 716 30 219 20 255 141 43 33 36 11 701 47 81 172
internal_value=0.033512 -0.0448608 0.0712146 -0.0664501 0.0163771 0.0295071 -0.0168352 -0.0757567 -0.00456514 -0.0164014 -0.0145797 0.0480825 0.0792094 0.0562705 -0.000365527 -0.07026 -0.0892665 -0.0159301 0.0393213 -0.110506 -0.00911989 0.0464879 0.000231845 -0.0100383 0.00570953 -0.0474039 0.0129717 -0.0618676 0.0104639 0.0178975
internal_weight=2497.34 811.163 1686.17 628.661 214.549 182.502 52.2208 533.025 149.083 125.84 95.6357 130.281 1471.62 135.777 33.7059 36.6257 31.3542 40.5098 14.7016 27.4345 21.544 25.2089 78.268 67.8419 89.214 25.8082 81.6936 23.3223 13.9102 78.4489
internal_count=88204 70525 17679 67620 2603 2905 1784 64349 2115 1956 3271 1121 15076 1318 355 803 770 1399 330 736 334 205 1500 1457 1153 1069 909 1058 300 873
is_linear=0
shrinkage=0.08


Tree=41
num_leaves=31
num_cat=0
split_feature=30 14 52 45 34 29 25 35 45 6 2 6 49 14 1 1 28 6 3 20 21 36 51 14 2 10 36 2 4 21
split_gain=1051.65 184.706 98.1948 35.9791 32.874 22.4184 19.6203 16.6816 22.5149 19.7708 15.3323 14.5919 14.5466 14.028 19.8149 13.0218 12.888 12.6118 11.7365 10.0058 8.93181 8.76239 8.30873 10.6233 8.77192 8.19175 8.12563 16.2295 25.1174 11.8109
threshold=61.128803253173835 0.47727273404598242 71.516754150390639 1.2424533367156985 0.7897985875606538 21.553544998168949 1.0000000180025095e-35 0.29561458528041845 1.9729550480842593 90.696426391601577 88.998897552490249 83.850597381591811 54.610857009887702 0.38750000298023229 17.712418556213382 69.504829406738295 69.49753570556642 93.851181030273452 74.023338317871108 2.5000000000000004 0.88047617673873912 8.5000000000000018 64.893218994140639 0.240384615957737 52.223320007324226 1.0000000180025095e-35 70.500000000000014 65.240276336669936 63.689090728759773 0.59317129850387584
decision_type=2 2 2 2 2 2 2 2 2 2 2 2 2 2 2 2 2 2 2 2 2 2 2 2 2 2 2 2 2 2
left_child=1 5 4 10 6 11 15 8 -4 16 18 26 -7 14 20 -2 -10 -5 -3 -14 -8 -19 23 -13 -24 -20 -1 -28 -29 -30
right_child=2 3 7 17 -6 12 13 -9 9 -11 -12 22 19 -15 -16 -17 -18 21 25 -21 -22 -23 24 -25 -26 -27 27 28 29 -31
leaf_value=-0.083651079925058394 0.0053454392133708293 0.22325716087388656 0.075399789560124608 -0.070182642239033352 0.066435701903146877 -0.080327559327826883 -0.11589879047444533 0.080373405683046267 -0.036107478658267328 0.053501066595067988 0.063454644328757207 -0.082328372094048599 0.093626066557505216 0.083006451578340801 -0.093320407000614905 0.066117180833592637 -0.21015609995212742 -0.072062400215246056 -0.028686862416390214 -0.049225556178537078 0.080287767245843661 0.038667772326418527 0.098252815057280965 0.1908324063027908 -0.027338173867244363 0.023923372038102735 -0.081432375859360639 0.54052490990600388 0.32908419307816977 -0.084275416162042871
leaf_weight=25.229344742372632 97.825871379114687 1.6873646732419718 48.488788899034262 34.622115547768772 77.742176614701748 444.81712829181924 1.8546244641765932 1269.6256635272875 11.057203258387743 14.181576196104288 66.582782607525587 1.2544356333091879 5.0177113069221368 4.9664269648492327 28.326169649139047 29.331565724685788 3.6124330088496217 6.4137907205149558 25.43563480861485 8.3770714416168612 7.4558021416887641 15.942373403348027 4.449955306947234 3.3298766845837235 17.781860571354628 74.189450164325535 4.9868234624154848 0.79138647392392192 0.5907092206180099 1.7619288545101879
leaf_count=2204 1223 18 457 3374 662 61280 43 14049 85 115 504 72 97 34 862 239 29 288 602 429 50 229 32 41 139 507 459 4 6 71
internal_value=0.0330312 -0.0455586 0.0696659 0.0149919 0.0233517 -0.0718251 0.00362122 0.0781761 0.0421044 -0.0138536 0.0336335 -0.0259174 -0.077854 -0.0433655 -0.0600413 0.0193637 -0.0789674 -0.0399382 0.0140349 0.00428694 0.0412077 0.00690024 0.0180216 0.116086 -0.00219968 0.0104913 -0.0612371 0.00831168 0.150657 0.0195125
internal_weight=2337.73 743.262 1594.47 224.874 247.503 518.388 169.76 1346.97 77.34 28.8512 167.895 60.1763 458.212 42.603 37.6366 127.157 14.6696 56.9783 101.312 13.3948 9.31043 22.3562 26.8161 4.58431 22.2318 99.6251 33.3602 8.13085 3.14402 2.35264
internal_count=88204 70356 17848 5522 3113 64834 2451 14735 686 229 1631 3028 61806 989 955 1462 114 3891 1127 526 93 517 284 113 171 1109 2744 540 81 77
is_linear=0
shrinkage=0.08


Tree=42
num_leaves=31
num_cat=0
split_feature=50 45 29 12 35 50 43 13 14 36 1 32 29 15 4 2 25 28 32 32 8 4 21 1 0 2 14 14 28 4
split_gain=973.472 181.9 46.1104 46.0563 41.9957 32.5761 44.7142 19.7244 22.4923 18.3009 17.7038 17.0956 24.579 16.7739 13.3707 12.7155 12.2161 11.1086 10.5329 9.88266 9.93802 10.7142 9.7896 14.1959 9.47334 11.7859 10.3126 9.4417 9.85378 8.5924
threshold=0.50817951560020458 1.2424533367156985 59.026268005371101 76.77777481079103 0.43263413012027746 0.70159789919853222 1.0000000180025095e-35 0.21111111342906955 0.47727273404598242 46.500000000000007 76.123405456542983 0.14087302237749103 24.10493087768555 0.63211598992347728 80.735942840576186 86.526824951171889 1.0000000180025095e-35 56.830142974853523 0.43167701363563543 0.26491229236125952 65.545505523681655 62.560293197631843 0.8532998561859132 80.982517242431655 72.81223297119142 74.322341918945327 0.58571431040763866 0.5634920895099641 73.486831665039077 84.086193084716811
decision_type=2 2 2 2 2 2 2 2 2 2 2 2 2 2 2 2 2 2 2 2 2 2 2 2 2 2 2 2 2 2
left_child=1 3 15 4 9 6 -2 -8 14 27 18 12 13 24 -9 -3 -6 -14 -4 20 29 -22 23 -10 26 -26 -5 28 -1 -11
right_child=5 2 10 11 16 -7 7 8 22 19 -12 -13 17 -15 -16 -17 -18 -19 -20 -21 21 -23 -24 -25 25 -27 -28 -29 -30 -31
leaf_value=-0.078392216928089203 0.075583486739430855 -0.079130794326645479 -0.066334644779879076 0.0054213488591974062 0.047613523660877989 0.081090242841099572 0.074717630180424155 -0.14598147873710896 -0.14519108347672904 -0.071744299124338051 0.084526274606933252 0.082008570580116485 -0.078370251398301755 0.061482851025229789 -0.019035816642053144 -0.0072547528980895452 -0.095425195311883051 0.0679171623868427 0.0073848453523833162 0.10658840523434446 0.22309079340021015 0.0064791869072910882 0.0445548182459269 0.020880679987385443 -0.12785273569647607 0.0019334666291490536 0.10624799208357917 0.024682083488462247 0.0052251893780908077 0.19615544547774963
leaf_weight=81.788258278742433 125.1241519600153 395.90907351439819 21.291281407233328 29.047765282914042 53.989770337939262 1120.1134267523885 16.705458115786314 11.856876784935595 5.161644233390688 16.383051910437647 12.023103845305739 39.075383475981653 19.213294905610386 73.765040840953588 9.6170177310705167 16.405105927493423 4.1122914515435687 4.0167428450658909 29.716606440488249 4.9246833473443976 1.5743851638399089 20.369180395733565 23.879093984141946 9.1052907370030862 6.5878131194040206 13.98266582470387 8.3610401730984432 7.4134083511307827 10.13762821536511 0.80380619363859196
leaf_count=8416 1264 57556 1009 457 344 13488 139 121 38 1242 79 330 1326 532 67 509 35 29 224 10 57 348 158 56 41 59 27 184 53 6
internal_value=0.0324899 -0.0331773 -0.066529 0.00690301 -0.0198861 0.0757637 0.0461465 -0.00211111 -0.0236385 -0.0431343 -0.00280225 0.0347202 0.0227968 0.0361752 -0.0891293 -0.076271 0.0374897 -0.0530755 -0.0233865 -0.000217884 -0.0136598 0.0220204 0.0132289 -0.0392025 0.00397706 -0.0396313 0.0279566 -0.0621669 -0.0691709 -0.059215
internal_weight=2192.45 870.891 475.345 395.546 201.496 1321.56 201.45 76.3254 59.6199 143.394 63.031 194.05 154.974 131.744 21.4739 412.314 58.1021 23.23 51.0079 44.0551 39.1304 21.9436 38.146 14.2669 57.9793 20.5705 37.4088 99.3393 91.9259 17.1869
internal_count=88204 72873 59377 13496 10695 15331 1843 579 440 10316 1312 2801 2471 1116 188 58065 379 1355 1233 1663 1653 405 252 94 584 100 484 8653 8469 1248
is_linear=0
shrinkage=0.08


Tree=43
num_leaves=31
num_cat=0
split_feature=50 45 6 28 30 50 43 20 51 2 31 33 31 1 51 52 8 20 2 33 52 14 3 36 20 21 8 31 8 32
split_gain=892.332 167.157 45.1763 43.2937 40.1736 32.4844 41.6813 19.0513 17.8839 17.161 15.6301 15.2059 26.4531 14.7877 12.9616 12.2557 23.5181 12.6487 10.9631 9.79796 10.321 8.72939 8.18897 10.8852 12.3536 11.7933 9.07916 8.02096 8.78393 7.89863
threshold=0.50817951560020458 1.2424533367156985 83.850597381591811 65.030120849609389 74.443344116210952 0.70159789919853222 1.0000000180025095e-35 5.5000000000000009 19.728368759155277 88.998897552490249 84.523811340332045 0.24264705926179889 46.906427383422859 76.123405456542983 69.448268890380874 92.63776016235353 91.476997375488295 6.5000000000000009 88.261791229248061 0.43303571641445165 74.601570129394545 0.52272728085517894 90.595520019531264 70.500000000000014 3.5000000000000004 0.98979592323303234 65.545505523681655 73.547473907470717 51.471860885620124 0.43167701363563543
decision_type=2 2 2 2 2 2 2 2 2 2 2 2 2 2 2 2 2 2 2 2 2 2 2 2 2 2 2 2 2 2
left_child=1 2 4 18 9 6 -2 27 -9 10 14 12 15 29 -1 16 17 -4 19 -3 -21 -20 23 25 -25 -16 -26 28 -8 -5
right_child=5 3 11 13 -6 -7 7 8 -10 -11 -12 -13 -14 -15 22 -17 -18 -19 21 20 -22 -23 -24 24 26 -27 -28 -29 -30 -31
leaf_value=-0.076492587036650378 0.074692008371957025 -0.08000518353449651 0.040771947424416553 -0.061444513456931693 0.027450044451333651 0.080814055879448135 -0.091801227640861488 -0.16389792613454282 -0.012343709187336157 0.09290613813084965 0.060076285080080692 0.082943895096957002 -0.082286065420518834 0.075630613291440982 -0.062450174307856834 0.057339457392635178 -0.21981796311226479 -0.060489978899138833 0.13497783226150642 -0.038994025766750443 0.17864726617133531 -0.034279177904749873 -0.093362316660548811 -0.051347737745126298 0.0093384835345844564 0.11214885601921885 0.20672234413699311 0.061264231116043268 0.018540011944858003 0.005303824241604832
leaf_weight=81.241600429173559 116.82758664339781 363.41136820614338 37.01611957186833 19.484557633288205 76.693403610959649 1037.3865610528737 5.6955697452649501 7.5680350624024895 14.589958161115645 5.4936398640274993 7.5435020308941594 36.289524479303509 13.349991539958863 12.427078359294681 15.977621596306568 72.380125842988491 2.7915306948125354 10.034856896847485 2.353727845940738 6.3664727951399964 1.7856231546029446 11.373966898769138 7.5313098058104506 3.5748076075687987 2.3572626626119018 2.9299133131280533 4.0604674462229013 21.934471644461155 24.390702702105045 27.164717013482004
leaf_count=10074 1264 57482 231 962 506 13488 46 70 123 27 41 315 732 94 553 550 19 131 44 257 6 335 113 60 75 20 49 181 159 197
internal_value=0.0320341 -0.0323922 0.00661862 -0.0656878 -0.018515 0.0752318 0.0449134 -0.00198625 -0.0641069 -0.0454847 -0.0515564 0.0369499 0.0246385 -0.00191743 -0.0587127 0.0363175 0.00578989 0.0191752 -0.0754656 -0.0780595 0.0086778 -0.00525865 -0.0190636 0.000298459 0.0678351 -0.0353943 0.134222 0.0244737 -0.00234846 -0.0225757
internal_weight=2052.03 823.633 379.266 444.368 207.404 1228.39 191.006 74.1787 22.158 130.71 125.216 171.862 135.573 59.0764 117.673 122.223 49.8425 47.051 385.291 371.563 8.1521 13.7277 36.4314 28.9001 9.99254 18.9075 6.41773 52.0207 30.0863 46.6493
internal_count=88204 72873 13496 59377 11518 15331 1843 579 193 11012 10985 1978 1663 1253 10944 931 381 362 58124 57745 263 379 870 757 184 573 124 386 205 1159
is_linear=0
shrinkage=0.08


Tree=44
num_leaves=31
num_cat=0
split_feature=32 14 8 33 51 27 44 21 15 6 3 11 11 20 34 6 44 1 4 30 20 33 29 21 2 53 36 34 6 4
split_gain=801.731 164.461 107.138 26.0298 24.0212 22.8853 19.6477 15.8666 18.3414 14.8492 20.1753 15.7192 14.3067 14.6025 13.3994 19.4886 17.1924 12.7526 10.8642 12.2422 9.52568 10.2421 9.98265 9.17411 8.91961 8.71437 8.45052 9.17711 8.34794 8.18252
threshold=0.19615384936332705 0.47727273404598242 49.018096923828132 0.87867647409439098 99.206348419189467 20.42305946350098 1.0000000180025095e-35 0.85857143998146068 0.30583900213241583 67.442035675048842 33.549783706665046 44.097221374511726 64.611003875732436 3.5000000000000004 0.48957881331443792 92.000732421875014 1.0000000180025095e-35 69.028213500976577 87.747959136962905 56.888643264770515 1.5000000000000002 0.70294117927551281 68.863315582275405 0.45049019157886511 7.2077922821044931 39.520235061645515 38.500000000000007 0.37561881542205816 98.759468078613295 83.837310791015639
decision_type=2 2 2 2 2 2 2 2 2 2 2 2 2 2 2 2 2 2 2 2 2 2 2 2 2 2 2 2 2 2
left_child=1 5 3 9 6 17 7 26 -9 10 24 23 13 -10 15 16 20 -1 -7 -20 -4 22 -22 -12 -2 -15 27 -3 29 -19
right_child=2 4 14 -5 -6 18 -8 8 12 -11 11 -13 -14 25 -16 -17 -18 28 19 -21 21 -23 -24 -25 -26 -27 -28 -29 -30 -31
leaf_value=-0.082320159901626722 -0.17357456586154768 -0.081011449916419967 0.033893856398236548 0.062069253190763778 0.057784573360608119 -0.080393044923322138 0.089321338641912898 0.55959805747226132 -0.068243012102697703 0.053653679862153435 0.033360780812810499 0.024008013819176003 0.029740119124772608 0.25472093725232997 0.080664001473519958 0.077394566286996952 0.072813686891320964 -0.031157888301087663 -0.081806684533455576 0.074259348358425112 -0.11320851929662251 0.10141256110281985 0.059461424779119768 -0.11731779320120617 0.0084012622876671536 0.019764701650344281 -0.0028338239271866895 0.091378354185167696 -0.24377176647547963 0.042065911501295856
leaf_weight=16.47122259112075 1.7620934667065729 30.911256887018681 10.267516309395434 49.140223242342472 61.155155565589666 355.32747166976333 13.872636790387331 0.38715962506830592 22.356749555096034 22.553785155527294 2.9176714401692179 8.742638716939835 59.934387798886746 1.3462685924023379 974.56684108823538 76.158669406548142 17.872804010286927 18.854495092760772 6.5863206600770337 6.2877850700169802 13.175470824353399 2.1399936303496352 2.5590571966022244 22.754415855742991 79.417116099502891 4.0480811353772879 18.830438274424523 2.1113349944353095 0.87004148960113425 20.264436267782003
leaf_count=1834 31 1908 78 440 501 60879 102 16 1444 219 41 119 1089 4 13583 963 194 1073 931 36 218 19 21 721 1032 196 358 10 4 140
internal_value=0.0315323 -0.0416439 0.0679837 0.0120631 0.015374 -0.070505 -0.00148978 -0.0104931 0.0101774 -0.00572449 -0.0173099 -0.0686412 0.00775152 -0.0397375 0.0775331 0.0525586 0.0114529 -0.0230787 -0.0777773 -0.00558316 -0.0275169 -0.0627926 -0.0851256 -0.100193 0.00445126 0.0784028 -0.0456019 -0.0699895 0.00132247 0.00677359
internal_weight=1923.64 639.615 1284.03 187.288 214.953 424.662 153.798 139.926 88.0726 138.148 115.594 34.4147 87.6855 27.7511 1096.74 122.174 46.0148 56.4602 368.202 12.8741 28.142 17.8745 15.7345 25.6721 81.1792 5.39435 51.853 33.0226 39.989 39.1189
internal_count=88204 70525 17679 2603 5628 64897 5127 5025 2749 2163 1944 881 2733 1644 15076 1493 530 3051 61846 967 336 258 239 762 1063 200 2276 1918 1217 1213
is_linear=0
shrinkage=0.08


Tree=45
num_leaves=31
num_cat=0
split_feature=50 44 35 6 50 44 29 4 31 20 36 31 51 28 32 2 14 8 31 28 27 42 15 5 48 31 16 1 20 30
split_gain=751.714 136.625 46.4666 35.4221 32.6877 37.4858 30.8981 18.8395 17.172 16.651 15.0932 17.5679 13.9644 13.6248 13.0796 11.4348 9.84788 9.55143 9.54373 7.80522 16.2241 9.51588 8.02589 9.1869 6.91037 6.81292 6.30254 6.43771 8.29088 9.3481
threshold=0.50817951560020458 -1.0000000180025095e-35 0.13259159028530124 89.167831420898452 0.70159789919853222 -1.0000000180025095e-35 72.665004730224624 74.27140045166017 77.564048767089858 5.5000000000000009 26.500000000000004 84.523811340332045 25.048701286315922 49.358869552612312 0.43167701363563543 86.526824951171889 0.10555555671453477 83.910789489746108 65.763908386230483 58.64367866516114 23.693956375122074 1.0000000180025095e-35 0.63211598992347728 73.20508193969728 64.288024902343764 90.943351745605483 0.71547618508338939 82.446311950683608 1.5000000000000002 74.443344116210952
decision_type=2 2 2 2 2 2 2 2 2 2 2 2 2 2 2 2 2 2 2 2 2 2 2 2 2 2 2 2 2 2
left_child=1 2 15 6 5 8 10 14 9 -2 11 -3 -11 24 -4 -1 -15 26 -14 20 22 -22 23 -5 -9 -16 27 28 -12 -30
right_child=4 3 7 19 -6 -7 -8 13 -10 12 17 -13 18 16 25 -17 -18 -19 -20 -21 21 -23 -24 -25 -26 -27 -28 -29 29 -31
leaf_value=-0.080499785239675326 0.0037721928891572536 -0.075796838895357863 -0.074866578798928635 0.078625446649594699 0.080300459756034462 0.073212830343781232 0.03958427750547381 0.29487387876849197 0.059663990023091022 -0.16149081391278761 0.027544344482423346 0.042917030757494486 0.059738201349559469 0.084847513822604109 0.018004526844116884 -0.0044046963381026245 -0.021446611196263711 0.063003439702946806 -0.13387815356090635 0.0839213885237962 -0.094038355942918844 0.09672304753937816 0.059485519452173556 -0.027733247750851304 0.082492985908216868 -0.093526717240785845 -0.11950661882663871 0.02217808958369057 -0.055297313395018727 0.031301457564801585
leaf_weight=297.63977095624432 34.340290965512395 56.852494357619435 28.325017771217972 7.5065426090732243 890.52398629300296 102.3508819565177 55.331663849763572 1.8492781533859699 20.229231510311365 8.9338585417717677 14.52206429839134 9.2803499605506641 4.4721588538959614 9.3308018911629933 24.33769894530997 13.198904177639632 13.870925823692231 10.218418428208677 2.5632034651935101 22.502136474475265 9.1219461113214475 2.0496260132640591 59.321505453437567 16.897777277976274 2.0871151760220528 4.0950552783906451 3.784769437275826 23.360142581630498 46.121875422075391 9.6462633833289129
leaf_count=56005 256 6836 2384 32 13488 1264 403 29 177 85 496 51 29 72 202 500 421 53 32 232 194 8 518 102 16 27 42 397 3803 50
internal_value=0.0310132 -0.0308292 -0.0630089 0.00582828 0.0741204 0.042288 -0.0124809 -0.0101759 -0.00258354 -0.027613 -0.0290578 -0.0591379 -0.0951038 0.0446489 -0.0363898 -0.0772686 0.0213006 -0.0105793 -0.0108023 0.0415606 0.0315159 -0.0590397 0.0435988 0.0049817 0.182267 0.00194113 -0.0182962 -0.0142059 -0.0262977 -0.0403182
internal_weight=1804.67 741.252 394.735 346.518 1063.41 172.89 229.118 83.8959 70.5387 50.3095 173.786 66.1328 15.9692 27.1381 56.7578 310.839 23.2017 107.654 7.03536 117.4 94.8974 11.1716 83.7258 24.4043 3.93639 28.4328 97.4351 93.6503 70.2902 55.7681
internal_count=88204 72873 59656 13217 15331 1843 12131 3151 579 402 11728 6887 146 538 2613 56505 493 4841 61 1086 854 202 652 134 45 229 4788 4746 4349 3853
is_linear=0
shrinkage=0.08


Tree=46
num_leaves=31
num_cat=0
split_feature=48 45 48 31 43 12 29 13 12 36 24 32 29 31 2 29 27 2 1 31 42 15 32 15 5 49 27 51 32 7
split_gain=684.685 136.067 38.7432 33.9272 31.8814 29.2212 28.2344 17.0755 22.3764 15.5293 14.7542 12.3313 18.4761 12.156 11.0211 10.5709 9.7564 9.70998 9.41733 9.23244 8.90936 7.77353 7.74821 7.6597 8.74718 9.70719 12.5611 7.60752 7.47295 9.23498
threshold=68.345760345458999 1.2424533367156985 82.155147552490249 70.980339050292983 1.0000000180025095e-35 76.77777481079103 72.665004730224624 0.18333333730697635 66.283069610595717 46.500000000000007 -1.0000000180025095e-35 0.14087302237749103 24.10493087768555 87.880626678466811 88.998897552490249 59.026268005371101 49.479108810424812 90.501251220703139 84.29276275634767 59.46196365356446 1.0000000180025095e-35 0.63211598992347728 0.050641026347875602 0.037386443465948112 45.499549865722663 34.500261306762702 81.505073547363295 20.997648239135746 0.26491229236125952 65.240276336669936
decision_type=2 2 2 2 2 2 2 2 2 2 2 2 2 2 2 2 2 2 2 2 2 2 2 2 2 2 2 2 2 2
left_child=1 5 4 17 -2 6 9 -6 -9 13 -7 12 14 21 -12 16 27 -3 -5 22 -14 -1 -19 -8 25 -25 -27 -10 29 -11
right_child=2 3 -4 18 7 10 23 8 15 28 11 -13 20 -15 -16 -17 -18 19 -20 -21 -22 -23 -24 24 -26 26 -28 -29 -30 -31
leaf_value=-0.075132482302803741 0.068941408863866002 -0.077282910131457397 0.079639347933673901 -0.014443482017051132 0.072936336835624116 -0.23369286523071076 0.057943418324168612 -0.10415587057368582 -0.087150754530789659 -0.065206874930648487 0.016236226704657932 0.079770991580512235 -0.074957842823008325 0.067809131321795238 0.06875461931981254 0.047518252739264806 -0.092433710583237114 -0.085108271870889415 0.089609031398433001 -0.11423489542845121 0.086819726164157451 0.012346804191876198 0.098166255455212528 0.017105905151560116 0.086432939356369476 -0.0050819267897363671 -0.23379246333331632 0.051269520234169502 0.094992619707752995 0.019574979915162535
leaf_weight=68.013263623695821 93.043285574764013 301.30588046927005 836.63676520623267 35.518893425818533 15.798112060874699 1.348742059431969 30.460141722112894 15.265581703744827 3.4632483478635576 12.842482507694511 76.964510146994144 28.504814783111215 15.840773638803514 4.555708982050418 38.298243220895529 21.999035900458694 9.4384125140495581 2.02116477396339 6.6013732873834661 3.1620648140087724 2.5260867718607178 7.1882028421387067 5.4764096001163125 9.0157755427062529 4.9749968945980063 3.2525807945057741 2.9135007001459599 9.5435682097449881 4.8414539992809287 22.857534416485578
leaf_count=8438 1174 58027 13656 905 146 15 225 189 25 1261 724 311 1331 13 384 149 82 141 57 111 16 197 22 60 42 22 21 58 12 390
internal_value=0.0304935 -0.0309672 0.0725898 -0.0655291 0.037598 0.00562944 -0.0174993 -0.00102434 -0.020593 -0.0385908 0.0298097 0.0320017 0.0218119 -0.0590835 0.0336865 0.00810898 -0.0305169 -0.0746282 0.00186433 0.000409267 -0.0527078 -0.0667707 0.0487599 0.0326275 -0.00562872 -0.0357967 -0.113149 0.0144132 0.00172465 -0.0109239
internal_weight=1693.67 688.485 1005.19 354.086 168.551 334.399 170.916 75.508 59.7098 120.299 163.483 162.134 133.63 79.7572 115.263 44.4443 22.4452 311.966 42.1203 10.6596 18.3669 75.2015 7.49757 50.617 20.1569 15.1819 6.16608 13.0068 40.5415 35.7
internal_count=88204 72725 15479 59263 1823 13462 10681 649 503 10311 2781 2766 2455 8648 1108 314 165 58301 962 274 1347 8635 163 370 145 103 43 83 1663 1651
is_linear=0
shrinkage=0.08


Tree=47
num_leaves=31
num_cat=0
split_feature=50 45 29 50 43 6 29 13 7 6 32 31 2 12 35 1 49 52 8 31 7 53 30 8 2 6 4 42 3 33
split_gain=630.398 120.882 39.1119 33.5916 36.2363 29.2299 28.2129 14.1057 20.499 12.9627 12.7655 15.2598 12.4582 11.7835 14.2809 11.3966 9.49137 9.44014 16.171 8.5344 8.24236 11.4477 10.0836 12.2777 8.14665 7.76889 7.54808 6.98892 6.9696 6.93625
threshold=0.50817951560020458 1.2424533367156985 59.026268005371101 0.72006547451019298 1.0000000180025095e-35 83.850597381591811 72.665004730224624 0.21111111342906955 88.185440063476577 93.851181030273452 0.10435571894049646 46.906427383422859 88.998897552490249 66.283069610595717 0.34911739826202398 76.123405456542983 64.43479156494142 92.63776016235353 89.512962341308608 84.523811340332045 61.451047897338874 40.884454727172859 74.443344116210952 36.032787322998054 26.975051879882816 56.750104904174812 71.306179046630874 1.0000000180025095e-35 90.366767883300795 0.77350428700447094
decision_type=2 2 2 2 2 2 2 2 2 2 2 2 2 2 2 2 2 2 2 2 2 2 2 2 2 2 2 2 2 2
left_child=1 5 9 4 -2 6 12 -6 13 -3 11 17 19 26 16 24 -15 18 -7 20 22 28 -1 -24 25 29 -9 -13 -22 -4
right_child=3 2 15 -5 7 10 -8 8 -10 -11 -12 27 -14 14 -16 -17 -18 -19 -20 -21 21 -23 23 -25 -26 -27 -28 -29 -30 -31
leaf_value=-0.080628361348974192 0.071895972780202724 -0.078570599935495783 -0.055649544134048261 0.080331696115366336 0.069510067792717414 0.017677752643677835 0.033321521243273332 -0.049971447148057832 0.064303434472735066 -0.0038112691983571497 0.081061146721197949 -0.086657105791659736 0.089690365433696614 0.0019886827205613709 0.063686118198136216 0.076927898001623501 -0.10414862684408743 0.05137833141304092 -0.15162429031910687 0.035875384818465687 0.0087969063721690839 -0.06762705066582074 -0.066660994838549412 0.074344919577694513 -0.050522850738055 0.13786157603655044 -0.17079784817259205 0.092539919800345913 0.27392610256173733 0.040003325916918277
leaf_weight=54.344728597206995 103.59109797887504 269.46737803053111 8.6009800438769215 744.8896944411099 14.282818034291266 44.596217078622431 52.269469133578241 6.7482381188310665 14.242952935397623 15.709111246746032 27.466360787395388 10.78034893237054 4.8173728119581929 10.09744233731181 9.3307282831519824 9.786368912085889 11.572036340832708 60.26891697011888 3.9288054779171935 8.4960707705467922 24.137220802251253 18.320727138081565 9.6592812687158602 6.6887436993420115 23.987693914677948 2.9324969113804391 6.4925723411142826 1.5996136921457953 0.65169286541640659 11.130820465274153
leaf_count=8615 1496 57436 314 13181 150 357 396 90 134 629 318 722 27 63 91 79 71 550 24 49 743 1582 74 30 862 17 55 7 2 40
internal_value=0.0299638 -0.0291032 -0.0624102 0.0728986 0.0415032 0.00558358 -0.0161547 -0.00176398 -0.0191704 -0.0744524 0.0318182 0.0206563 -0.036499 -0.0460439 -0.0190609 -0.00156231 -0.0546913 0.0302331 0.00397029 -0.0414697 -0.047244 -0.0196737 -0.0640568 -0.00896886 -0.0180275 0.0163653 -0.109218 -0.0635031 0.0157671 -0.00169122
internal_weight=1590.89 669.64 341.615 921.248 176.358 328.026 179.385 72.7668 58.484 285.176 148.64 121.174 127.116 44.241 31.0002 56.4384 21.6695 108.794 48.525 122.298 113.802 43.1096 70.6928 16.348 46.652 22.6643 13.2408 12.38 24.7889 19.7318
internal_count=88204 72873 59377 15331 2150 13496 11518 654 504 58065 1978 1660 11122 370 225 1312 134 931 381 11095 11046 2327 8719 104 1233 371 145 729 745 354
is_linear=0
shrinkage=0.08


Tree=48
num_leaves=31
num_cat=0
split_feature=50 43 35 50 43 6 35 4 51 13 14 34 4 28 33 2 21 13 8 33 27 49 21 13 3 15 0 8 3 27
split_gain=577.49 105.067 44.1233 33.4857 33.6125 25.8978 21.7433 14.6111 12.7147 12.4959 18.6422 11.3414 11.1996 10.4423 10.1341 9.663 9.35877 9.16644 8.73857 7.89744 14.584 7.5262 7.42588 8.55666 10.8756 7.255 6.62985 6.44948 6.39845 6.27818
threshold=0.50817951560020458 1.0000000180025095e-35 0.12399897351861001 0.72006547451019298 1.0000000180025095e-35 89.167831420898452 0.43263413012027746 74.27140045166017 40.00526428222657 0.21111111342906955 0.47727273404598242 0.62593284249305736 81.593894958496108 49.358869552612312 0.57738095521926891 86.526824951171889 0.90550595521926891 0.18333333730697635 22.431865692138675 0.27922078967094427 20.42305946350098 51.915737152099616 0.92637759447097789 0.73214286565780651 92.63776016235353 0.79008570313453685 69.360546112060561 83.910789489746108 77.849929809570327 53.601509094238288
decision_type=2 2 2 2 2 2 2 2 2 2 2 2 2 2 2 2 2 2 2 2 2 2 2 2 2 2 2 2 2 2
left_child=1 5 15 4 18 6 8 11 21 -6 12 -4 28 -9 -14 -3 -17 -15 -2 20 25 -1 23 -12 26 -7 -25 -10 -11 -22
right_child=3 2 7 -5 9 19 -8 13 27 10 22 -13 14 17 -16 16 -18 -19 -20 -21 29 -23 -24 24 -26 -27 -28 -29 -30 -31
leaf_value=-0.078898671967721046 -0.17310871409619297 -0.080378098742951959 -0.070055617386238195 0.080119921222633811 0.067420532102744374 0.017448250647589054 0.033978708957511754 0.14133046035285582 -0.017013335048914266 -0.10850758669339378 0.082318408253734252 0.0036024868314939564 -0.088369454218693827 0.08324280071161487 0.08479122961721404 0.060503690448865416 -0.087355449429691506 -0.024259501830744316 0.073256834099351548 0.084606459576959253 -0.094674871874183955 -0.0057738135683932249 0.055879766399935672 -0.020651454351793337 0.013685487538157253 0.067607338845261322 -0.17556930944573457 0.051759298798682733 -0.27188104523226747 0.092485757411047601
leaf_weight=35.738669379148632 0.93035563081502815 233.84366952325217 26.518603309988976 689.36444510146976 13.576823350042103 43.154119319282472 51.220544120296836 5.1831601113081005 99.796734657138586 8.6912592728622275 4.5137434899807003 26.999344031792134 5.1331647126935405 8.0021650264970976 3.7383611276745796 6.270128795411436 4.8657621783204377 13.883368963841347 95.996285447850823 18.785181803628802 7.9092624690383655 12.043520223814992 16.124065581709146 2.9146955795586118 9.8483007876202464 32.244972836226225 4.4938968513160944 9.5634850761853141 1.8631238630041469 1.3416297137737272
leaf_count=7024 7 55645 2703 13181 150 280 411 70 4409 96 31 196 37 72 33 185 310 475 1489 236 196 224 142 21 78 369 34 63 32 5
internal_value=0.0294376 -0.0282325 -0.0600193 0.0723183 0.040272 0.00495783 -0.0112867 -0.00866961 -0.026041 -0.00158997 -0.0179356 -0.0328957 -0.0816564 0.0392282 -0.0154015 -0.0769109 -0.00410249 0.0150473 0.0708921 0.0376814 0.027268 -0.0604675 0.0147295 -0.0157478 -0.0413982 0.0388992 -0.114621 -0.0109992 -0.137347 -0.0675315
internal_weight=1494.55 637.364 325.566 857.189 167.824 311.798 208.363 80.5866 157.142 70.8974 57.3206 53.5179 19.4259 27.0687 8.87153 244.98 11.1359 21.8855 96.9266 103.435 84.65 47.7822 37.8947 21.7706 17.2569 75.3991 7.40859 109.36 10.5544 9.25089
internal_count=88204 72873 59656 15331 2150 13217 12131 3516 11720 654 504 2899 198 617 70 56140 495 547 1496 1086 850 7248 306 164 133 649 55 4472 128 201
is_linear=0
shrinkage=0.08


Tree=49
num_leaves=31
num_cat=0
split_feature=50 45 27 50 43 6 32 7 25 5 20 1 32 31 4 48 14 2 11 2 32 4 1 34 8 33 21 21 20 2
split_gain=529.267 102.479 36.8532 33.0721 31.1571 23.318 21.0058 16.7597 12.9852 12.4934 11.5645 13.3767 11.2347 12.1257 9.18691 8.99065 8.64228 8.22202 7.80677 8.16622 7.78983 7.67813 24.3788 11.7611 7.55416 6.92804 10.1356 6.8759 6.74647 6.7049
threshold=0.50817951560020458 1.2424533367156985 60.630899429321296 0.72006547451019298 1.0000000180025095e-35 83.850597381591811 0.21240601688623431 65.240276336669936 1.0000000180025095e-35 91.476997375488295 4.5000000000000009 80.982517242431655 0.10435571894049646 46.906427383422859 62.560293197631843 80.287471771240249 0.78888890147209179 88.998897552490249 26.969696998596195 26.975051879882816 0.80384615063667308 53.501625061035163 43.951219558715827 0.66885966062545787 22.431865692138675 0.77350428700447094 0.96490147709846508 0.98979592323303234 15.500000000000002 10.762548446655275
decision_type=2 2 2 2 2 2 2 2 2 2 2 2 2 2 2 2 2 2 2 2 2 2 2 2 2 2 2 2 2 2
left_child=1 5 9 4 24 6 7 -1 20 -3 -6 15 13 16 -9 -12 -7 27 19 25 21 29 23 -23 -2 26 -4 28 -16 -8
right_child=3 2 18 -5 10 12 8 14 -10 -11 11 -13 -14 -15 17 -17 -18 -19 -20 -21 -22 22 -24 -25 -26 -27 -28 -29 -30 -31
leaf_value=-0.072309805455884932 -0.15117539120828108 -0.076474530905891944 -0.093159325949939087 0.079909719322963646 0.021837333453423053 0.01424305059135671 -0.056156050959303254 0.13262931654014998 -0.070988394285039544 0.0021560959468176501 -0.078612554901292694 0.0069096647101639288 0.078480583976922924 -0.060985793482374699 -0.05073503968094964 -0.2668346411637541 0.068124005983042593 0.088035258902147237 0.041904769926877521 -0.086550199158889576 0.082473185747105465 -0.10739755872228576 0.028800572943175631 -0.39007553006396051 0.072375295557457781 0.057146393875126905 0.21834369330955564 0.066519582262968932 0.17623879729797698 0.044321187735059255
leaf_weight=50.054964432725683 0.97797132283449073 242.03518963884562 5.3395787926856455 637.97044119611382 45.663933816365898 78.631083660759032 4.8151484336704007 2.9931802088394752 9.9336725315079075 13.662284217076374 8.2256904747337121 12.779145414009689 24.522448796313256 11.01356080919504 25.572806029114879 2.0237548127770415 25.144184336066246 4.4665537923574439 21.081413435284048 8.7186507764272374 13.062144458293913 3.3129765465855625 11.820528848096727 1.3162382021546362 89.65197335369885 8.6520070508122426 0.76417979411780823 4.2333134426735333 0.86651619686745007 36.244622306432575
leaf_count=9180 7 57936 194 13181 421 623 35 129 180 520 102 119 318 729 1285 12 308 27 321 368 148 57 105 11 1489 28 10 103 18 240
internal_value=0.0288889 -0.0273153 -0.0605735 0.0717674 0.0391632 0.00510594 -0.0148974 -0.0418699 0.0146488 -0.0722732 -0.00147283 -0.0476951 0.0293281 0.0188276 -0.00191249 -0.115777 0.0272981 -0.0133728 0.00656848 -0.0251656 0.0267031 0.014036 -0.0321464 -0.187772 0.069963 0.0111044 -0.0541597 -0.0281399 -0.0432963 0.0325381
internal_weight=1405.55 608.257 300.253 797.293 159.322 308.004 168.693 88.1873 80.5053 255.697 68.6925 23.0286 139.311 114.789 38.1324 10.2494 103.775 35.1392 44.5558 23.4744 70.5717 57.5095 16.4497 4.62921 90.6299 14.7558 6.10376 30.6726 26.4393 41.0598
internal_count=88204 72873 59377 15331 2150 13496 11518 10742 776 58456 654 233 1978 1660 1562 114 931 1433 921 600 596 448 173 68 1496 232 204 1406 1303 275
is_linear=0
shrinkage=0.08


Tree=50
num_leaves=31
num_cat=0
split_feature=50 45 35 50 43 12 15 1 24 13 14 4 32 51 32 14 4 20 20 4 36 1 42 51 49 20 0 3 48 28
split_gain=483.891 93.8252 36.9017 33.4887 29.1899 21.2994 20.9878 13.3883 11.945 10.8771 16.1247 10.6076 13.9484 10.5402 9.92131 12.1838 9.75612 9.58644 9.37178 9.0537 8.8183 7.22985 7.18077 9.74213 6.88055 6.57979 10.3863 6.22151 6.96503 6.15239
threshold=0.50817951560020458 1.2424533367156985 0.10265191644430162 0.72006547451019298 1.0000000180025095e-35 76.77777481079103 0.037386443465948112 77.694858551025405 -1.0000000180025095e-35 0.21111111342906955 0.47727273404598242 74.27140045166017 0.43167701363563543 38.565483093261726 0.14087302237749103 0.240384615957737 81.593894958496108 4.5000000000000009 1.5000000000000002 88.107921600341811 25.500000000000004 80.982517242431655 1.0000000180025095e-35 80.133575439453139 57.795139312744148 3.5000000000000004 80.810150146484389 29.459980010986332 38.310132980346687 59.390470504760749
decision_type=2 2 2 2 2 2 2 2 2 2 2 2 2 2 2 2 2 2 2 2 2 2 2 2 2 2 2 2 2 2
left_child=1 5 29 4 -2 6 13 27 -7 -6 16 12 -4 24 15 -10 -11 -12 -17 22 -20 -19 23 -9 -1 26 -25 28 -8 -3
right_child=3 2 11 -5 9 8 7 19 14 10 17 -13 -14 -15 -16 18 -18 21 20 -21 -22 -23 -24 25 -26 -27 -28 -29 -30 -31
leaf_value=-0.089525618655676459 0.068990878169491746 -0.078681968699454749 -0.077840581317587504 0.079699736605669425 0.06499081233861409 -0.2097271247313634 -0.095578528857502537 -0.070531057505876099 -0.084092078804322554 -0.13125604509883904 0.038872681667822914 0.027039890790038025 0.0054062440856629162 0.043276031812585679 0.074024039280997961 0.054408626382709387 -0.015009141494818103 -0.13677713430947072 -0.076996532539577056 -0.15517702000706768 0.016796499362094652 0.0029525208330127505 0.094444481460395885 0.089682979562928464 0.094621279670216968 0.065244540092341791 -0.094142483662106341 -0.070603913411273547 0.040273812880095204 0.086882924965470662
leaf_weight=6.8717420671600831 84.807403068989515 201.78341966774315 24.73147046728991 590.41044460237026 12.827878206968306 1.356959051452576 3.5973517340607923 9.7578113432973641 6.9001890604849896 9.9868130981922167 26.746710699982941 27.490465443115681 26.884479434695095 41.059269432444125 25.533105657901615 43.768196708988398 8.5990404817275685 3.9747550319880229 7.1490654984954736 2.2421875898726276 62.513764433795586 5.8696239646524191 5.5191818031016728 3.0978122167289275 1.6011816924437878 11.842192440293728 5.3893935550004244 53.065517232753336 7.3503850670531392 1.4467383802402753
leaf_count=855 1496 54610 3625 13181 150 15 161 1207 931 128 230 867 225 351 330 482 70 32 458 25 585 44 62 27 8 141 60 7737 61 50
internal_value=0.0283039 -0.0263952 -0.059459 0.0710604 0.0376811 0.00486607 -0.0162032 -0.0369741 0.0265325 -0.00136474 -0.0167915 -0.0131017 -0.034481 0.0265119 0.0287304 0.0191195 -0.0774726 0.0140305 0.025398 0.000744547 0.0071711 -0.0534646 0.0105632 -0.00482398 -0.0547262 0.0267144 -0.0270466 -0.0592758 -0.00436634 -0.0775034
internal_weight=1324.17 580.952 282.337 743.223 152.812 298.615 151.394 101.862 147.221 68.0048 55.1769 79.1064 51.6159 49.5322 145.864 120.331 18.5859 36.5911 113.431 37.8486 69.6628 9.84438 35.6064 30.0872 8.47292 20.3294 8.48721 64.0133 10.9477 203.23
internal_count=88204 72873 59377 15331 2150 13496 10695 9481 2801 654 504 4717 3850 1214 2786 2456 198 306 1525 1522 1043 76 1497 1435 863 228 87 7959 222 54660
is_linear=0
shrinkage=0.08


Tree=51
num_leaves=31
num_cat=0
split_feature=50 45 35 6 35 29 14 16 28 15 50 16 8 35 15 1 15 13 7 32 19 2 28 49 15 53 4 28 4 2
split_gain=446.153 94.107 52.2911 21.3649 21.1251 10.9922 10.2795 9.90308 8.78854 9.24879 11.2619 8.50555 7.96495 9.8072 7.68728 11.1306 8.23663 6.85904 6.79078 7.52259 6.38354 9.68099 6.30754 6.13338 6.04592 6.01045 11.0375 5.9902 5.93146 5.72897
threshold=0.61843746900558483 1.2424533367156985 0.10265191644430162 89.167831420898452 0.43263413012027746 50.806661605834968 0.47727273404598242 0.25834259390830999 75.079616546630874 0.46589148044586187 0.4324555397033692 0.77913278341293346 44.575162887573249 0.69282051920890819 0.037386443465948112 69.028213500976577 0.028174603357911113 0.63333335518836986 74.682727813720717 0.41421568393707281 1.0000000180025095e-35 26.975051879882816 26.794871330261234 57.795139312744148 0.75255101919174205 29.991487503051761 83.837310791015639 73.486831665039077 52.269266128540046 86.526824951171889
decision_type=2 2 2 2 2 2 2 2 2 2 2 2 2 2 2 2 2 2 2 2 2 2 2 2 2 2 2 2 2 2
left_child=1 3 29 4 6 11 14 -8 9 18 -11 22 13 17 16 -16 23 -2 19 -4 21 28 -5 27 -24 26 -17 -1 -10 -3
right_child=12 2 8 5 -6 -7 7 -9 20 10 -12 -13 -14 -15 15 25 -18 -19 -20 -21 -22 -23 24 -25 -26 -27 -28 -29 -30 -31
leaf_value=-0.070406483509152462 -0.12400335922431185 -0.08038390156996203 -0.083270347448093696 0.016849908248387408 0.035317992938637723 0.081700207732797528 0.18291314918996832 0.0020586606158832245 0.018175995235404332 0.11919084976510864 -0.014692947356038837 0.058711497055285763 0.077629042618573604 0.08149826374265029 -0.077410589717958431 -0.080776340762702278 0.11105944430858297 0.049523446660414312 0.067995511068894329 -0.004434467209332678 0.067636878604820552 -0.049654021533725078 -0.021933045310274926 0.087783901812496942 -0.184898518810972 -0.027741526264595563 0.18339946928425657 0.023953397546540477 0.14153225914669404 -0.013933593599884013
leaf_weight=11.035747168585667 3.8562242202460748 180.14944424130954 27.156103295506909 44.597600871697068 61.889024277217686 28.638392778113484 2.0164062725380054 49.658331091050059 17.043865222251046 4.7785690028686103 25.364620261127129 29.3004493676126 601.38991300202906 6.6427582763135433 38.753037823131308 1.7289406349882472 3.8792708204127839 2.3439787551760674 2.814870558679103 10.837968355044721 12.102262938860802 14.499283397104589 6.3466111863963288 3.1246234262362114 1.8911062460392711 34.833841241663322 2.4416384538635612 7.0604360625147811 2.9224665635265401 8.7047489238902909
leaf_count=852 28 54185 3755 314 628 519 9 868 202 153 275 376 14235 122 6880 297 105 24 27 125 103 387 186 18 22 2962 18 30 17 482
internal_value=0.0277141 -0.0193867 -0.0512493 0.0104483 -0.00417701 0.0390221 -0.0199945 0.00911581 -0.00935207 -0.0270757 0.00653151 0.0241414 0.0762978 0.0139587 -0.0346192 -0.047045 0.00387467 -0.0584018 -0.0518994 -0.0607821 0.0176522 0.000100529 0.0049702 -0.0157192 -0.0593445 -0.0168752 0.0738837 -0.0335909 0.0362316 -0.077321
internal_weight=1247.8 633.57 306.374 327.195 216.421 110.774 154.532 51.6747 117.52 70.9521 30.1432 82.1358 614.233 12.843 102.858 77.7575 25.1001 6.2002 40.8089 37.9941 46.5679 34.4656 52.8353 21.2208 8.23772 39.0044 4.17058 18.0962 19.9663 188.854
internal_count=88204 73795 59711 14084 12667 1417 12039 877 5044 4335 428 898 14409 174 11162 10157 1005 52 3907 3880 709 606 522 900 208 3277 315 882 219 54667
is_linear=0
shrinkage=0.08


Tree=52
num_leaves=31
num_cat=0
split_feature=50 45 35 19 30 42 1 25 20 50 43 6 29 23 1 6 28 27 7 32 8 4 1 3 36 42 20 51 0 51
split_gain=410.883 84.9365 50.4713 19.2129 20.6867 16.4398 14.7081 13.9453 12.8911 8.24231 14.5691 10.3459 10.9801 7.82056 7.88881 7.996 7.64171 9.86279 7.55101 6.91384 6.97467 12.6651 15.1159 7.03386 7.57362 6.55443 7.64239 9.1419 6.73599 8.75273
threshold=0.61843746900558483 1.2424533367156985 0.10265191644430162 1.0000000180025095e-35 64.549732208251967 1.0000000180025095e-35 79.743591308593764 1.0000000180025095e-35 2.5000000000000004 0.72006547451019298 1.0000000180025095e-35 89.501323699951186 81.936077117919936 1.0000000180025095e-35 89.699382781982436 98.759468078613295 75.079616546630874 39.711097717285163 63.453348159790046 0.80384615063667308 41.223155975341804 54.211322784423835 42.36596870422364 12.276295185089113 11.500000000000002 1.0000000180025095e-35 2.5000000000000004 80.133575439453139 80.217391967773452 87.386363983154311
decision_type=2 2 2 2 2 2 2 2 2 2 2 2 2 2 2 2 2 2 2 2 2 2 2 2 2 2 2 2 2 2
left_child=1 3 -3 4 6 8 -1 19 -5 10 -2 12 -12 14 15 -10 17 18 -4 20 21 23 -23 24 -6 26 28 -28 29 -8
right_child=9 2 16 5 7 -7 25 -9 13 -11 11 -13 -14 -15 -16 -17 -18 -19 -20 -21 -22 22 -24 -25 -26 -27 27 -29 -30 -31
leaf_value=-0.070975039201203391 0.077469909031409129 -0.077024998719299215 -0.084101311313173749 0.046808137320050722 0.027708359736238454 0.080751268158915437 -0.080446105374633897 -0.063428596720735544 -0.02588677765456996 0.079281468957198856 -0.10482691735694949 0.053143349617635123 0.064116619881299172 -0.2021339197256164 0.0225104189719233 -0.32329810126872249 0.016549561852124899 -0.038492294532217829 0.079708390182923292 0.082035740004144167 0.069818714715108823 -0.22217488347873512 -0.0054657877342622653 0.041243670365182415 -0.14389024096420996 0.10219362901407893 -0.072650465807181888 0.047390463809514553 -0.12061309356960873 0.16702442692018654
leaf_weight=42.462336037075147 40.553614605218172 174.99788590497337 2.2876484964508554 52.364375195698813 3.6555973924696437 32.306959718465805 2.4108822995331156 11.669094617478548 31.123314473079521 506.64832435920835 8.2777500562369841 11.06531100347638 3.504416797310113 1.2709086583927263 38.366948599461466 0.5895041860640039 45.772100370377302 58.589265315327793 8.4654781473800522 13.674428600817917 13.387293227016924 3.1455016536638123 5.9690253343433142 30.49280709028244 2.994517826475203 3.5577941164374343 5.5381495128385749 15.215644558891652 6.2712262379936874 1.4738966226577761
leaf_count=8934 921 54667 419 758 23 564 188 176 1333 13181 68 180 59 9 387 7 709 3810 106 193 153 35 41 188 27 29 735 166 136 2
internal_value=0.0270839 -0.018661 -0.0499619 0.00990021 -0.0094043 0.0299342 -0.0394595 0.0178011 0.0166639 0.0758785 0.0486852 -0.00240692 -0.0545774 -0.00545903 -0.0018923 -0.0314153 -0.00882036 -0.0255668 0.0448591 0.0307292 0.0189665 0.00424942 -0.080254 0.0249858 -0.0495617 -0.000633933 -0.0124696 0.0153575 -0.0693345 0.0134449
internal_weight=1178.1 608.053 290.112 317.94 161.918 156.022 76.9299 84.9883 123.715 570.049 63.4011 22.8475 11.7822 71.3507 70.0798 31.7128 115.114 69.3424 10.7531 73.3192 59.6447 46.2574 9.11453 37.1429 6.65012 34.4676 30.9098 20.7538 10.156 3.88478
internal_count=88204 73795 59711 14084 11026 3058 10190 836 2494 14409 1228 307 127 1736 1727 1340 5044 4335 525 660 467 314 76 238 50 1256 1227 901 326 190
is_linear=0
shrinkage=0.08


Tree=53
num_leaves=31
num_cat=0
split_feature=48 45 35 31 6 8 34 6 15 14 30 8 45 8 21 28 31 15 11 1 3 1 0 8 45 53 20 2 27 29
split_gain=375.27 74.4433 46.7241 17.7235 20.7698 14.2304 13.1986 9.61793 14.9581 8.55742 11.2591 10.4321 8.48488 8.478 8.28533 7.82741 8.96194 8.984 7.74434 7.65803 9.7591 7.32259 7.06401 9.50798 6.92633 6.72775 7.78188 6.65144 8.41538 6.50275
threshold=76.181709289550795 1.2424533367156985 0.10265191644430162 74.888961791992202 83.850597381591811 49.018096923828132 0.78142958879470836 64.80170059204103 0.037386443465948112 0.5634920895099641 74.443344116210952 65.545505523681655 1.7005987167358401 36.032787322998054 0.38673019409179693 75.079616546630874 60.312566757202156 0.4555336087942124 31.174088478088382 56.949806213378913 35.111427307128913 17.712418556213382 73.20508193969728 74.64676666259767 8.7487015724182147 40.781015396118171 3.5000000000000004 86.526824951171889 26.705426216125492 59.026268005371101
decision_type=2 2 2 2 2 2 2 2 2 2 2 2 2 2 2 2 2 2 2 2 2 2 2 2 2 2 2 2 2 2
left_child=1 3 27 4 9 6 12 8 -5 10 11 -1 -2 14 -12 16 17 -4 21 20 -10 -17 -11 -24 29 26 -13 -3 -29 -18
right_child=5 2 15 7 -6 -7 -8 -9 19 22 13 25 -14 -15 -16 18 24 -19 -20 -21 -22 -23 23 -25 -26 -27 -28 28 -30 -31
leaf_value=-0.075858739597142816 0.03061652661505479 -0.08025588361436764 -0.082174137317802792 0.054501088944057273 0.019868284516382128 0.07659529310242924 0.081377616307905978 0.080071240227552937 -0.030795612568066889 0.089354827654347671 0.056188509710292898 -0.057556167239646787 -0.11370442326681274 0.06066812874253609 -0.076611716737907759 0.056476581222214543 -0.081577482900718951 0.070734419120356065 0.061534896793011676 0.029241519850408709 -0.19672807647055049 -0.036473749181346569 -0.099853907190128044 0.057102987487962657 0.056760835442521008 -0.080413988275139181 0.073459658266448041 0.09268917355580969 -0.071505388239420833 -0.021693140618540108
leaf_weight=46.737568358425051 4.515113368630411 153.86498772725463 3.2690088194794944 30.60545878787525 120.96896897396073 523.20064644515514 8.3832840956747514 27.162733842385933 7.8308037891984004 6.4866712125949588 4.4297306686639812 4.4790666352491852 6.1697334907948971 10.813210430555044 9.3596488172188383 7.7304962798953083 22.051131068496034 9.9265044934581947 16.37681000563316 6.7686974650714538 3.1935521217528731 18.182447782251984 4.7396757034584862 5.158269215375185 4.2384367266204199 5.2385757684241971 8.2376993929501605 3.2883963459171337 5.0898572283331305 24.498051897156984
leaf_count=9352 65 54184 801 324 1862 14277 179 531 76 71 22 177 46 63 88 66 2460 98 193 91 63 420 182 45 166 740 294 30 452 786
internal_value=0.0264648 -0.0188154 -0.0494674 0.00841906 -0.00276714 0.0741212 0.00623673 0.0419725 0.0205903 -0.0286773 -0.0384287 -0.0559469 -0.0527185 0.00763572 -0.0339507 -0.00823414 -0.0258853 0.0328534 0.0184715 -0.0377388 -0.0788632 -0.00874428 0.0244676 -0.0180565 -0.0411466 -0.00411655 0.0273136 -0.0764761 -0.00706036 -0.0500614
internal_weight=1113 570.726 268.516 302.21 226.649 542.269 19.0681 75.5612 48.3985 105.68 89.2955 64.6929 10.6848 24.6026 13.7894 106.273 63.9831 13.1955 42.2898 17.7931 11.0244 25.9129 16.3846 9.89794 50.7876 17.9553 12.7168 162.243 8.37825 46.5492
internal_count=88204 73637 59656 13981 12896 14567 290 1085 554 11034 10736 10563 111 173 110 4990 4311 899 679 230 139 486 298 227 3412 1211 471 54666 482 3246
is_linear=0
shrinkage=0.08


Tree=54
num_leaves=31
num_cat=0
split_feature=48 45 30 31 4 48 43 8 29 6 15 30 2 52 6 53 27 28 24 33 31 27 8 21 32 21 1 2 12 15
split_gain=345.059 67.2423 44.4027 15.8094 18.8275 13.5084 19.2606 12.0791 9.54772 9.29419 13.0844 8.9225 8.81033 8.38804 8.25986 8.18511 7.31666 14.9492 7.25142 7.15425 8.76544 11.7331 7.12113 6.75859 6.94817 6.37753 6.36784 6.93393 6.13314 6.35469
threshold=76.181709289550795 1.2424533367156985 48.502779006958015 74.888961791992202 75.641345977783217 84.752857208251967 1.0000000180025095e-35 59.122919082641609 82.51984024047853 64.80170059204103 0.037386443465948112 72.834224700927749 88.998897552490249 68.457099914550795 97.341781616210952 31.567111968994144 61.836925506591804 66.894977569580092 -1.0000000180025095e-35 0.87083333730697643 60.312566757202156 58.681159973144538 36.032787322998054 0.41421362757682806 0.85092595219612133 0.37884436547756201 69.504829406738295 65.545505523681655 64.907405853271499 0.050641026347875602
decision_type=2 2 2 2 2 2 2 2 2 2 2 2 2 2 2 2 2 2 2 2 2 2 2 2 2 2 2 2 2 2
left_child=1 3 14 4 11 6 -2 8 -8 10 -5 13 18 -1 -3 -15 17 -9 -6 20 -4 -22 25 -12 -25 -13 -20 -28 29 -23
right_child=5 2 19 9 12 -7 7 16 -10 -11 23 22 -14 15 -16 -17 -18 -19 26 -21 21 28 -24 24 -26 -27 27 -29 -30 -31
leaf_value=-0.083920535458461093 0.07577446040711748 -0.080318450346097622 0.043655951551740603 0.052317791520734166 -0.18291839499067947 0.079013700493894265 -0.13252117122477897 0.051069186847855656 0.055774996134577058 0.079620108389404629 0.0307049513942112 0.049139485085323446 0.048035917972200103 0.095839871250747152 0.001993659132918468 -0.037842480136172002 0.074316034323085506 -0.14787048710346706 -0.065191479165334049 0.05961694715381096 -0.063725703624588223 0.0027803555914415802 0.055828752938962563 -0.096745657922631637 0.083219624621278548 -0.066069616924573069 0.044169752980298307 -0.0028772386854286087 0.033131117479673747 -0.076167655206579671
leaf_weight=27.268923503579572 43.498028427362442 142.92547417595051 14.166486823931335 29.383334562182426 1.3288566877599794 430.69407673552632 6.775642257183792 6.6808402128517645 2.3113547712564468 25.2107741269283 6.4920190945267704 4.4175772666931179 37.108912178315222 3.3837761909235295 8.2528676798101497 21.91975254425779 10.187929745763538 3.7881529424339533 7.6443499226588747 9.1918216161429864 30.405952388653532 19.123924490530047 10.324905813671647 9.8068001004867238 1.5965302102267731 10.118939912877975 28.113485709531233 69.894229904050007 20.340514467097819 9.9047038499265891
leaf_count=7580 1128 54250 679 324 19 13050 50 81 36 531 60 23 496 190 458 2364 183 39 541 75 3074 403 63 153 17 98 567 955 202 515
internal_value=0.0258257 -0.0180924 -0.048215 0.00796265 -0.00264922 0.0736124 0.0418503 -0.00776107 -0.0846264 0.0403919 0.019474 -0.0344639 0.014448 -0.0531385 -0.075825 -0.0199655 0.0260521 -0.0209161 0.00279718 -0.00774282 -0.0143337 -0.0246315 0.00502584 -0.034454 -0.0715495 -0.0310581 0.00513305 0.0106182 -0.000553844 -0.0241571
internal_weight=1052.26 548.325 254.312 294.013 221.524 503.936 73.2419 29.7439 9.087 72.4895 47.2787 77.4339 144.09 52.5725 151.178 25.3035 20.6569 10.469 106.981 103.133 93.9416 79.7751 24.8614 17.8953 11.4033 14.5365 105.652 98.0077 49.3691 29.0286
internal_count=88204 73637 59656 13981 12896 14567 1517 389 86 1085 554 10318 2578 10134 54708 2554 303 120 2082 4948 4873 4194 184 230 170 121 2063 1522 1120 918
is_linear=0
shrinkage=0.08


Tree=55
num_leaves=31
num_cat=0
split_feature=50 45 35 12 15 42 1 20 21 8 43 50 20 1 53 29 4 33 20 8 25 11 2 27 31 8 5 1 36 8
split_gain=321.387 61.7894 45.4283 15.0395 16.4583 14.4761 10.2198 9.99369 9.40347 10.3457 9.11816 15.7302 12.2163 13.1972 9.02199 8.31962 7.70922 6.97305 8.09891 6.73783 6.42475 7.37983 6.34072 7.25463 6.33072 6.30051 6.15907 5.99764 8.24065 7.0776
threshold=0.61843746900558483 1.2424533367156985 0.10265191644430162 75.138889312744155 0.037386443465948112 1.0000000180025095e-35 79.743591308593764 2.5000000000000004 0.52419984340667736 20.204081535339359 1.0000000180025095e-35 0.76847660541534435 4.5000000000000009 81.557067871093764 49.496774673461921 85.25860977172853 88.107921600341811 0.87083333730697643 4.5000000000000009 48.683298110961921 1.0000000180025095e-35 31.789473533630375 86.526824951171889 26.705426216125492 83.392917633056655 23.629112243652347 36.032787322998054 91.734970092773452 37.500000000000007 91.476997375488295
decision_type=2 2 2 2 2 2 2 2 2 2 2 2 2 2 2 2 2 2 2 2 2 2 2 2 2 2 2 2 2 2
left_child=1 3 22 4 15 7 8 -5 9 -6 25 12 19 -14 -11 26 -8 18 -4 -12 21 -20 -3 -24 -23 -2 -1 29 -29 -9
right_child=10 2 17 5 6 -7 16 27 -10 14 11 -13 13 -15 -16 -17 -18 -19 20 -21 -22 24 23 -25 -26 -27 -28 28 -30 -31
leaf_value=-0.0015688483432774497 -0.18056527640648568 -0.080292256858937816 0.008257267517642922 0.04089141887327722 -0.18078770764471561 0.075148750604645903 0.013937961501591186 -0.020901486343446539 -0.072142073563117887 -0.072619285310249249 -0.079222242731929612 0.073532572882675326 -0.20593912904889283 -0.00076147968802122129 0.062435591798574636 0.074007743970518056 -0.14351750999855398 0.05885716446214987 -0.059868257270257672 0.056967964527310143 -0.083205067684038458 -0.0082006388345494362 0.085862842611177104 -0.069897192848881573 0.10812614438103474 0.080813895528630872 0.22515366471719184 -0.016096463667843459 0.062925739440747058 -0.19022927062724992
leaf_weight=32.044756177812815 0.59118349850177665 131.58775984542444 52.464452606625855 49.884065235382877 1.8217815014068062 30.544277966953814 31.96473285369575 34.470996471121907 40.339178688824177 4.5588767919689408 2.7155511267483297 65.931013742461801 3.2144373180344683 5.3383124619722366 10.358444788493214 16.138297062367201 2.1222292063757768 9.3475234135985357 15.124501873273401 16.162250625900924 13.850260412553324 14.682335709687324 3.2218794114887706 4.7134440748486668 3.7611591909080735 361.95415123365819 0.78564279666170378 19.573852367000654 14.856014812365173 1.655709940008818
leaf_count=1029 9 54185 1655 788 26 628 1261 1455 7049 971 26 2150 30 84 192 233 26 83 1182 375 1439 658 30 452 27 11735 49 235 123 19
internal_value=0.0251892 -0.0165761 -0.0458548 0.00844184 -0.0104323 0.0259595 -0.0305258 0.0134849 -0.051225 -0.000817394 0.0746464 0.0523517 0.00144201 -0.0778748 0.0211615 0.0269759 0.0041349 -0.00721625 -0.0133997 0.0373772 -0.0373614 -0.0184462 -0.0761042 -0.00665591 0.0155217 0.0803877 0.0038567 -0.00589178 0.0180005 -0.0286619
internal_weight=995.779 539.872 248.753 291.119 140.134 150.985 91.1652 120.441 57.0783 16.7391 455.907 93.3616 27.4306 8.55275 14.9173 48.9687 34.087 109.23 99.8827 18.8778 47.4183 33.568 139.523 7.93532 18.4435 362.545 32.8304 70.5566 34.4299 36.1267
internal_count=88204 73795 59711 14084 10836 3248 9525 2620 8238 1189 14409 2665 515 114 1163 1311 1287 5044 4961 401 3306 1867 54667 482 685 11744 1078 1832 358 1474
is_linear=0
shrinkage=0.08


Tree=56
num_leaves=31
num_cat=0
split_feature=50 45 35 31 4 12 15 43 50 2 32 11 28 27 36 33 2 16 49 33 12 31 0 11 27 2 21 42 11 16
split_gain=296.17 55.5518 43.7965 13.9464 14.8769 9.35227 11.6839 9.21608 14.8677 9.01584 10.624 7.71594 7.70331 18.5343 7.3518 8.42828 7.24688 6.97957 7.10206 6.47739 9.24571 8.06197 7.65146 6.29266 8.31759 6.16424 6.62468 5.99113 6.62596 8.85592
threshold=0.61843746900558483 1.2424533367156985 0.10265191644430162 74.888961791992202 75.641345977783217 61.601732254028327 0.037386443465948112 1.0000000180025095e-35 0.76847660541534435 91.010101318359389 0.46410256624221807 36.038961410522468 66.894977569580092 55.110074996948249 51.500000000000007 0.42261904478073126 88.998897552490249 0.10275264084339143 35.04402160644532 0.70294117927551281 64.907405853271499 90.451751708984389 10.859951019287111 70.294116973876967 39.711097717285163 86.526824951171889 0.90550595521926891 1.0000000180025095e-35 10.818713188171388 0.66369047760963451
decision_type=2 2 2 2 2 2 2 2 2 2 2 2 2 2 2 2 2 2 2 2 2 2 2 2 2 2 2 2 2 2
left_child=1 3 25 4 14 6 -5 -2 9 10 11 -9 -13 -14 15 -1 27 18 -8 20 22 -21 -4 -22 -25 -3 -27 28 29 -6
right_child=7 2 19 5 16 -7 17 8 -10 -11 -12 12 13 -15 -16 -17 -18 -19 -20 21 23 -23 -24 24 -26 26 -28 -29 -30 -31
leaf_value=-0.073984152453411806 0.080295467734420575 -0.080273794255647082 0.034864110376490356 0.049643689165528429 0.1399285555142582 0.078515835396692171 -0.024833556909214054 -0.17662453758028474 0.072930644507383596 0.081365909923202862 0.050315685635743526 0.07775150636285573 -0.27262215416457214 0.013673173711655972 0.011442003295474052 -0.01023450791318751 0.044732112749159551 0.033838298776439756 -0.15788043547693939 0.039356955943673215 0.071778213433387958 -0.074205877522835931 -0.076198119502761591 0.065457878026495372 -0.02772704081144171 0.054579431225360145 -0.096871333731621656 0.079898992298624419 -0.0075123617046368163 -0.055618548550374521
leaf_weight=30.768673700513318 335.05724678561091 121.49761589244008 4.8157626192551133 27.843190320301801 4.4608058789744964 24.732545835198835 7.3656456768512744 3.2423351202160182 61.344314822927117 6.7598271556198588 7.4364025024697176 2.7964413370937091 2.1608962453901768 4.3817263906821609 18.92737687472254 23.341968591324985 34.735097605735064 6.3039280672091982 3.9419985790736973 27.859835500363261 6.9835379226133218 4.6716985162347546 22.605356568004936 7.5268268096260718 33.042161090765148 4.5911706036422393 3.0941434295382351 6.0587820641230783 93.632093042018823 2.2197983078658581
leaf_count=8675 11744 54185 167 335 57 590 75 35 2150 165 165 40 19 91 1353 297 497 106 58 275 198 36 3207 134 1027 181 301 105 1898 38
internal_value=0.0245252 -0.0158546 -0.0444856 0.00797887 -0.00216453 0.0389268 0.0173859 0.0742409 0.0512202 0.00148417 -0.0254912 -0.0702978 -0.0333833 -0.0808844 -0.0314729 -0.0464842 0.0130058 -0.0336123 -0.0712155 -0.00676231 -0.0196975 0.0230487 -0.0566931 0.00163597 -0.0104383 -0.0758786 -0.00639536 0.00264568 -0.00202034 0.0749531
internal_weight=944.199 521.02 236.688 284.332 214.145 70.1873 45.4548 423.179 88.1219 26.7776 20.0178 12.5814 9.33906 6.54262 73.038 54.1106 141.107 17.6116 11.3076 107.505 74.9736 32.5315 27.4211 47.5525 40.569 129.183 7.68531 106.371 100.313 6.6806
internal_count=88204 73795 59711 14084 12920 1164 574 14409 2665 515 350 185 150 110 10325 8972 2595 239 133 5044 4733 311 3374 1359 1161 54667 482 2098 1993 95
is_linear=0
shrinkage=0.08


Tree=57
num_leaves=31
num_cat=0
split_feature=50 43 35 29 14 43 50 20 51 4 32 6 4 1 1 2 14 3 51 34 42 51 8 53 8 4 2 27 50 8
split_gain=272.997 45.3241 46.5346 13.1053 15.9934 9.26593 13.9738 9.59282 9.47771 7.71822 8.58174 6.50084 7.44957 12.2475 6.12375 6.3114 8.27949 6.54202 6.72614 6.54559 6.09346 10.941 7.38236 6.99088 6.75151 6.49741 5.94386 6.21242 5.74225 5.73811
threshold=0.61843746900558483 1.0000000180025095e-35 0.10265191644430162 75.419204711914077 0.58571431040763866 1.0000000180025095e-35 0.76847660541534435 4.5000000000000009 15.834456443786623 93.85471343994142 0.66025641560554515 62.323812484741218 56.887205123901374 49.691358566284187 84.29276275634767 26.975051879882816 0.31666667759418493 83.75235748291017 5.6606914997100839 0.25765384733676916 1.0000000180025095e-35 56.522611618041999 47.413022994995124 40.500482559204109 89.512962341308608 51.059255599975593 86.526824951171889 26.705426216125492 0.41730739176273351 23.629112243652347
decision_type=2 2 2 2 2 2 2 2 2 2 2 2 2 2 2 2 2 2 2 2 2 2 2 2 2 2 2 2 2 2
left_child=1 3 26 4 9 29 7 -7 -9 10 20 12 -5 -14 15 -4 -17 18 -18 -19 21 -1 23 -22 -23 -25 -3 -28 -16 -2
right_child=5 2 14 11 -6 6 -8 8 -10 -11 -12 -13 13 -15 28 16 17 19 -20 -21 22 24 -24 25 -26 -27 27 -29 -30 -31
leaf_value=-0.073642583252553268 -0.15914952062611473 -0.080256575013080506 0.019315775101262332 0.039388756908338596 0.027529305248026135 0.035437746792745854 0.072296644190075976 -0.15807990149846257 0.010903857448138338 0.068776878706085051 -0.47143907311303423 0.081129141608853053 -0.20281447096758259 0.029962646638065391 0.10731384853260383 -0.054818163522773522 -0.055768423728204695 0.027990695055029456 0.054895880900516981 -0.11277774675645189 -0.092415224832314846 -0.0075730824304537292 0.062655001443670616 0.033965778289824271 -0.11513492114206089 -0.05051494249818745 0.079764732858987997 -0.067742401450838471 0.011378160986490663 0.080692855294586044
leaf_weight=28.324025891372003 0.63972718268632789 112.79718934511766 26.546196980634704 28.77373319491744 77.462681983597577 17.577012304216627 57.104761928319931 3.9820001125335676 4.552951717749238 6.3180459309369317 0.27097215875983138 18.315046105533838 2.3173013366758815 3.8500067852437496 5.1899101878516403 32.765527725452557 4.56438442971558 3.6387715828604978 15.289613754488526 5.0452906177379191 6.0096940296934944 61.393048960948363 10.502987726824356 16.195186569122601 3.9766949564218512 9.100512922042979 3.1104765888303509 4.4295841648709029 17.314430494792759 309.0202604252845
leaf_count=7499 9 54407 639 327 1085 401 2150 43 71 78 2 504 17 45 89 3443 69 73 492 81 1056 2174 169 137 25 674 30 455 225 11735
internal_value=0.0238485 -0.0151502 -0.0412519 0.00692168 -0.001714 0.0738284 0.0501287 0.00164906 -0.0679359 -0.0176563 -0.0216784 0.0425232 0.0222871 -0.0575009 -0.0037315 -0.0132697 -0.0273802 0.00412234 0.0294544 -0.0537933 -0.020779 -0.0321115 0.00461744 -0.0148542 -0.0141165 0.00357255 -0.0756597 -0.00689177 0.0335027 0.0801974
internal_weight=896.378 503.501 230.691 272.81 219.554 392.877 83.2167 26.112 8.53495 142.091 135.773 53.2561 34.941 6.16731 110.354 87.8498 61.3036 28.5381 19.854 8.68406 135.502 93.6938 41.8084 31.3054 65.3697 25.2957 120.337 7.54006 22.5043 309.66
internal_count=88204 73795 60003 13792 12899 14409 2665 515 114 11814 11736 893 389 62 5111 4797 4158 715 561 154 11734 9698 2036 1867 2199 811 54892 485 314 11744
is_linear=0
shrinkage=0.08


Tree=58
num_leaves=31
num_cat=0
split_feature=50 43 30 31 20 51 30 43 48 6 4 7 16 8 6 5 5 12 33 15 32 7 6 3 33 20 14 8 15 51
split_gain=251.33 40.6134 43.6173 11.8297 13.0145 11.6564 12.7584 9.48198 14.0744 8.67132 14.6801 8.56557 11.7752 8.03476 7.48904 7.06896 7.05017 6.94401 8.57614 6.59606 6.5191 11.9194 7.53944 5.74216 5.58243 7.40726 5.53297 5.36469 5.1602 6.61475
threshold=0.61843746900558483 1.0000000180025095e-35 48.502779006958015 74.888961791992202 1.5000000000000002 59.540592193603523 72.834224700927749 1.0000000180025095e-35 87.50553131103517 57.84608459472657 53.988054275512702 91.010101318359389 0.73993557691574108 22.431865692138675 97.341781616210952 30.0684928894043 87.007671356201186 86.429775238037124 0.24264705926179889 0.86754387617111217 0.46410256624221807 80.810150146484389 83.399562835693374 96.824596405029311 0.86190477013587963 5.5000000000000009 0.78888890147209179 45.393938064575202 0.037386443465948112 36.418760299682624
decision_type=2 2 2 2 2 2 2 2 2 2 2 2 2 2 2 2 2 2 2 2 2 2 2 2 2 2 2 2 2 2
left_child=1 3 14 4 17 6 16 13 11 10 28 12 20 -2 -3 -8 19 18 -1 -6 21 22 -9 -16 25 -4 -7 -20 29 -5
right_child=7 2 24 9 5 26 15 8 -10 -11 -12 -13 -14 -15 23 -17 -18 -19 27 -21 -22 -23 -24 -25 -26 -27 -28 -29 -30 -31
leaf_value=-0.06685406268038821 -0.25889309930709742 -0.080276851322166359 0.010085503583745182 -0.063101016725075273 -0.08443933019260616 -0.0042101048629810053 -0.046442946907061772 -0.19379613774572541 0.072985678784956695 0.073042796676287366 -0.090236263429777988 0.08117916226938536 -0.2768519516102303 0.080640017990622134 0.096999094270268899 0.067663864800359116 0.026930705673983021 0.04665922285628539 -0.052400565666776755 -0.72687689925347443 0.049686396943053587 0.063074306586016038 -0.03379297169102647 -0.048596575403499792 0.056794160801050653 -0.034150921568568797 0.079184880745692576 0.098747013601309788 -0.018937778712081143 0.070879312903066372
leaf_weight=9.0301893511787075 0.44675252586603065 104.90048014838248 56.173975721932948 2.6636903395410689 30.580021312576722 91.648169336142018 6.2764657409861666 3.4229693524539559 52.171145902015269 25.248490389203653 7.2053817581618196 6.543831029906868 1.1148307994008053 285.72007551603019 2.6454690203536293 7.7837505121715367 3.9524607444182029 41.413596204249188 2.1915611018193877 0.10262611694633861 7.3554532323032609 4.1306033581495285 4.194275951012969 5.0297538740560412 9.0082471035420877 42.595687425113283 5.3911662427708498 4.7824664278887212 8.0097921994747576 20.574857018887997
leaf_count=1004 4 54468 1989 67 8562 2016 58 28 2110 653 110 184 30 11740 127 112 55 624 105 4 178 81 54 334 90 2995 70 38 84 230
internal_value=0.023155 -0.0144515 -0.0398697 0.00653747 -0.00289459 -0.0156042 -0.0475432 0.0733389 0.0487911 0.0366172 0.0127004 0.00162489 -0.0241238 0.08011 -0.0746955 0.0167267 -0.0736337 0.0293643 -0.015389 -0.0865881 -0.00937505 -0.046354 -0.105694 0.00158683 -0.00349351 -0.00899202 0.000423029 0.0512495 0.0364359 0.055522
internal_weight=852.308 487.208 220.354 266.855 203.152 145.735 48.6953 365.1 78.9331 63.7022 38.4537 26.762 20.2181 286.167 112.576 14.0602 34.6351 57.4178 16.0042 30.6826 19.1033 11.7478 7.61725 7.67522 107.778 98.7697 97.0393 6.97403 31.2483 23.2385
internal_count=88204 73795 60003 13792 12648 10877 8791 14409 2665 1144 491 555 371 11744 54929 170 8621 1771 1147 8566 341 163 82 461 5074 4984 2086 143 381 297
is_linear=0
shrinkage=0.08


Tree=59
num_leaves=31
num_cat=0
split_feature=50 45 35 32 11 42 43 48 45 31 51 36 28 15 5 6 8 3 14 25 5 15 16 6 29 31 27 29 6 2
split_gain=231.567 40.5671 38.5574 10.3755 13.0925 11.3522 9.53581 13.2314 9.6151 9.37356 7.41765 7.24615 10.9126 6.81458 7.17256 7.15762 6.52082 6.30576 6.73404 6.40041 9.97326 7.3646 7.48672 6.31051 5.8832 5.86695 8.31381 7.62583 6.46586 5.84768
threshold=0.61843746900558483 1.2424533367156985 0.10265191644430162 0.80384615063667308 37.268518447875984 1.0000000180025095e-35 1.0000000180025095e-35 87.50553131103517 1.9729550480842593 97.985729217529311 87.386363983154311 16.500000000000004 66.894977569580092 0.037386443465948112 59.611795425415046 59.387298583984382 22.431865692138675 84.889995574951186 0.47727273404598242 1.0000000180025095e-35 40.862709045410163 0.35043859481811529 0.31311275064945226 89.167831420898452 50.806661605834968 72.949089050292983 39.711097717285163 59.026268005371101 75.002151489257827 86.526824951171889
decision_type=2 2 2 2 2 2 2 2 2 2 2 2 2 2 2 2 2 2 2 2 2 2 2 2 2 2 2 2 2 2
left_child=1 3 29 4 9 10 16 8 -8 13 17 -10 -13 -1 -15 -16 -2 18 19 21 -21 -6 -23 -24 -19 26 -4 -28 -29 -3
right_child=6 2 25 -5 5 -7 7 -9 11 -11 -12 12 -14 14 15 -17 -18 24 -20 20 -22 22 23 -25 -26 -27 27 28 -30 -31
leaf_value=0.011232732783629105 -0.20259170479826444 -0.080234405356650995 0.042560604897356892 0.073668250494764762 -0.053158991776509776 0.065431575616582388 -0.20410278810637861 0.072368648996033472 0.039960714882399689 -0.3048369455200009 0.029200405443512906 0.076262940283244943 -0.13343104475045381 -0.057514664918856859 0.21646909365598035 -0.011117408504987028 0.080590463284722205 -0.075318348418927025 0.041233636242648246 0.1893618768201687 -0.095578045016559976 0.1218448748215261 -0.089482037765650779 0.048985504870607606 0.074345030098870071 0.015434323908022215 -0.069594622280834781 -0.041703883255030751 0.042759316340033993 -0.0050136063787099968
leaf_weight=35.579730066005141 0.52144388854503532 95.839278773404658 10.187725100317037 14.103282617405055 8.6149704421404767 26.745846051257104 1.3754086773842598 48.554316763300449 17.919958204962317 0.72901282645761867 56.601769207045436 2.5033473018556824 4.3453230895102024 34.274373947875574 0.91112504375633108 30.167631473974325 263.90848751179874 13.006998062483033 18.78408949659206 0.85861899086739768 9.3156300851842371 4.7975551182171321 3.323186652036382 5.7530993027612567 1.9304683953523625 45.988590965280309 23.340184137225151 13.392386397579687 10.232562972465528 7.1046946223359546
leaf_count=1127 4 54185 537 312 1039 728 26 2110 429 9 617 47 53 5845 34 2412 11740 278 153 79 1092 121 140 66 32 754 2911 747 95 482
internal_value=0.0224833 -0.0137743 -0.0404063 0.00689812 0.0031523 0.0181957 0.0729021 0.0476622 0.00177789 -0.0190042 0.00792326 0.0132105 -0.056783 -0.0169397 -0.0322775 -0.00444533 0.080032 -0.0102184 0.0030673 -0.0188817 -0.0715316 0.00493789 0.0410132 -0.00171293 -0.0559764 -0.00583596 -0.0229513 -0.0371622 -0.00512074 -0.075043
internal_weight=810.711 471.583 206.085 265.497 251.394 149.732 339.128 74.6984 26.144 101.662 122.986 24.7686 6.84867 100.933 65.3531 31.0788 264.43 66.3846 51.4472 32.6631 10.1742 22.4888 13.8738 9.07629 14.9375 103.141 57.1529 46.9651 23.6249 102.944
internal_count=88204 73795 59711 14084 13772 4345 14409 2665 555 9427 3617 529 100 9418 8291 2446 11744 3000 2690 2537 1171 1366 327 206 310 5044 4290 3753 842 54667
is_linear=0
shrinkage=0.08


Tree=60
num_leaves=31
num_cat=0
split_feature=50 45 35 43 48 31 2 6 0 2 16 6 36 30 14 1 15 2 21 8 1 27 14 13 15 36 28 24 16 49
split_gain=213.153 36.1616 36.8675 9.74658 12.5513 9.57313 10.274 8.20738 9.43586 7.5516 9.90898 7.16962 6.98101 9.43964 8.07207 7.49641 6.6557 5.86392 5.7109 5.52381 5.50594 6.82002 5.49272 11.2406 7.3457 6.40042 5.59726 5.47792 5.38837 6.73281
threshold=0.61843746900558483 1.2424533367156985 0.10265191644430162 1.0000000180025095e-35 87.50553131103517 74.888961791992202 88.998897552490249 64.80170059204103 27.842377662658695 91.010101318359389 0.77207791805267345 83.850597381591811 51.500000000000007 72.834224700927749 0.5634920895099641 42.36596870422364 0.65669643878936779 86.526824951171889 0.90550595521926891 22.431865692138675 84.29276275634767 58.681159973144538 0.13392857462167743 0.63333335518836986 0.43613053858280187 9.5000000000000018 65.599384307861342 -1.0000000180025095e-35 0.093933824449777617 30.198506355285648
decision_type=2 2 2 2 2 2 2 2 2 2 2 2 2 2 2 2 2 2 2 2 2 2 2 2 2 2 2 2 2 2
left_child=1 5 17 19 9 6 11 8 -7 10 22 12 13 14 -1 -15 -14 -3 -19 -2 21 -4 -5 24 -24 -25 -27 -13 29 -10
right_child=3 2 20 4 -6 7 -8 -9 28 -11 -12 27 16 15 -16 -17 -18 18 -20 -21 -22 -23 23 25 -26 26 -28 -29 -30 -31
leaf_value=-0.082644672000758507 -0.16635609181689132 -0.080219707119016034 -0.044518396752228719 0.081132415297736071 0.071717324286358408 0.041633608053927171 0.040097213272194669 0.077579137456348826 0.012585987264534762 0.081068220909691055 -0.2414735892604869 -0.15740238211664553 0.01988779898012237 -0.044479399169684762 0.017450483481148235 0.053751181218043273 -0.10258402860208329 0.051025283964855207 -0.097224680765102517 0.080544766419023903 0.03076573491480903 0.003326365636740743 -0.042167347206086621 0.077062966578878178 -0.24674856192781547 0.084828420951973058 -0.10112330045725325 0.0096964163130933822 0.025171419590338442 -0.13076782954943153
leaf_weight=31.002016432350501 0.58131037652492423 88.486356712412089 30.899593249545433 3.6250365450978377 45.212136160116643 27.624580651288852 31.255150781478733 19.162954579805955 3.3719400085974467 5.9310259297490111 1.2324933176860202 1.2755001130281005 25.436513410182673 10.456302241422238 6.1850059581920496 9.4799115243367833 3.196800199802964 4.4305420420132569 2.6623135476838797 243.75084099173546 21.26246050815098 49.795921369455755 2.5102435965090981 5.4485193807631713 2.0329510057345033 1.4520465545356271 3.6156105827540159 80.452446304843761 5.3208995512686661 5.5447495069820434
leaf_count=9163 4 54185 3602 101 2110 334 498 598 47 184 25 10 1421 88 209 77 57 181 301 11740 301 1141 30 119 27 18 51 1397 90 95
internal_value=0.0217781 -0.0131163 -0.0389138 0.0723731 0.0462955 0.00650133 -0.00200886 0.0342163 0.0143664 0.00182856 -0.0217681 -0.00986649 -0.026025 -0.0421852 -0.0659967 0.00223043 0.00621429 -0.0746096 -0.00462055 0.0799573 -0.00545132 -0.0149942 -0.00727551 -0.0285567 -0.133712 0.0168722 -0.0478422 0.00708856 -0.0385389 -0.0765571
internal_weight=772.694 457.302 197.537 315.392 71.0601 259.765 198.74 61.0251 41.8622 25.8479 19.9169 167.484 85.7565 57.1232 37.187 19.9362 28.6333 95.5792 7.09286 244.332 101.958 80.6955 18.6844 15.0594 4.54319 10.5162 5.06766 81.7279 14.2376 8.91669
internal_count=88204 73795 59711 14409 2665 14084 12920 1164 566 555 371 12422 11015 9537 9372 165 1478 54667 482 11744 5044 4743 346 245 57 188 69 1407 232 142
is_linear=0
shrinkage=0.08


Tree=61
num_leaves=31
num_cat=0
split_feature=50 45 30 49 51 27 6 20 21 44 7 34 1 29 28 51 44 50 8 36 12 6 36 5 15 52 3 33 27 31
split_gain=196.603 34.5258 34.0619 11.1342 12.6778 9.36942 7.33899 6.82495 11.435 6.3212 7.81809 11.2924 6.24615 5.7516 5.72562 5.69765 8.63238 8.21316 7.67664 7.35089 6.19863 13.3315 6.02846 6.76551 6.65994 8.35615 5.55326 6.92829 5.47291 11.7899
threshold=0.64840659499168407 1.9729550480842593 48.502779006958015 51.915737152099616 38.249423980712898 86.855396270751967 97.341781616210952 4.5000000000000009 0.81909090280532848 -1.0000000180025095e-35 89.512962341308608 0.55848154425621044 86.425064086914077 68.863315582275405 79.431911468505874 99.206348419189467 1.0000000180025095e-35 0.1518557667732239 36.032787322998054 37.500000000000007 39.567100524902351 47.957830429077156 31.500000000000004 99.367088317871108 0.3483316451311112 70.659969329833999 95.488464355468764 0.62019231915473949 60.630899429321296 60.312566757202156
decision_type=2 2 2 2 2 2 2 2 2 2 2 2 2 2 2 2 2 2 2 2 2 2 2 2 2 2 2 2 2 2
left_child=1 3 6 4 5 13 -3 -5 12 10 11 26 14 -1 -9 16 17 22 20 -17 21 -18 23 -6 -24 -26 27 -2 29 -4
right_child=9 2 28 7 15 -7 -8 8 -10 -11 -12 -13 -14 -15 -16 19 18 -19 -20 -21 -22 -23 24 -25 25 -27 -28 -29 -30 -31
leaf_value=-0.072814881893446565 -0.18170965957944646 -0.080250914112012822 0.033043249659342487 0.064460723956578786 0.046009670540529027 -0.93667786093010663 0.0039331538521228983 -0.073230902198555645 -0.2698733165428398 0.079867283336283887 0.078119093271066253 0.053116427067308618 0.079741387120931831 0.078226666544273335 0.066919490727728917 0.0015766833478555564 -0.00088599749571402367 -0.058212251148668175 0.068487337802518158 0.073188509416788852 0.030664810327499174 -0.20923713474828695 -0.085517822842961791 -0.19861888512016898 0.11098472015792861 -0.012946715458014938 0.018138970343054055 0.015862961050206698 0.011375544398349025 -0.051398536364394634
leaf_weight=17.299261904321618 3.179264400154354 81.848295318428427 15.310150571051052 31.186463497229852 18.682786946650598 0.07811366766691108 7.2115507903508833 5.6789629893610201 0.94764517166186202 220.51145346090198 32.2457270543091 20.782674187328666 5.9596628956496724 1.7795013436116267 2.7782561108469963 20.164326686412096 10.522201095707713 21.241356659214944 17.903499382780865 16.831255687400699 20.880474474746734 2.416931838495656 7.4268973324215031 0.75269614160060783 3.7164771386887869 55.178616444114596 3.7322549200616777 1.7674210928380487 54.713732127449475 34.26704008935485
leaf_count=7301 32 53881 692 662 833 1 455 168 28 11515 1530 887 213 38 76 282 117 1945 265 229 222 27 1378 4 207 730 104 34 1116 3232
internal_value=0.0210821 -0.0114676 -0.0370985 0.00748909 -0.000195439 -0.062307 -0.0734342 0.0429601 -0.000681339 0.0735337 0.0509006 0.02111 0.0170131 -0.058727 -0.0271905 0.00588405 -0.00070586 -0.0136773 0.0261281 0.0341567 0.00370381 -0.0398044 -0.00264645 0.0365357 -0.0141287 -0.00512623 -0.055533 -0.111118 -0.00606937 -0.0253217
internal_weight=736.995 454.776 193.351 261.425 214.874 19.1569 89.0598 46.551 15.3645 282.219 61.7073 29.4616 14.4169 19.0788 8.45722 195.718 158.722 106.999 51.7231 36.9956 33.8196 12.9391 85.7575 19.4355 66.322 58.8951 8.67894 4.94669 104.291 49.5772
internal_count=88204 74102 59376 14726 13579 7340 54336 1147 485 14102 2587 1057 457 7339 244 6239 5728 5097 631 511 366 144 3152 837 2315 937 170 66 5040 3924
is_linear=0
shrinkage=0.08


Tree=62
num_leaves=31
num_cat=0
split_feature=50 31 4 30 7 1 36 32 36 29 2 43 48 28 21 49 4 7 32 30 11 35 32 28 31 36 0 14 5 5
split_gain=181.181 28.7075 35.1601 13.5873 11.3496 10.8928 9.81938 7.64914 7.59536 16.9087 9.29996 6.4374 8.10173 6.40851 7.50776 7.22254 6.25494 6.16474 6.94655 6.87719 5.88943 5.69549 5.56265 6.95033 6.60331 5.29745 5.25587 7.00107 6.75289 6.14648
threshold=0.64840659499168407 73.547473907470717 75.641345977783217 72.834224700927749 65.240276336669936 85.145786285400405 51.500000000000007 0.80384615063667308 25.500000000000004 59.026268005371101 90.070423126220717 1.0000000180025095e-35 87.50553131103517 52.843666076660163 0.38673019409179693 19.089026451110843 62.667881011962898 89.512962341308608 0.45804196596145635 88.589511871337905 38.585609436035163 0.20077519863843921 0.12060606107115747 1.0000000180025095e-35 64.621295928955092 16.500000000000004 71.516754150390639 0.240384615957737 59.611795425415046 72.595520019531264
decision_type=2 2 2 2 2 2 2 2 2 2 2 2 2 2 2 2 2 2 2 2 2 2 2 2 2 2 2 2 2 2
left_child=1 2 3 4 -1 7 -6 -3 9 22 21 -2 17 -5 -15 -16 -8 18 19 -13 -18 26 23 -4 -24 -11 27 -10 -28 -29
right_child=11 5 8 13 6 -7 16 -9 10 25 -12 12 -14 14 15 -17 20 -19 -20 -21 -22 -23 24 -25 -26 -27 28 29 -30 -31
leaf_value=-0.078335411063175014 0.079767152684693809 0.0031823188011322729 0.030945597124536848 0.14428766404252594 -0.057940448723403919 0.078031280827693575 0.15783394347809496 0.069840311894760213 -0.086820051429631187 0.062395178962217877 0.053778541846474404 -0.033194767775413678 0.070342192172668086 0.05087221475490291 -0.23162250716204191 -0.028000449194027416 -0.055465932100990968 0.080925876170890185 0.056934040359516075 -0.22905320325814973 0.092729253333877923 -0.10001946487271254 0.037304865915766705 -0.086217233093799181 -0.075038571220850642 -0.095061297778238227 -0.10409196870265243 0.053103000781714926 -0.0027213935504792537 -0.041069472728270745
leaf_weight=88.753138974192552 203.8030458856374 77.238625659956597 3.7455461083445725 1.6524861889192823 14.204494856996464 19.943563957815059 2.4340988697949779 12.850711191073058 3.1175159327685824 14.324162503471596 26.925668507115915 7.6953098643571156 39.409266512375325 8.129030288429929 1.1631416829768593 26.858119273907505 3.9506401068065315 5.2094572298228732 4.7680513318628064 1.3484310861676929 3.0345723524224013 3.4680607733316711 8.2322001104475913 24.029866635333747 5.644299291772767 1.5118254553526629 4.5725167087512082 28.55066168634221 52.437478623818606 5.2515452386578536
leaf_count=53584 11515 1289 50 22 5356 586 67 271 582 190 441 124 2110 87 16 710 357 189 146 18 67 50 118 8041 198 21 204 683 997 115
internal_value=0.0203741 -0.0108796 -0.0226168 -0.0512623 -0.0652187 0.0245337 -0.01594 0.0126907 0.001045 -0.023001 0.012164 0.0730557 0.0496465 -0.00977373 -0.0168161 -0.0364526 0.0473974 0.00676811 -0.0212023 -0.0623975 0.00891422 0.000659623 -0.0497533 -0.0704177 -0.0083911 0.0473632 0.00437688 0.0278925 -0.0108519 0.0384723
internal_weight=704.258 442.024 331.991 150.18 112.377 110.033 23.6238 90.0893 181.811 57.4879 124.323 262.234 58.4305 37.8028 36.1503 28.0213 9.41931 19.0212 13.8118 9.04374 6.98521 97.3978 41.6519 27.7754 13.8765 15.836 93.9297 36.9197 57.01 33.8022
internal_count=88204 74102 71956 60266 59431 2146 5847 1560 11690 8618 3072 14102 2587 835 813 726 491 477 288 142 424 2631 8407 8091 316 211 2581 1380 1201 798
is_linear=0
shrinkage=0.08


Tree=63
num_leaves=31
num_cat=0
split_feature=50 45 31 28 14 12 4 4 25 21 27 21 20 2 32 30 44 48 45 20 20 12 4 51 28 21 28 2 4 8
split_gain=166.955 29.2198 18.2214 14.2542 16.6807 11.9861 11.7728 8.68106 10.1078 9.37372 7.95294 7.62347 7.07229 7.00337 6.66623 6.60646 6.54398 7.6814 11.6496 6.31624 6.23451 7.12586 6.97861 5.7237 5.51791 5.85703 5.50083 5.49179 9.62311 5.48398
threshold=0.64840659499168407 2.0397207736968999 72.222682952880874 68.020618438720717 0.47727273404598242 61.601732254028327 48.117729187011726 83.837310791015639 1.0000000180025095e-35 0.36899313330650335 79.422195434570327 0.58876052498817455 7.5000000000000009 91.010101318359389 0.20344828069210055 66.838485717773452 -1.0000000180025095e-35 87.50553131103517 1.9729550480842593 5.5000000000000009 1.5000000000000002 94.095859527587905 83.06772613525392 8.9513506889343279 52.433105468750007 0.4246212244033814 52.843666076660163 65.240276336669936 62.560293197631843 22.431865692138675
decision_type=2 2 2 2 2 2 2 2 2 2 2 2 2 2 2 2 2 2 2 2 2 2 2 2 2 2 2 2 2 2
left_child=1 3 13 4 7 6 -5 10 12 -10 15 -8 -9 14 -3 27 17 18 -2 -20 21 22 -6 -21 -17 -26 -16 -1 -29 -18
right_child=16 2 -4 5 20 -7 11 8 9 -11 -12 -13 -14 -15 26 24 29 -19 19 23 -22 -23 -24 -25 25 -27 -28 28 -30 -31
leaf_value=-0.076127697632534755 -0.23045836120802357 -0.082437401767304644 0.0070466447879421494 0.037032850612924773 0.016101475130768025 0.066925987058429184 0.013978283117739054 0.06039046366189834 0.20094841093800417 -0.086909563638667892 -0.80210326557900058 -0.068964809167253033 -0.053151718463845789 0.0095135348967434665 0.093200388207994256 0.14329107028410693 -0.16525144582813703 0.069578154742520409 0.057045831328795871 -0.16491291987009615 -0.002568863184525246 0.052278971271121549 -0.15068181076443071 0.008340929355330453 0.066940619642733457 -0.049755823067491434 -0.043310831937587231 0.15801203802957639 -0.045127503988370392 0.080425744358698092
leaf_weight=40.500793005805463 1.2394384294748331 62.759523394866847 31.761783185880631 38.012742716004141 5.4597034242469809 32.848382390337065 13.096820322913119 15.526237428188326 0.78643600642681377 9.118545984849332 0.089790157973765328 15.46830118622165 4.5368860949529326 7.5468251712154588 2.2443160753464317 1.492595252348109 0.58330139517784019 36.762899098917842 11.685564683750274 1.7749053481966246 74.54446727829054 33.363502738880925 2.2745331601472571 3.9060282316058874 3.7596180520486078 10.276550897746345 11.938579780515282 1.7768284563207988 9.3258890045108256 187.78231310844421
leaf_count=20721 24 42843 620 529 282 865 204 336 2 998 1 327 268 229 39 21 4 2110 372 16 2164 575 94 65 44 244 482 75 2139 11511
internal_value=0.0196954 -0.0103726 -0.0446105 0.00237382 -0.00930867 0.0273814 0.00787083 -0.0337388 0.00207012 -0.0640542 -0.0497027 -0.0309362 0.0347151 -0.0640299 -0.0712433 -0.0486964 0.072558 0.04838 0.00649518 0.0234064 0.0112234 0.0362401 -0.0329472 -0.0457891 -0.00294753 -0.0184984 -0.0217092 -0.0624633 -0.012618 0.079665
internal_weight=672.244 428.51 116.251 312.259 212.832 99.4262 66.5779 97.1902 29.9681 9.90498 67.2221 28.5651 20.0631 84.4892 76.9424 67.1323 243.734 55.3688 18.6059 17.3665 115.642 41.0977 7.73424 5.68093 15.5288 14.0362 14.1829 51.6035 11.1027 188.366
internal_count=88204 74102 44213 29889 27964 1925 1060 24849 1604 1000 23245 531 604 43593 43364 23244 14102 2587 477 453 3115 951 376 81 309 288 521 22935 2214 11515
is_linear=0
shrinkage=0.08


Tree=64
num_leaves=31
num_cat=0
split_feature=50 31 4 30 1 36 42 27 35 20 27 28 32 2 2 11 16 29 32 11 20 25 0 21 20 36 53 32 43 52
split_gain=153.857 24.9583 28.3396 13.4508 10.753 9.34859 7.80578 10.2958 14.156 11.9431 9.51698 7.66337 7.44642 6.77243 5.64575 6.38193 5.78713 5.50656 5.37477 5.25284 5.09553 10.292 5.9739 5.57333 6.81021 5.15057 5.89534 4.97201 4.86949 5.97245
threshold=0.67580288648605358 73.547473907470717 75.641345977783217 57.993141174316413 85.912700653076186 70.500000000000014 1.0000000180025095e-35 26.705426216125492 0.11896437034010889 2.5000000000000004 63.002912521362312 49.86187934875489 0.80384615063667308 65.240276336669936 88.998897552490249 11.437908172607424 0.56840464472770702 45.078563690185554 0.35857143998146063 44.097221374511726 4.5000000000000009 1.0000000180025095e-35 7.2077922821044931 0.55646631121635448 10.500000000000002 2.5000000000000004 51.677040100097663 0.31009615957736975 1.0000000180025095e-35 81.892700195312514
decision_type=2 2 2 2 2 2 2 2 2 2 2 2 2 2 2 2 2 2 2 2 2 2 2 2 2 2 2 2 2 2
left_child=1 2 3 5 12 -1 7 14 -9 11 18 -10 20 -7 15 16 -4 -5 27 -17 -3 22 -22 25 -25 26 -24 -11 -2 -30
right_child=28 4 6 17 -6 13 -8 8 9 10 -12 -13 -14 -15 -16 19 -18 -19 -20 -21 21 -23 23 24 -26 -27 -28 -29 29 -31
leaf_value=-0.074061337398952251 0.079992389275905462 0.027325511660602764 0.15008388198757761 0.050663215218908361 0.078738745332767271 -0.086272272154282709 0.080656266914986979 -0.07806186912561644 0.13153738114158675 -0.070812576958804066 0.074971544187213135 0.016192801609814216 0.069327991000499425 0.074286445674952489 0.046421794914648616 -0.079793178150756261 -0.0047042704287430046 -0.025086924186497616 0.08545962893087225 0.0018209740980979156 -0.20445682638838378 -0.10875170684952863 0.028989631701377371 -0.0065773062883830906 -0.1459170179673806 0.050210152314902542 -0.12082891151427964 -0.28072440837224572 -0.033912815970961831 0.060503040661410497
leaf_weight=81.724823217024095 169.71350163500756 32.905011539231054 3.4189381438773117 7.2472620798507696 18.814629988512024 2.5543273682706049 7.4549095424590623 23.241552258958109 4.7807502748910364 15.101294190972116 3.6153784352354696 16.10476618562825 12.659894593060015 4.9195695103844628 24.154233527369797 5.442153852665796 2.8216343042440712 40.263634483562782 1.3494782634079445 69.529607286676764 0.8845306244911616 6.3158549651270723 4.2478647953830686 10.874168306123464 2.8288577408529809 18.394287743722089 2.7817537784576416 0.75843771174550134 4.7538162674754849 43.7478534784168
leaf_count=57517 11283 604 26 150 638 786 193 9023 29 531 40 238 311 158 438 219 28 1674 13 985 13 246 37 220 58 195 33 6 140 2372
internal_value=0.0189959 -0.00902979 -0.0205297 -0.0479153 0.0236378 -0.0662292 0.000530109 -0.00297705 -0.0280293 -0.000150286 -0.0430211 0.0425955 0.0123561 0.0194129 0.012466 0.00236687 0.0800974 -0.0135321 -0.0678095 -0.00410335 0.00325302 -0.013845 0.00113613 0.00578391 -0.0353426 0.0279504 -0.0302964 -0.0808509 0.0736037 0.051249
internal_weight=643.405 425.19 314.483 136.71 110.707 89.1987 177.773 170.318 64.9517 41.7101 20.8246 20.8855 91.8922 7.4739 105.367 81.2123 6.24057 47.5109 17.2092 74.9718 79.2323 46.3273 40.0115 39.1269 13.703 25.4239 7.02962 15.8597 218.215 48.5017
internal_count=88204 74409 72054 60285 2355 58461 11769 11576 9880 857 590 267 1717 944 1696 1258 54 1824 550 1204 1406 802 556 543 278 265 70 537 13795 2512
is_linear=0
shrinkage=0.08


Tree=65
num_leaves=31
num_cat=0
split_feature=50 31 6 43 8 44 27 35 15 6 33 50 2 50 2 43 8 32 52 50 36 27 33 12 24 51 1 33 27 28
split_gain=141.682 21.8724 24.686 13.1063 10.6963 6.7399 8.93286 14.0337 6.69419 9.01487 6.46783 6.04779 5.50991 5.3781 5.18253 5.08659 5.72094 5.60575 7.32842 4.77349 7.42745 6.52879 5.31592 4.60508 4.56919 4.39346 4.27856 4.23225 4.10778 5.09187
threshold=0.67580288648605358 73.547473907470717 76.757190704345717 1.0000000180025095e-35 45.512083053588874 1.0000000180025095e-35 26.705426216125492 0.11896437034010889 0.050641026347875602 58.751388549804695 0.77350428700447094 0.54305469989776622 7.2077922821044931 0.31787760555744177 90.070423126220717 1.0000000180025095e-35 87.007671356201186 0.45804196596145635 81.01672744750978 0.23895843327045443 46.500000000000007 81.505073547363295 0.24264705926179889 79.814815521240249 -1.0000000180025095e-35 10.843764781951906 97.259757995605483 0.38675214350223547 61.836925506591804 65.030120849609389
decision_type=2 2 2 2 2 2 2 2 2 2 2 2 2 2 2 2 2 2 2 2 2 2 2 2 2 2 2 2 2 2
left_child=1 2 3 19 8 6 14 27 12 13 -5 23 -3 -10 24 -2 17 18 -17 20 21 -1 -21 -9 -4 -25 -13 -8 29 -20
right_child=15 4 5 10 -6 -7 7 11 9 -11 -12 26 -14 -15 -16 16 -18 -19 28 22 -22 -23 -24 25 -26 -27 -28 -29 -30 -31
leaf_value=-0.067339322731491 0.079922070312692009 -0.12211538301335764 -0.14499302391800548 -0.074811035984001545 0.055554889532184321 0.074977927124971575 -0.085212063695577225 -0.090868071692540395 -0.019041280493229371 0.039047462611420433 0.01711062949578477 -0.06326618490924682 0.027151115037994295 -0.11198118770887711 0.047326018836089015 -0.18568522147392572 0.069964825113907031 0.053332676679992995 0.08215045363019359 -0.080351351155907344 0.0034637372551076123 -0.71915792811732571 0.024666869563932152 -0.0461803732320476 0.0051744249486637243 0.049060992260434831 0.026713202904452664 0.066325643934261991 0.080864675043260864 -0.1405163385303814
leaf_weight=18.699389167246412 156.79764272365719 1.643683339934795 1.3187559057259921 67.8158169494709 39.496740464470349 7.4239140863064668 21.40060633560643 2.0273680465761599 7.9582990123890358 7.8747968034585929 5.2803965769708148 11.604301090352239 42.661886292975396 7.9808435143204406 21.0604860316962 1.7292386926710595 30.404902754351497 8.7239370569586736 1.0237549226731064 3.6135083034168956 15.943308713380246 0.098866604268549874 21.084173011011444 3.6519800132373375 77.835737670073286 20.50190492242109 4.7733701746910802 1.2483365209773172 2.4167999420315027 1.836072906386107
leaf_count=6151 11283 23 15 48959 1255 192 10116 125 195 182 46 110 549 151 416 18 1860 473 28 1893 1376 1 529 312 1374 376 57 6 104 29
internal_value=0.0183149 -0.00858084 -0.0195098 -0.045485 0.0224324 0.000407375 -0.00293923 -0.0259857 0.0032274 -0.0309797 -0.0681707 0.00108845 0.0216135 -0.065577 0.0120566 0.0730518 0.049702 0.0105351 -0.042758 -0.0175869 -0.0367019 -0.0707675 0.00930169 0.0249404 0.00267256 0.0346608 -0.0370412 -0.0768598 0.00408167 -0.0608066
internal_weight=615.931 412.998 305.382 132.535 107.616 172.847 165.423 65.2079 68.1195 23.8139 73.0962 42.5589 44.3056 15.9391 100.215 202.932 46.1347 15.7298 7.00587 59.4392 34.7416 18.7983 24.6977 26.1813 79.1545 24.1539 16.3777 22.6489 5.27663 2.85983
internal_count=88204 74409 72054 58955 2355 13099 12907 11102 1100 528 49005 980 572 346 1805 13795 2512 652 179 9950 7528 6152 2422 813 1389 688 167 10122 161 57
is_linear=0
shrinkage=0.08


Tree=66
num_leaves=31
num_cat=0
split_feature=50 45 31 28 36 28 12 4 2 2 32 1 32 5 32 36 5 45 7 2 1 31 32 3 35 45 30 27 14 11
split_gain=130.804 22.2756 14.3937 11.3165 13.6333 11.8549 9.70662 10.3813 6.95249 6.86123 7.72589 6.4966 6.44654 7.41324 7.00955 6.36465 5.21771 5.08994 5.55223 6.21312 7.62484 5.01089 4.87715 7.39311 4.87468 6.35933 4.5741 4.51402 4.28443 9.8806
threshold=0.67580288648605358 2.0397207736968999 72.222682952880874 68.020618438720717 19.500000000000004 60.075187683105476 61.601732254028327 48.117729187011726 92.390407562255874 91.010101318359389 0.26491229236125952 76.689495086669936 0.88562092185020458 45.499549865722663 0.57518798112869274 12.500000000000002 82.807880401611342 1.0000000180025095e-35 89.512962341308608 88.261791229248061 99.450550079345717 85.780975341796889 0.45804196596145635 80.901721954345717 0.55395013093948375 5.1328485012054452 81.120250701904311 70.465366363525405 0.240384615957737 1.0000000180025095e-35
decision_type=2 2 2 2 2 2 2 2 2 2 2 2 2 2 2 2 2 2 2 2 2 2 2 2 2 2 2 2 2 2
left_child=1 3 9 4 5 27 7 -5 28 10 -3 -12 13 14 26 -7 24 -2 19 22 -21 -16 23 -19 -4 -26 -9 -1 29 -6
right_child=17 2 16 6 8 15 -8 12 -10 -11 11 -13 -14 -15 21 -17 -18 18 -20 20 -22 -23 -24 -25 25 -27 -28 -29 -30 -31
leaf_value=-0.070742990075447931 0.079850720000534087 -0.080250185792507381 -0.048826080297425779 0.035490061665681048 0.026977628408430356 0.033457995065077233 0.061202813264124786 -0.11203807753733262 0.051084054643688752 0.012487369555954857 -0.046084366052669516 0.088831301005115187 0.082485289082047386 0.045264102024842226 -0.054355588023314277 -0.10631682114551629 0.091559801118703224 -0.15572303992519554 0.076774230494060763 -0.38894648384951191 -0.0047652373035334036 -0.19108964979035281 0.0663618941167681 0.024425874771943339 -0.055378611654498901 0.052502234180440109 -0.0034817251897783234 -0.55591480056025522 0.0041412284072758635 -0.079797539878351503
leaf_weight=32.361322136363015 144.86663706228137 54.249279586190823 10.811100624734541 37.146026940899901 9.7061208011582512 13.420172888610976 32.280814406462014 3.2745064166374602 17.656959960935637 7.6033990794094271 7.8847168352222052 3.2158951889723539 2.9878246430307618 5.033930455450899 3.1565584652125827 2.4684543238254255 3.9300027918070546 1.8435991853475622 22.111013566143811 0.51110598491504677 0.936315992847085 3.7567680319771171 11.156979971565304 6.9698258345015347 4.994583927094939 11.663477668073027 10.291789311217142 0.12319773435592551 110.99689955328358 12.942545380617956
leaf_count=14810 11283 43050 418 586 2194 352 1013 173 388 237 300 26 64 104 28 93 54 21 1507 29 51 30 660 244 58 112 158 1 4696 5464
internal_value=0.017638 -0.00814247 -0.0399466 0.0030094 -0.0079155 -0.0448854 0.0252853 0.00762352 0.00390421 -0.0594388 -0.0678074 -0.00699872 -0.0286951 -0.0417152 -0.0630948 0.0117426 0.00534193 0.0726427 0.048654 0.0196237 -0.140425 -0.128658 0.0312238 -0.0132578 -0.00699323 0.0201563 -0.029684 -0.072583 -0.00232908 -0.0340389
internal_weight=590.352 401.956 104.352 297.604 199.676 48.3731 97.9282 65.6474 151.303 72.9533 65.3499 11.1006 28.5014 25.5136 20.4796 15.8886 31.3992 188.395 43.5288 21.4178 1.44742 6.91333 19.9704 8.81343 27.4692 16.6581 13.5663 32.4845 133.646 22.6487
internal_count=88204 74409 44255 30154 27998 15256 2156 1143 12742 43613 43376 326 557 493 389 445 642 13795 2512 1005 80 58 925 265 588 170 331 14811 12354 7658
is_linear=0
shrinkage=0.08


Tree=67
num_leaves=31
num_cat=0
split_feature=50 45 35 30 27 4 27 27 13 34 20 25 20 45 4 43 7 34 28 53 7 3 36 27 21 42 30 35 28 1
split_gain=120.584 19.8694 13.7722 9.86096 23.0474 10.6038 6.71344 6.67828 6.00777 5.94272 6.06582 8.68488 6.6193 5.90444 5.54808 5.17657 5.36467 5.35658 4.74132 4.31506 4.27649 4.25662 4.98882 4.3998 4.89113 5.09715 4.66436 4.5465 4.20205 6.96033
threshold=0.67580288648605358 2.0397207736968999 0.039270766079425819 51.628047943115241 20.42305946350098 85.90537261962892 26.705426216125492 60.630899429321296 0.46428571641445165 0.88949939608573925 1.5000000000000002 1.0000000180025095e-35 4.5000000000000009 7.1850080490112314 84.82358551025392 1.0000000180025095e-35 89.512962341308608 0.55848154425621044 65.030120849609389 59.845973968505866 92.390407562255874 12.276295185089113 5.5000000000000009 94.461486816406264 0.40778534114360815 1.0000000180025095e-35 99.753696441650405 0.44494949281215673 60.910972595214851 92.907444000244155
decision_type=2 2 2 2 2 2 2 2 2 2 2 2 2 2 2 2 2 2 2 2 2 2 2 2 2 2 2 2 2 2
left_child=1 3 -3 4 8 9 -4 13 -1 10 -5 21 -13 28 -15 -2 17 18 -17 -6 -10 22 -12 24 -23 26 27 -26 -8 -30
right_child=15 2 6 5 19 -7 7 -9 20 -11 11 12 -14 14 -16 16 -18 -19 -20 -21 -22 23 -24 -25 25 -27 -28 -29 29 -31
leaf_value=-0.084039256186074218 0.079777920388677259 -0.080181114928488492 0.11614600942029585 0.043642632919671298 -0.081330769067943384 0.055769385861768966 -0.046082182047976997 0.0045957044483322705 0.0040860073224415067 0.064082224367771445 0.031951180098063615 -0.0039446097992414178 -0.093602068624299636 -0.062165640487666311 0.055157327270609423 0.081801747300764005 0.076459349089368564 0.045662966932013466 -0.080886883872396412 -0.015079864963395371 0.051984603587382446 0.050253193872254909 -0.11712118270954255 -0.13869703802107611 -0.099070898370511917 0.023567436195770494 -0.204718615234881 0.0065064924326106192 -0.099548937112067276 -0.42014933820841904
leaf_weight=4.5189212784753172 133.84592736791819 33.653110834304243 2.326986164727713 16.371959332260303 28.504653074545786 35.52106199611444 15.215886845078787 30.824042501742952 94.981436079950072 9.9828206924721581 2.384456089581362 9.5253587491461094 11.797079191252122 4.6716576644685102 5.7604961847537197 1.501282805576923 20.491759914904833 14.496212575118987 4.8510207370854914 8.0741540189483185 13.643014537170528 18.113536355027463 3.6149521578336135 1.1928020128980268 3.7899168493458975 20.642185919452459 1.0166193451732404 8.3879897708538902 6.9411595963174468 0.46225485205650318
leaf_count=1667 11283 34590 65 399 21913 1017 5211 723 1719 275 42 314 824 3065 246 42 1507 856 107 426 340 242 87 17 375 412 10 75 352 3
internal_value=0.0169592 -0.00770435 -0.0385104 0.00282817 -0.0115047 0.0179043 -0.0173277 -0.0221902 0.006342 0.00531292 -0.000745556 -0.00977709 -0.0535495 -0.0471709 0.00261854 0.0721352 0.0473908 0.0188197 -0.0424376 -0.066707 0.010102 0.00600401 -0.0578726 0.0132151 0.0167031 -0.00125697 -0.0400935 -0.0263505 -0.070134 -0.119567
internal_weight=567.105 391.919 99.8556 292.063 149.722 142.341 66.2025 63.8755 113.143 106.82 96.8369 80.4649 21.3224 33.0515 10.4322 175.186 41.3403 20.8485 6.3523 36.5788 108.624 59.1425 5.99941 53.1431 51.9502 33.8367 13.1945 12.1779 22.6193 7.40341
internal_count=88204 74409 44255 30154 26065 4089 9665 9600 3726 3072 2797 2398 1138 8877 3311 13795 2512 1005 149 22339 2059 1260 129 1131 1114 872 460 450 5566 355
is_linear=0
shrinkage=0.08


Tree=68
num_leaves=31
num_cat=0
split_feature=48 45 35 28 36 28 12 4 27 35 7 45 21 1 7 36 21 43 52 3 5 12 34 28 34 20 5 1 24 6
split_gain=110.646 18.1239 13.4204 9.44411 11.319 10.1516 8.87358 9.01854 5.90774 5.90614 7.93265 6.35253 5.78853 5.76126 5.72638 5.44443 4.79769 4.59128 4.88995 8.12455 4.541 4.54023 8.54931 4.93038 4.28898 4.25991 4.21995 3.7825 3.75761 3.94755
threshold=82.155147552490249 2.0397207736968999 0.039270766079425819 68.020618438720717 19.500000000000004 60.075187683105476 61.601732254028327 48.117729187011726 26.705426216125492 0.29561458528041845 88.185440063476577 5.1328485012054452 0.61602565646171581 42.36596870422364 92.390407562255874 12.500000000000002 0.92206478118896495 1.0000000180025095e-35 81.892700195312514 80.277778625488295 45.867485046386726 42.321428298950202 0.77442070841789257 90.422870635986342 0.64747309684753429 16.500000000000004 5.3342816829681405 65.599384307861342 -1.0000000180025095e-35 68.330669403076186
decision_type=2 2 2 2 2 2 2 2 2 2 2 2 2 2 2 2 2 2 2 2 2 2 2 2 2 2 2 2 2 2
left_child=1 3 -3 4 5 -1 7 16 -4 10 -10 27 13 25 28 -7 21 -2 19 24 -14 22 23 26 -19 -9 -5 -11 -6 -30
right_child=17 2 8 6 14 15 -8 12 9 11 -12 -13 20 -15 -16 -17 -18 18 -20 -21 -22 -23 -24 -25 -26 -27 -28 -29 29 -31
leaf_value=-0.069310113012322858 0.079696535221071563 -0.080168425114762257 0.11131881527302172 -0.10422047127104694 -0.13348349460036654 0.03108954971937633 0.059112595745807614 -0.011100980816174269 -0.08025707669275553 -0.084323116564485157 0.01108324627509053 0.022626322663364604 -0.08922307309486692 0.046187116834225994 0.048445567968005719 -0.10027653979080091 0.083614257142503187 -0.10075818220104017 0.058159758875119406 -0.3042760657096733 0.022713987688922278 0.060853262200698997 0.081899845625863291 -0.14992467907703591 0.077144573806305641 -0.17179399174903548 0.011481234916777026 0.0082858298022884455 -0.029701139366487026 0.0062022349660834641
leaf_weight=29.778740666108206 122.35172331891954 31.070454703003634 2.2373695427086195 2.7517224786570349 1.3729460546746839 13.007477676903362 30.818625944317318 3.3796352669596699 17.937050015723802 7.2670335440197942 9.209523835568687 25.152224182384089 10.624570156331172 9.0991990573238564 16.299000612925738 2.3901597969233981 9.0440654384437931 1.3692962992936366 33.463171963347122 0.60419088788330544 2.967210450093261 9.4747270020889101 4.8830298418179146 2.2572672537062308 2.3657270465046167 1.5355141650652511 7.5608274416299537 4.6152632513549179 24.046529080718756 105.9704033297603
leaf_count=14820 11178 34590 65 58 53 360 1081 50 8649 244 98 571 257 161 395 93 165 15 2341 14 66 104 144 24 108 25 115 56 7492 4812
internal_value=0.0162924 -0.0069659 -0.0367708 0.00314909 -0.00699896 -0.0420407 0.023883 0.00680582 -0.0164695 -0.0209242 -0.0492697 -0.000146763 -0.0275882 0.00848819 0.00371993 0.0106977 0.0332012 0.0721674 0.0477987 -0.0321039 -0.0647862 0.0162692 -0.00793446 -0.0428326 0.0119237 -0.0613022 -0.0193917 -0.0483524 -0.00182831 -0.000438066
internal_weight=544.905 384.751 97.4889 287.262 192.865 45.1764 94.3964 63.5778 66.4185 64.1811 27.1466 37.0345 27.6061 14.0143 147.689 15.3976 35.9716 160.154 37.8024 4.33921 13.5918 26.9276 17.4528 12.5698 3.73502 4.91515 10.3125 11.8823 131.39 130.017
internal_count=88204 74548 44273 30275 28025 15273 2250 1169 9683 9618 8747 871 559 236 12752 453 610 13656 2478 137 323 445 341 197 123 75 173 300 12357 12304
is_linear=0
shrinkage=0.08


Tree=69
num_leaves=31
num_cat=0
split_feature=50 42 12 15 8 7 35 51 20 4 27 53 25 16 14 15 5 35 27 27 5 5 11 11 16 25 2 8 4 2
split_gain=102.419 17.1947 18.8115 16.4169 15.6085 12.3034 10.3803 8.65662 7.56261 7.24049 6.33745 6.23166 6.55545 6.03986 5.94456 5.45143 4.67472 4.61364 11.6937 4.84131 5.99118 4.39935 5.53421 8.84517 4.70993 4.20469 7.422 6.58988 4.17695 3.85822
threshold=0.72006547451019298 1.0000000180025095e-35 79.079368591308608 0.050641026347875602 46.247655868530281 74.115688323974624 0.36188553273677831 14.096000671386721 2.5000000000000004 88.107921600341811 53.601509094238288 40.500482559204109 1.0000000180025095e-35 0.5407620668411256 0.38750000298023229 0.6792857050895692 40.22472000122071 0.12399897351861001 21.964620590209964 45.246784210205085 69.631092071533217 87.007671356201186 47.338935852050788 12.70161294937134 0.56840464472770702 1.0000000180025095e-35 61.451047897338874 64.747306823730483 89.292507171630874 91.36645889282228
decision_type=2 2 2 2 2 2 2 2 2 2 2 2 2 2 2 2 2 2 2 2 2 2 2 2 2 2 2 2 2 2
left_child=1 2 3 10 11 15 7 -4 17 21 -1 -3 -13 16 -14 -5 -10 18 -9 -19 -21 22 23 24 -7 26 28 -28 -18 -26
right_child=-2 4 6 5 -6 9 -8 8 13 -11 -12 12 14 -15 -16 -17 25 19 -20 20 -22 -23 -24 -25 29 -27 27 -29 -30 -31
leaf_value=-0.080354519051687806 0.074230373261114452 -0.092564487368655288 -0.06594671966483015 -0.070796179134061374 0.073129112042258873 0.1054749924131087 0.062272522829193953 0.031094020223825937 0.087688402191699877 -0.15460467850920812 0.022448383836654068 0.023132964155097312 -0.084245158840546508 0.010629205019193866 0.077669825158045186 0.12080066671322501 -0.087691259179010078 0.11125383657438556 -0.08656212519524864 -0.10932319752402184 0.053382066265297741 0.083403905901641109 0.097144968978971194 -0.075694099265130432 -0.072133362004324575 -0.070345578118960028 0.11910233063845337 -0.01102268010885255 0.11305243012058813 0.092149258554069469
leaf_weight=4.3592941801180123 139.94800595287234 4.2354275503312229 12.762983140593859 76.123501623980701 29.718775731744245 3.6174778604181617 17.453576232772321 30.508684770727996 1.93673898174893 1.9182032207027067 32.082079787622206 38.556367312965449 7.3346498443279398 37.307992819114588 1.8091428019106386 0.96243196603609149 8.6866393837262876 7.0566255962476161 6.5707204099162473 1.7591950084315602 8.1984210289083403 4.0104897054843596 2.7538749748491673 9.7385152219794673 2.8368733322713524 16.583807226910722 3.2652041449327944 10.501933295454362 0.71821704186732027 1.3504570655059067
leaf_count=1955 13181 1051 2500 53230 1455 257 375 474 238 68 686 618 582 791 44 36 2633 49 2019 39 114 111 149 1427 301 3052 175 561 22 11
internal_value=0.0156263 -0.00569193 -0.0144708 -0.0360165 0.0268912 -0.0523011 0.00396693 -0.00301004 0.00302523 -0.00496959 0.0101506 0.000432843 0.00869033 -0.0127547 -0.0522095 -0.0684041 -0.0336794 0.0260708 0.0102446 0.0605613 0.0246372 0.00683863 -0.00828977 -0.0248405 0.0386126 -0.039592 -0.0175821 0.0198396 -0.0723611 -0.0191505
internal_weight=524.666 384.718 303.064 139.753 81.6544 103.312 163.311 145.857 133.094 26.2259 36.4414 51.9356 47.7002 79.0005 9.14379 77.0859 41.6925 54.0936 37.0794 17.0142 9.95762 24.3077 20.2972 17.5433 7.80481 39.7558 23.172 13.7671 9.40486 4.18733
internal_count=88204 75023 71273 58231 3750 55590 13042 12667 10167 2324 2641 2295 1244 7472 626 53266 6681 2695 2493 202 153 2256 2145 1996 569 6443 3391 736 2655 312
is_linear=0
shrinkage=0.08


Tree=70
num_leaves=31
num_cat=0
split_feature=50 45 35 50 20 14 51 32 53 1 45 30 4 21 50 32 32 45 32 33 34 20 21 51 36 25 0 5 16 15
split_gain=94.3794 15.2898 12.771 8.79359 11.3692 10.7479 9.476 12.3668 8.24659 7.19238 5.90243 6.35182 5.08492 6.54947 4.86931 4.51704 5.44279 4.42459 4.43448 4.24932 4.108 3.72875 4.38476 4.41404 8.97988 4.83922 4.74466 12.1412 5.1234 11.7147
threshold=0.72006547451019298 2.0397207736968999 0.039270766079425819 0.40583056211471563 4.5000000000000009 0.10555555671453477 56.522611618041999 0.10762548446655275 46.470699310302741 70.064933776855483 5.1328485012054452 92.699081420898452 89.292507171630874 0.7670542597770692 0.337353065609932 0.80384615063667308 0.7379862666130067 7.1232697963714608 0.41885964572429663 0.42261904478073126 0.70473173260688793 29.500000000000004 0.36899313330650335 99.206348419189467 37.500000000000007 1.0000000180025095e-35 72.81223297119142 84.680576324462905 0.73123827576637279 0.79008570313453685
decision_type=2 2 2 2 2 2 2 2 2 2 2 2 2 2 2 2 2 2 2 2 2 2 2 2 2 2 2 2 2 2
left_child=1 3 -3 6 -5 8 7 -1 -6 19 -4 14 -7 -14 -12 16 21 18 -16 -9 -21 22 -8 -24 25 26 -25 -28 -29 -30
right_child=-2 2 10 4 5 12 15 9 -10 -11 11 -13 13 -15 17 -17 -18 -19 -20 20 -22 -23 23 24 -26 -27 27 28 29 -31
leaf_value=-0.080829037405731635 0.07372722326028526 -0.080157774015739133 -0.053216724507354818 0.046750353431898185 -0.12364673193445315 -0.079682768399848183 0.051479843832394824 -0.095371355016979839 0.070921861018484175 0.07196140021010522 -0.057378175525707217 0.07111634097458612 0.072500496122381464 -0.13341357425107542 -0.042554144436949624 0.074494409573925516 -0.1288609030865924 0.044106173026253866 0.050000481206810936 0.0039996188690601744 -0.1417012826450853 -0.15154102671072633 -0.0077314627676217411 0.056514511342945675 0.076373520992289431 0.062269927293625946 -0.26316557940652691 0.083486982859415124 -0.30734254373157965 -0.0076707614876247721
leaf_weight=21.733727751474362 130.03492712741718 26.836079121625517 18.262355744664092 55.39063199784141 1.6129174721427286 13.042199783260005 11.938879992289001 4.1939823296270395 10.278573382180182 6.6399833523319094 10.935526330780702 6.9260051476303479 3.5773886865936211 1.3660967819159848 13.419674748845869 5.7513840217143288 2.0005014119669786 11.406368284951894 4.3990821084007612 17.482727497234013 1.3328928612172593 0.97856026305816968 94.129953957628459 2.6207588575780418 13.307005247101186 4.1047715367749324 1.6357894949614982 2.0974259674549103 1.025661952793598 4.4881129628047347
leaf_count=21861 13181 34590 2381 1600 28 462 155 1583 470 308 5811 85 92 30 853 140 27 557 53 543 15 39 2838 17 227 104 17 19 14 104
internal_value=0.0150403 -0.00542373 -0.0336921 0.00385893 0.0252961 -0.0144789 -0.00549276 -0.0349886 0.0445313 -0.00138658 -0.0146106 0.000362657 -0.0534943 0.0155976 -0.0118393 0.00502643 0.00213809 0.00520048 -0.0197043 -0.0225529 -0.00632179 0.0040604 0.00518539 0.000706776 0.0278346 -0.012604 -0.0385011 -0.0654302 -0.0229332 -0.0634151
internal_weight=502.95 372.915 92.1851 280.73 85.2678 29.8772 195.462 51.3833 11.8915 29.6496 65.349 47.0867 17.9857 4.94349 40.1607 144.079 138.327 29.2251 17.8188 23.0096 18.8156 136.327 135.348 123.409 29.2795 15.9725 11.8677 9.24699 7.6112 5.51377
internal_count=88204 75023 44330 30693 2682 1082 28011 24310 498 2449 9740 7359 584 122 7274 3701 3561 1463 906 2141 558 3534 3495 3340 502 275 171 154 137 118
is_linear=0
shrinkage=0.08


Tree=71
num_leaves=31
num_cat=0
split_feature=48 12 3 35 7 14 31 1 33 4 0 1 8 15 49 53 8 11 1 3 53 3 32 31 26 31 0 16 4 16
split_gain=86.6154 14.3367 23.2582 15.6539 13.4001 7.82215 8.64884 8.73402 7.21257 6.69947 6.56663 10.0997 7.65039 7.37414 6.23503 5.98738 5.77833 6.80295 5.26099 5.35049 5.25261 4.28472 4.08682 3.9377 4.90675 3.92385 3.87892 3.85478 6.55032 3.78076
threshold=84.752857208251967 76.77777481079103 33.549783706665046 0.36188553273677831 74.115688323974624 0.47727273404598242 87.880626678466811 69.028213500976577 0.88562092185020458 88.107921600341811 71.516754150390639 85.145786285400405 76.533164978027358 0.55217784643173229 57.795139312744148 46.995269775390632 36.032787322998054 9.761904716491701 83.047893524169936 84.889995574951186 29.991487503051761 15.535444736480715 0.7379862666130067 68.69861221313478 1.0000000180025095e-35 87.880626678466811 87.20676422119142 0.69337606430053722 94.669513702392592 1.0000000180025095e-35
decision_type=2 2 2 2 2 2 2 2 2 2 2 2 2 2 2 2 2 2 2 2 2 2 2 2 2 2 2 2 2 2
left_child=1 2 8 5 18 6 7 -3 14 -6 -7 12 -12 -13 15 25 17 21 -4 -20 -9 -17 29 24 27 -1 -14 -15 -29 -19
right_child=-2 3 4 -5 9 10 -8 20 -10 -11 11 13 26 23 -16 16 -18 22 19 -21 -22 -23 -24 -25 -26 -27 -28 28 -30 -31
leaf_value=-0.058600736728427305 0.073627205039380542 -0.089035927141549218 -0.069860317209084019 0.065933974653458835 0.01422615182828074 0.047862492715908866 -0.81176436283343001 0.092153223871844908 0.059629773756438714 -0.14239237195284918 -0.090637193369920085 -0.19127503389687875 0.035147832797815338 0.028724700550057852 0.057744319425691144 0.016493395437087843 0.091558455544747924 0.037158193720415837 0.022774604550923675 -0.10384421791899408 -0.015716004189013595 -0.13561894977871636 -0.094315617161292095 0.082627065898319738 0.044272114279100931 0.034735605523111265 -0.1305099644827058 -0.17708356477320122 -0.013473574403476523 -0.080749556981552187
leaf_weight=17.980041531671308 119.25258775777183 10.520561129669657 68.15469348046463 28.282935128314421 25.406582128314771 26.052181136969011 0.089647175744174912 3.1816334765171623 16.272494642063975 1.8771151849650767 11.417237071145793 1.0612702479120333 6.6427693643490775 12.605784777901137 10.098308439017272 1.7825184231624032 4.8281116166617712 18.871193239989232 8.1612317516119202 2.8930136594572096 31.420229096780531 3.5364274088060483 1.9686669930815686 6.0497973358724257 21.161396433541086 3.4330470841377965 1.0472361880820242 1.7232990505872319 17.169772979745176 1.917337170743848
leaf_count=3274 13050 6111 51339 1270 2275 715 5 56 440 71 622 38 139 325 165 19 45 229 1879 824 3883 94 11 234 482 18 17 46 496 32
internal_value=0.0144229 -0.00488814 -0.0203552 0.0113378 -0.0449018 0.00105334 -0.0267646 -0.025205 0.0120416 0.00345082 0.0130394 0.00153795 -0.0490925 0.0177231 2.00599e-05 -0.0107116 0.0107149 -0.00318731 -0.061557 -0.0103629 -0.00579745 -0.0846421 0.0158508 0.0215011 0.0144787 -0.0436366 0.0125883 -0.00553699 -0.028397 0.0262835
internal_weight=484.859 365.607 187.181 178.426 106.493 150.143 45.2121 45.1224 80.6881 27.2837 104.931 78.8786 19.1072 59.7713 64.4157 54.3173 32.9043 28.0761 79.2089 11.0542 34.6019 5.31895 22.7572 58.7101 52.6603 21.4131 7.69001 31.4989 18.8931 20.7885
internal_count=88204 75154 60715 14439 56388 13169 10055 10050 4327 2346 3114 2399 778 1621 3887 3722 430 385 54042 2703 3939 113 272 1583 1349 3292 156 867 542 261
is_linear=0
shrinkage=0.08


Tree=72
num_leaves=31
num_cat=0
split_feature=50 42 11 14 5 36 52 20 20 20 4 51 29 36 31 3 7 7 51 45 45 20 0 35 27 27 11 52 51 25
split_gain=79.9549 13.0549 12.5681 15.6399 11.2042 10.605 7.30958 7.0556 8.17059 6.02346 5.53158 5.30888 7.11739 5.39359 7.33391 5.90023 5.78071 5.67144 4.14831 3.72143 8.35827 4.45433 19.5464 3.69456 10.41 4.51603 3.71826 3.60248 7.40314 3.89287
threshold=0.72006547451019298 1.0000000180025095e-35 47.338935852050788 0.095454547554254546 46.543485641479499 46.500000000000007 52.419982910156257 3.5000000000000004 5.5000000000000009 2.5000000000000004 62.855339050292976 28.053800582885746 61.86308670043946 37.500000000000007 72.222682952880874 89.699382781982436 64.747306823730483 61.451047897338874 87.386363983154311 1.2424533367156985 1.9729550480842593 8.5000000000000018 81.53021621704103 0.12399897351861001 21.964620590209964 45.246784210205085 97.058822631835952 57.307060241699226 37.713209152221687 1.0000000180025095e-35
decision_type=2 2 2 2 2 2 2 2 2 2 2 2 2 2 2 2 2 2 2 2 2 2 2 2 2 2 2 2 2 2
left_child=1 2 3 6 10 18 -1 -7 -9 23 27 12 -11 14 -13 16 17 -15 -5 -2 -21 -22 -23 24 26 -25 -4 28 -3 -30
right_child=19 4 9 5 -6 7 -8 8 -10 11 -12 13 -14 15 -16 -17 -18 -19 -20 20 21 22 -24 25 -26 -27 -28 -29 29 -31
leaf_value=-0.017166505040196785 0.080210854789200758 -0.095826838914870441 -0.10010241674101707 -0.078383604654584021 0.070336575753491296 -0.068326615413457192 0.050998271683067906 0.083604647322658432 -0.040807486618440948 -0.081114053744848286 -0.081961741262582807 -0.029500102221567025 0.019966444395677015 -0.042285509442804375 0.06697322904553149 0.056653611093919115 -0.068294530499324893 0.1066115580794528 0.023619711511444926 -0.31662202380714738 0.062307947446727241 0.043641556759451756 -0.60538994236100008 0.09496318975710194 -0.085403236381125291 0.021850359972576529 0.031978451116531401 0.064370881700253679 0.022855536689918118 -0.070968650392622637
leaf_weight=31.709513852722012 88.385274234227836 4.3628143591922699 1.4323709922027799 51.472913640609477 23.70615425077267 7.6234127461793859 14.752270984929053 7.5246214693179336 6.1310909747262485 13.222406146931464 4.3981254909886038 41.194478982826695 6.7261629125569007 3.0345218026195671 5.7466628798865704 17.069742769701406 6.4967113505699672 3.5554405648144893 2.6847477084957054 0.40286905411631124 21.303546765586365 1.9616919085383409 0.34994973056018341 8.0470828621764685 6.5820304832886896 16.479964062804356 28.610221706039738 7.0981504172086707 32.264254582347348 3.1023585955845183
leaf_count=2201 10911 1271 32 49361 1346 830 1470 408 1851 5743 414 4564 131 346 117 177 221 75 36 36 2045 156 33 85 2768 388 469 293 370 56
internal_value=0.0138203 -0.00479681 -0.0127314 -0.0320365 0.0248628 -0.0545252 0.00447677 -0.00667241 0.0277466 0.00214404 0.00381855 -0.0102476 -0.0470322 -0.000729742 -0.0176896 0.0256697 -0.0147444 0.038048 -0.073327 0.0726227 0.0446988 0.0508628 -0.0546126 0.0218092 0.00571747 0.045838 0.0256811 0.0118752 0.00249618 0.0146253
internal_weight=467.432 355.028 280.096 121.899 74.9319 75.4368 46.4618 21.2791 13.6557 158.198 51.2257 97.0461 19.9486 77.0976 46.9411 30.1564 13.0867 6.58996 54.1577 112.403 24.0181 23.6152 2.31164 61.1517 36.6246 24.527 30.0426 46.8276 39.7294 35.3666
internal_count=88204 75023 71273 56157 3750 52486 3671 3089 2259 15116 2404 11374 5874 5500 4681 819 642 421 49397 13181 2270 2234 189 3742 3269 473 501 1990 1697 426
is_linear=0
shrinkage=0.08


Tree=73
num_leaves=31
num_cat=0
split_feature=50 45 35 29 8 42 21 20 5 0 45 35 52 3 35 0 31 45 35 31 8 3 11 7 45 45 20 35 0 27
split_gain=73.6534 11.8849 11.1834 7.24319 8.33413 9.43142 7.03313 11.6069 6.81335 5.63183 5.08058 5.31296 5.89032 4.6378 5.04172 5.33457 5.03999 4.63672 4.35386 4.32548 4.01304 5.92638 4.37052 3.97993 3.84551 5.64985 3.83074 11.9298 3.71179 3.70027
threshold=0.72006547451019298 2.0397207736968999 0.039270766079425819 85.25860977172853 62.910053253173835 1.0000000180025095e-35 0.36899313330650335 2.5000000000000004 75.716625213623061 67.028984069824233 5.1328485012054452 0.55395013093948375 74.601570129394545 12.276295185089113 0.16371472924947741 65.345367431640639 58.068208694458015 7.166651964187623 0.64031249284744274 88.623924255371108 40.778533935546882 32.305501937866218 36.038961410522468 37.573530197143562 1.2424533367156985 1.9729550480842593 8.5000000000000018 0.41202270984649664 85.592185974121108 84.791305541992202
decision_type=2 2 2 2 2 2 2 2 2 2 2 2 2 2 2 2 2 2 2 2 2 2 2 2 2 2 2 2 2 2
left_child=1 3 -3 4 6 -6 29 23 9 13 -4 12 -12 18 15 -15 -16 -14 -9 -11 21 -5 -23 -8 -2 -26 -27 -28 -29 -1
right_child=24 2 10 20 5 -7 7 8 -10 19 11 -13 17 14 16 -17 -18 -19 -20 -21 -22 22 -24 -25 25 26 27 28 -30 -31
leaf_value=0.041769779687481322 0.080194608049165714 -0.080160390153408451 -0.050169637486849425 0.049320128920308112 0.0060905288258450438 0.083041340173725095 -0.078170597528258987 -0.087208057562251043 0.080830562585016058 -0.099751092950511877 -0.063034056780375727 0.044110979443429364 -0.025855251278781913 -0.081548020232130952 0.10367769803334465 0.05469755288101779 -0.021418488582294636 0.052037400952600996 -0.32390498809003448 -0.40352056716937967 0.080576984195802684 -0.089144721256559048 0.05462867761896649 0.023801064798990041 -0.21004395195236047 0.061095195816914638 -0.40148285265511996 0.080328501880599201 -0.25600690952386096 -0.22836480554748856
leaf_weight=13.673583371040873 81.605754355434328 21.78409203956835 17.280331222980749 13.505844721570616 114.73969704832416 11.187593613867646 2.6853513494133976 4.5463013773551202 2.6215425524278535 8.3165894903358968 11.283278496004643 12.931049792561678 10.79717213753611 15.848663824028337 2.2431174915982437 2.0806851780507705 25.41612885822542 8.9413104031700623 0.55845229234546412 0.31123038940131742 10.492211122065781 4.3604367019142947 1.9620754811912773 27.902996886288747 0.55027149710804479 20.040364116895947 0.48198650870472137 1.8001629160717132 0.23773195315152396 0.33241778332740146
leaf_count=785 10911 34590 2381 249 6895 645 370 631 213 1260 5908 159 784 13729 30 349 957 508 5 8 733 36 43 3751 36 2045 16 160 13 4
internal_value=0.0132552 -0.0045449 -0.0309319 0.00379109 -0.00100564 0.012927 -0.017474 -0.025471 -0.0453817 -0.0509594 -0.0134185 0.00103041 -0.0169272 -0.0407902 -0.0326931 -0.0657368 -0.0112734 0.00942924 -0.113102 -0.110709 0.0405671 0.0193957 -0.0445273 0.014849 0.0720362 0.0432281 0.0494057 -0.04356 0.0410931 0.0353584
internal_weight=450.518 345.802 83.0172 262.785 232.464 125.927 106.537 92.5311 61.9427 59.3212 61.2331 43.9528 31.0218 50.6933 45.5886 17.9293 27.6592 19.7385 5.10475 8.62782 30.3206 19.8284 6.32251 30.5883 104.716 23.1105 22.5602 2.51988 2.03789 14.006
internal_count=88204 75023 44330 30693 29632 7540 22092 21303 17182 16969 9740 7359 7200 15701 15065 14078 987 1292 636 1268 1061 328 79 4121 13181 2270 2234 189 173 789
is_linear=0
shrinkage=0.08


Tree=74
num_leaves=31
num_cat=0
split_feature=48 45 35 32 12 34 15 36 21 21 14 29 30 45 30 14 1 0 5 3 6 36 21 14 21 5 29 50 50 26
split_gain=67.925 10.8952 10.6187 6.88912 7.70913 9.70229 6.92314 6.45691 7.35163 5.30819 6.84187 6.54066 8.79178 4.7707 4.98124 4.70919 6.84343 5.30817 9.09352 4.47452 6.07369 4.42324 4.03014 5.26608 3.93192 4.92658 4.83668 4.43263 4.77521 3.92123
threshold=84.752857208251967 2.0397207736968999 0.039270766079425819 0.80384615063667308 64.907405853271499 0.43159537017345434 0.037386443465948112 46.500000000000007 0.93813776969909679 0.61167800426483165 0.5634920895099641 68.863315582275405 94.55533599853517 5.1328485012054452 92.699081420898452 0.47727273404598242 69.028213500976577 71.516754150390639 71.516754150390639 72.850124359130874 89.167831420898452 37.500000000000007 0.88603895902633678 0.58571431040763866 0.86754387617111217 21.680376052856449 88.937835693359389 0.14893997460603717 0.54305469989776622 1.0000000180025095e-35
decision_type=2 2 2 2 2 2 2 2 2 2 2 2 2 2 2 2 2 2 2 2 2 2 2 2 2 2 2 2 2 2
left_child=1 3 -3 4 6 15 24 9 -9 11 -11 -8 -13 -4 -15 16 -6 22 -19 -18 -21 29 23 -17 25 26 27 -1 -29 -20
right_child=-2 2 13 -5 5 -7 7 8 -10 10 -12 12 -14 14 -16 17 19 18 21 20 -22 -23 -24 -25 -26 -27 -28 28 -30 -31
leaf_value=0.020002712368131524 0.07203106917064879 -0.080149277291163751 -0.048441234767024874 0.068342428393435295 -0.090604824185809854 0.066837486828030881 -0.080028143379645394 0.022615232386508644 -0.1028290049154779 -0.085180552959367647 0.014377978686233148 0.065411363164970843 -0.13150806256815004 -0.010136864977973807 0.066432770911424729 -0.029690869747303505 0.031425863822415981 -0.072970334747493315 -0.020748882373833606 -0.094655063584921331 0.010796812311387481 0.044911191837051043 0.083278220591287533 0.08431910659499503 0.045797712576083394 0.03344295441257733 0.081873390058945048 -0.098016041994904629 0.082182571823080725 0.037556771857563516
leaf_weight=4.0051302763749907 96.120525038801134 20.111926891229814 17.422462361806538 10.189007477834819 6.927259325340855 19.030039979843423 5.3904394212877369 19.98835886572488 3.5158539843978351 24.643250338325746 5.3826484317542045 8.0072554280050081 1.7721892464905966 36.965511188318487 6.3753684356342992 6.6470673046424071 13.454309990163894 8.5592110390425642 23.029155519034248 5.9511601663543834 8.4718465284677205 20.648899869527668 11.093523496587293 4.2511549437185749 13.954846356820779 11.632416051754261 1.9919944023713458 9.1021281521534529 1.0497152730822552 10.864930282928979
leaf_count=286 13050 34590 2384 512 3260 1044 4476 2186 327 12397 497 109 24 7283 86 142 1089 367 478 477 209 328 140 82 694 370 43 937 30 307
internal_value=0.0126438 -0.00412422 -0.0297632 0.0038647 0.00123015 0.0137712 -0.0145465 -0.0301587 0.00385078 -0.0478455 -0.067333 -0.00927354 0.0297265 -0.013086 0.0011264 0.00534867 -0.0194419 0.0154884 0.00369275 -0.00175861 -0.0327143 0.0157232 0.0493342 0.0147819 0.011152 -0.00625092 -0.0348432 -0.0512661 -0.0793832 -0.00205869
internal_weight=436.55 340.429 80.8753 259.554 249.365 138.929 110.436 68.7 23.5042 45.1958 30.0259 15.1699 9.77944 60.7633 43.3409 119.899 34.8046 85.0939 63.1022 27.8773 14.423 54.543 21.9917 10.8982 41.7362 27.7814 16.149 14.157 10.1518 33.8941
internal_count=88204 75154 44343 30811 30299 7923 22376 20016 2513 17503 12894 4609 133 9753 7369 6879 5035 1844 1480 1775 686 1113 364 224 2360 1666 1296 1253 967 785
is_linear=0
shrinkage=0.08


Tree=75
num_leaves=31
num_cat=0
split_feature=48 44 8 12 5 7 4 39 32 7 4 15 34 54 14 53 11 7 25 13 6 5 20 8 6 36 27 49 51 8
split_gain=62.9509 12.2052 13.616 10.2098 11.4255 9.99208 5.42172 5.20974 5.04839 4.94036 5.37078 4.90432 4.85237 7.03951 5.07718 4.83536 4.75544 4.15277 4.12038 4.23424 3.75154 4.06501 4.41008 5.40692 7.13746 6.17804 5.2503 4.28315 3.92112 3.70721
threshold=87.50553131103517 1.0000000180025095e-35 46.247655868530281 79.079368591308608 28.743545532226566 65.240276336669936 62.770080566406257 -1.0000000180025095e-35 0.35857143998146063 74.115688323974624 88.107921600341811 0.6792857050895692 0.5113695263862611 1.0000000180025095e-35 0.240384615957737 40.500482559204109 70.294116973876967 56.73658752441407 1.0000000180025095e-35 0.58571431040763866 68.330669403076186 40.862709045410163 2.5000000000000004 61.938297271728523 68.462150573730483 37.500000000000007 37.529342651367195 66.838485717773452 72.010173797607436 58.380149841308601
decision_type=2 2 2 2 2 2 2 2 2 2 2 2 2 2 2 2 2 2 2 2 2 2 2 2 2 2 2 2 2 2
left_child=1 3 15 4 8 11 -7 -2 29 -8 -11 -6 13 14 16 -3 -5 -10 -17 -20 -16 -22 -23 24 -24 27 28 -25 -27 -1
right_child=7 2 -4 12 5 6 9 -9 17 10 -12 -13 -14 -15 20 18 -18 -19 19 -21 21 22 23 25 -26 26 -28 -29 -30 -31
leaf_value=-0.077614833074473394 -0.34548153079466398 -0.089847759868665916 0.071212156883998803 0.068421502054291039 -0.072044630837358903 0.10817184225668297 -0.069873773286153726 0.076241845208265185 0.011607310798531414 0.0091090978688222763 -0.13595318622693722 0.12331498774479217 0.047558923414471155 -0.22673802028669429 -0.081451941915261006 0.018948946009167886 -0.083375314092484151 0.092076198932496245 -0.07372316669781942 0.076339344261703204 0.13809517397672827 0.022947779008588621 0.17733429634585909 -0.024036588896211155 -0.071671081841438056 0.11230756940571243 -0.094175969877720964 0.082280610689790451 0.028420357363197857 0.058621080569838967
leaf_weight=5.7686772320885202 0.187907456420361 3.5720173900190266 26.886800033680629 1.5938573632447495 46.6880931511987 2.2299377273884593 9.3932876559847482 81.231796795502305 20.875242495560091 22.361760719621092 1.762182529142591 0.83715809107525174 14.057459195144473 0.88465647865086694 3.2153168436780097 34.559192838903982 7.7104439517715946 5.1090596234425893 6.3529847620229694 1.484626416582614 1.4749378688866261 49.30355733842589 0.78627376607619126 36.436414121708367 11.691173835977677 4.7211128268973033 1.7928955394309003 2.5980584784410885 14.577069869264959 1.6422564364620482
leaf_count=2553 23 1051 2130 190 47574 266 4749 12086 258 2243 69 6 524 17 866 623 5450 165 583 50 34 2082 22 1850 1963 95 37 73 143 429
internal_value=0.0120778 -0.00303814 0.0259906 -0.010944 -0.0287152 -0.0445694 -0.0126166 0.0752686 0.0108178 -0.0206528 -0.00148727 -0.0686034 0.00280087 -0.00179891 -0.000334654 -0.000459099 -0.057372 0.0274292 0.00707208 -0.0452978 0.00385734 0.00608049 0.00448326 -0.00805571 -0.0559799 0.00188967 0.0367764 -0.0169603 0.0489425 -0.0474251
internal_weight=421.786 340.367 72.8556 267.511 116.668 83.2724 35.7472 81.4197 33.3952 33.5172 24.1239 47.5253 150.843 136.786 135.901 45.9688 9.3043 25.9843 42.3968 7.83761 126.597 123.381 121.907 72.603 12.4774 60.1256 21.0911 39.0345 19.2982 7.41093
internal_count=88204 76095 4437 71658 58312 54907 7327 12109 3405 7061 2312 47580 13346 12822 12805 2307 5640 423 1256 633 7165 6299 6265 4183 1985 2198 275 1923 238 2982
is_linear=0
shrinkage=0.08


Tree=76
num_leaves=31
num_cat=0
split_feature=48 42 8 12 5 1 11 53 50 31 34 36 51 29 6 53 14 24 25 14 1 39 31 33 49 8 24 31 20 5
split_gain=58.1375 10.6875 12.5619 8.97713 10.0835 9.37251 4.47262 5.14715 4.46498 10.165 6.26894 5.25588 5.87311 4.92682 4.26686 4.22826 3.84425 3.69949 3.65979 3.74918 4.1225 3.65397 3.63483 3.61731 4.60777 3.54655 3.41907 3.29822 3.15544 3.21116
threshold=87.50553131103517 1.0000000180025095e-35 45.512083053588874 79.079368591308608 28.743545532226566 80.277778625488295 17.78656101226807 38.891193389892585 0.75369256734848034 79.767375946044936 0.43159537017345434 9.5000000000000018 9.333506107330324 56.679790496826179 68.330669403076186 40.500482559204109 0.240384615957737 -1.0000000180025095e-35 1.0000000180025095e-35 0.38750000298023229 14.670014381408693 -1.0000000180025095e-35 61.513635635375984 0.70294117927551281 62.889245986938484 81.302967071533217 -1.0000000180025095e-35 90.451751708984389 15.500000000000002 84.680576324462905
decision_type=2 2 2 2 2 2 2 2 2 2 2 2 2 2 2 2 2 2 2 2 2 2 2 2 2 2 2 2 2 2
left_child=1 3 15 4 23 -6 7 -7 10 22 11 13 -13 -5 -14 26 -16 -18 -17 20 -20 -2 -10 24 27 -9 -3 -1 29 -8
right_child=21 2 -4 8 5 6 28 25 9 -11 -12 12 14 -15 16 18 17 -19 19 -21 -22 -23 -24 -25 -26 -27 -28 -29 -30 -31
leaf_value=-0.073155571271660697 -0.22181093276086539 0.10179505019922026 0.069604908941457447 -0.068393702602356152 -0.063788326685949581 0.10798067385130967 -0.067736162354187807 -0.047119402069505711 -0.28972209728489956 -0.45323562011169638 0.049239347104682744 -0.086844915210633464 -0.093402448365207696 0.017103305063459674 -0.068750262290385195 0.017474788905213864 -0.12567560448051859 0.015718617722484906 0.081390000398168696 0.075215832819075013 -0.099995391072789597 0.075917879649948714 0.080367034732835824 0.030786404285283023 0.048966956937310763 0.055402956272884135 -0.11974279614248425 0.097066899744865764 0.079900140793169303 0.0077233155635655854
leaf_weight=7.6698329611681384 0.26474491041153569 0.52633380889892611 25.52096060680924 13.108804534160301 50.064654593268642 3.7210176005610291 11.098980006296193 5.1492140821355843 0.21472992189228424 0.44919867115095247 17.307220301125199 4.3036841377906958 2.5663360168400677 6.4293112187879151 3.7262225812592069 34.115138263907284 1.1987355645978812 98.278717610490276 0.95134758669882913 1.3659555418416855 5.1058951258019079 75.293704785173759 0.81253234809264541 20.440837924717925 3.8067704510176545 3.7192596793174744 2.9158463239727999 0.80494894366711367 1.4502289622032538 5.3484838624135582
leaf_count=3044 23 1 2152 5483 49271 65 2908 1868 11 36 565 810 1119 149 1687 616 26 3376 15 47 559 12086 84 306 50 88 1047 5 447 260
internal_value=0.0115356 -0.00287201 0.0247735 -0.0103205 -0.0272806 -0.0424935 -0.00752423 0.0290106 0.00262552 -0.1358 0.00401663 -0.00202202 0.00476517 -0.0402596 0.0084927 -0.000662796 0.0110265 0.0140148 0.00639796 -0.0445084 -0.0715071 0.0748747 0.00300684 0.0101688 -0.0241461 -0.00412359 -0.0858681 -0.0569876 -0.0332233 -0.0431978
internal_weight=407.73 332.171 70.5015 261.67 113.274 80.5518 30.4872 12.5895 148.395 1.47646 146.919 129.612 110.074 19.5381 105.77 44.9805 103.204 99.4775 41.5383 7.4232 6.05724 75.5584 1.02726 32.7224 12.2816 8.86847 3.44218 8.47478 17.8977 16.4475
internal_count=88204 76095 4437 71658 58312 54907 5636 2021 13346 131 13215 12650 7018 5632 6208 2285 5089 3402 1237 621 574 12109 95 3405 3099 1956 1048 3049 3615 3168
is_linear=0
shrinkage=0.08


Tree=77
num_leaves=31
num_cat=0
split_feature=48 42 8 14 14 4 52 36 0 2 48 15 15 0 20 21 11 32 32 31 21 14 6 2 6 6 53 21 2 4
split_gain=53.6506 9.35241 11.5631 8.15759 12.947 12.4713 8.01733 7.93296 7.35718 6.99952 6.13882 5.75293 5.64541 5.41238 7.42746 5.29043 6.45297 4.98358 4.29865 6.3572 4.24679 4.24366 5.38372 4.80329 4.69093 4.15276 4.05351 3.9966 3.9646 4.59084
threshold=87.50553131103517 1.0000000180025095e-35 55.625879287719734 0.47727273404598242 0.069047622382640853 83.837310791015639 54.923507690429695 70.500000000000014 70.659969329833999 75.716625213623061 86.748886108398452 0.63211598992347728 0.62622550129890453 78.319625854492202 11.500000000000002 0.39339827001094824 12.132352828979494 0.5313725769519807 0.78019323945045482 97.985729217529311 0.92940199375152599 0.58571431040763866 90.25574111938478 72.81223297119142 89.501323699951186 51.158700942993171 29.991487503051761 0.71291208267211925 65.240276336669936 70.50384902954103
decision_type=2 2 2 2 2 2 2 2 2 2 2 2 2 2 2 2 2 2 2 2 2 2 2 2 2 2 2 2 2 2
left_child=1 3 18 4 6 7 15 10 -5 11 17 12 21 -11 27 16 -1 -6 19 -3 26 22 -10 -24 -23 -17 -7 -15 -9 -30
right_child=-2 2 -4 8 5 20 -8 28 9 13 -12 -13 -14 14 -16 25 -18 -19 -20 -21 -22 24 23 -25 -26 -27 -28 -29 29 -31
leaf_value=-0.1289595357916879 0.074454208305201011 -3.0581530448151506e-05 0.080566060920167687 0.039079865248080159 -0.082693553905196157 0.10019376134241532 0.058900684038791389 -0.080967978669128249 -0.074589625606048676 0.054820619300076014 -0.69510300392121849 0.038837336318186366 -0.3810597887923507 0.073010625717691249 -0.23763054211555507 -0.0098288307495653423 0.054406171521118304 0.038566074907626702 0.067456160129407125 -0.23078222298440834 -0.06272091241594055 -0.099334370008060016 -0.15948412042936602 -0.47444920742732266 0.047177185503191138 -0.083190207591091761 -0.0013721227017091744 -0.0074224282434832058 0.11850894987097546 -0.086982113526758109
leaf_weight=1.3985802265815426 70.140262781642377 44.059285110241035 17.10664386494318 30.72276963799959 43.273488037200877 2.7961559887044158 14.752439949428661 1.6051889368391119 3.7343765447149018 11.183187347080091 0.1029397314414372 3.0997402690991285 0.39582187405903901 4.2252444684272623 0.86935093317879264 14.430732137610905 10.088382802321574 2.283617354463785 6.117666508536785 0.77759614447131653 6.5589673513604785 2.7604266033449676 1.0136426402605136 0.4463260248012374 2.8349836755660363 7.5074839544540728 24.999228155938908 61.51455254983739 2.8858741403091703 0.91686441999627266
leaf_count=133 12109 2352 1780 1672 56769 49 1410 765 730 399 6 219 37 129 33 1272 173 30 292 13 757 321 47 37 76 699 3377 2374 62 82
internal_value=0.0110095 -0.00270563 0.0236565 -0.00970341 -0.0233841 -0.042087 0.00977741 -0.0671583 0.00518042 -0.00613052 -0.0780096 -0.0576025 -0.0843278 0.00332148 -0.00532485 -0.0119035 0.0320807 -0.0766152 0.00455056 -0.00403246 -0.00481828 -0.0734422 -0.125514 -0.255772 -0.0251025 -0.0349339 0.00884519 -0.00225282 0.0244608 0.0689637
internal_weight=394.602 324.462 68.0612 256.4 133.6 85.4223 48.1776 51.068 122.8 92.0777 45.66 14.2853 11.1856 77.7923 66.6091 33.4252 11.487 45.5571 50.9545 44.8369 34.3544 10.7898 5.19435 1.45997 5.59541 21.9382 27.7954 65.7398 5.40793 3.80274
internal_count=88204 76095 4437 71658 65584 61897 3687 57714 6074 4402 56805 1467 1248 2935 2536 2277 306 56799 2657 2365 4183 1211 814 84 397 1971 3426 2503 909 144
is_linear=0
shrinkage=0.08


Tree=78
num_leaves=31
num_cat=0
split_feature=48 33 12 42 3 8 36 27 13 15 31 8 11 4 0 21 13 50 15 15 27 4 39 0 31 21 51 36 33 51
split_gain=49.4825 8.17188 9.59149 9.01538 7.64232 10.0027 4.1466 4.356 4.78775 4.12398 3.84571 3.5964 4.2537 6.6785 3.59973 3.34547 4.10098 3.3061 6.51239 15.7829 5.32272 5.20244 3.12053 3.10186 2.99917 4.09696 4.26113 2.95465 7.1313 4.05152
threshold=87.50553131103517 0.87867647409439098 64.907405853271499 1.0000000180025095e-35 33.549783706665046 64.565757751464858 70.500000000000014 63.002912521362312 0.73214286565780651 0.61620295047760021 56.682739257812507 44.920890808105476 20.871143341064457 54.711254119873054 7.2077922821044931 0.45049019157886511 0.15476191043853763 0.75369256734848034 0.81322672963142406 0.65058138966560375 65.020324707031264 67.877910614013686 -1.0000000180025095e-35 30.877573013305668 73.547473907470717 0.90121948719024669 36.418760299682624 9.5000000000000018 0.42261904478073126 9.333506107330324
decision_type=2 2 2 2 2 2 2 2 2 2 2 2 2 2 2 2 2 2 2 2 2 2 2 2 2 2 2 2 2 2
left_child=1 2 4 17 11 15 7 8 -7 -8 -10 12 13 14 -1 16 -6 20 19 -19 21 -4 -2 24 -16 26 -26 28 -23 -29
right_child=22 -3 3 -5 5 6 9 -9 10 -11 -12 -13 -14 -15 23 -17 -18 18 -20 -21 -22 27 -24 -25 25 -27 -28 29 -30 -31
leaf_value=-0.14271151220381204 -0.18072738564398208 0.045545939822443302 -0.084007898667840156 0.065275929989586562 0.075760982271442207 -0.073484423607810337 0.077549662469856048 0.08493439332036834 0.035432717553866129 -0.036767933136362237 -0.079251026230535884 0.052341494430673034 0.026703949723125061 -0.17688795105741081 -0.053831745964614951 -0.070544876756502881 -0.080757765120212946 0.080584467715915695 0.080410818370425546 -0.56036347237711237 0.048593958646772004 -0.059069064295596448 0.075207714225129035 0.068131770359743951 -0.15011402863746123 0.065689552782830576 -0.005177696315735357 -0.074540533772899945 0.044305255710162299 0.0084688476566469571
leaf_weight=1.3608052036725009 0.30633496679365535 21.110419206321239 4.8662985719565759 15.34420157826389 2.3251841178571331 10.059959086123863 6.2844391007965879 2.1553450633073217 7.1335413402703107 2.976022992777871 2.5368293861101847 7.3618232404696746 15.684086556895634 1.7298433569085307 9.6992399729788357 39.769489275873639 1.9868020985450128 0.48750509461387881 0.67207144154235721 0.49608464632183313 14.267486653057857 14.121144738048317 64.819665397400968 2.9562695990607599 1.4661847212119052 4.680216993787325 11.332872878410852 3.9033494429022531 6.1227643406600682 104.71843366272515
leaf_count=124 23 992 4067 1519 57 7345 237 92 260 53 511 1325 621 180 1257 42184 3408 32 68 22 415 4866 12086 139 40 50 141 383 118 5589
internal_value=0.0104801 -0.00254546 -0.00596953 0.00687571 -0.0220872 -0.0387672 -0.00406275 -0.0230504 -0.0348466 0.0408116 0.00534772 0.000211867 -0.00763464 -0.0238442 -0.0154385 -0.0632879 0.00364299 0.000887909 -0.111533 -0.242685 0.00214555 -0.0028099 0.0740039 -0.00969122 -0.0181562 0.00164013 -0.0217807 0.000256349 -0.0278035 0.00548589
internal_weight=382.735 317.609 296.498 164.999 131.499 75.2276 31.1461 21.8857 19.7303 9.26046 9.67037 56.2713 48.9095 33.2254 31.4956 44.0815 4.31199 149.655 1.65566 0.98359 147.999 133.732 65.126 30.1348 27.1785 17.4793 12.7991 128.866 20.2439 108.622
internal_count=88204 76095 75103 17079 58024 54147 8498 8208 8116 290 771 3877 2552 1931 1751 45649 3465 15560 122 54 15438 15023 12109 1627 1488 231 181 10956 4984 5972
is_linear=0
shrinkage=0.08


Tree=79
num_leaves=31
num_cat=0
split_feature=50 42 8 14 14 4 1 25 5 2 20 21 49 51 4 52 8 51 4 6 20 32 31 4 3 5 33 4 1 5
split_gain=44.8006 7.06671 10.2918 7.13999 10.5576 11.2561 8.44795 6.06919 6.56866 5.89679 5.1216 5.72449 4.83018 4.67691 5.99677 4.31185 4.86968 6.04697 4.88877 4.03602 4.01396 3.64269 4.72113 3.54584 3.76195 6.3415 3.56039 5.13168 3.45698 3.40949
threshold=0.76847660541534435 1.0000000180025095e-35 55.625879287719734 0.47727273404598242 0.069047622382640853 83.837310791015639 63.453348159790046 1.0000000180025095e-35 50.31645584106446 33.520599365234382 7.5000000000000009 0.92940199375152599 77.003208160400405 69.448268890380874 62.560293197631843 84.889995574951186 72.281322479248061 99.206348419189467 82.116237640380874 89.501323699951186 15.500000000000002 0.78019323945045482 97.985729217529311 92.634468078613295 91.024166107177749 85.053192138671889 0.36038962006568914 85.633960723876967 76.689495086669936 49.761905670166023
decision_type=2 2 2 2 2 2 2 2 2 2 2 2 2 2 2 2 2 2 2 2 2 2 2 2 2 2 2 2 2 2
left_child=1 3 21 4 6 13 9 10 28 -1 11 -7 -2 -6 -15 29 17 19 -18 -17 -16 22 -3 24 25 -20 27 -26 -9 -5
right_child=12 2 -4 15 5 7 -8 8 -10 -11 -12 -13 -14 14 20 16 18 -19 23 -21 -22 -23 -24 -25 26 -27 -28 -29 -30 -31
leaf_value=0.0046440508060997931 -0.32063507894556814 -0.00016363400554573923 0.080172410716944309 -0.06653326428340775 -0.07759966212320224 0.05979949052718081 0.081551267303353117 -0.14259681246207234 -0.083489514620430347 -0.089880329681689769 -0.057261219396924766 -0.054229590907020231 0.073615621883748941 0.11301840920954888 -0.085959504015222066 -0.086751129778947292 0.049526304442852408 0.084950063478506144 -0.019100192775333615 0.029401733507520879 0.055475396196687878 0.065046964105644769 -0.19034771786527116 0.0097202135578645255 -0.10881968545162181 -0.16911384208085908 -0.10397313830260643 0.031598427431683215 0.1141024476625654 0.040889294638372785
leaf_weight=32.929100009059766 0.19953048834577103 43.230427016242174 14.639904198760631 2.0407301427912925 37.280768957774853 14.751714322017511 8.3238943018950504 0.40869189464137834 8.9796235906251223 4.8453670011949717 4.5019974701281162 3.4828876147512338 61.323767229099758 1.9099406718160006 4.7956741920206696 10.388572243624361 13.148382369894533 1.9795970693230636 4.8489120551967071 2.3471491891541527 1.7538893537712281 5.5292092729359856 0.85182776348665257 42.014791674591834 1.9717587243940204 2.8714735638641287 2.0434859278611848 10.730528522311941 1.8814869460766201 25.762879200599855
leaf_count=2859 32 2352 1698 350 57011 1056 258 143 1788 559 801 374 12222 135 515 1605 479 13 153 95 50 291 12 1295 50 51 34 327 18 1578
internal_value=0.00997381 -0.00239317 0.0212316 -0.00856375 -0.0218811 -0.0394985 0.00859565 -0.00464091 -0.0526451 -0.00748068 0.0191532 0.0380194 0.072337 -0.065414 -0.011712 0.00538504 -0.00293083 -0.045126 0.00506763 -0.0653446 -0.048085 0.00383865 -0.00383867 -0.00399799 -0.0296529 -0.0748954 -0.0059655 0.00980152 0.0682934 0.0330047
internal_weight=371.768 310.245 64.2514 245.993 125.845 79.7467 46.0984 34.0064 11.2698 37.7745 22.7366 18.2346 61.5233 45.7403 8.4595 120.148 92.3447 14.7153 77.6293 12.7357 6.54956 49.6115 44.0823 64.481 22.4662 7.72039 14.7458 12.7023 2.29018 27.8036
internal_count=88204 75950 4353 71597 65567 61891 3676 4180 1949 3418 2231 1430 12254 57711 700 6030 4102 1713 2389 1700 565 2655 2364 1910 615 204 411 377 161 1928
is_linear=0
shrinkage=0.08


Tree=80
num_leaves=31
num_cat=0
split_feature=48 33 14 14 1 1 0 42 36 0 21 2 15 35 36 0 20 1 53 36 1 1 52 11 35 14 15 49 53 36
split_gain=41.9981 6.68511 8.20786 9.66742 11.5163 8.80254 8.21288 7.36564 7.08036 5.78921 13.4787 7.14604 5.93723 5.68545 4.78055 4.65635 6.7675 4.68638 5.86083 5.57156 4.18245 6.7975 4.30667 3.95721 5.84185 4.87617 3.82482 3.75795 3.73045 5.52247
threshold=87.50553131103517 0.87867647409439098 0.47727273404598242 0.080128207802772536 56.949806213378913 69.028213500976577 35.025774002075202 1.0000000180025095e-35 26.500000000000004 71.516754150390639 0.29061582684516912 75.716625213623061 0.63211598992347728 0.54702240228652965 31.500000000000004 78.319625854492202 11.500000000000002 95.713413238525405 40.435106277465827 33.500000000000007 69.631092071533217 78.319625854492202 64.747306823730483 48.714567184448249 0.22068373113870624 0.38750000298023229 0.62622550129890453 57.795139312744148 46.995269775390632 10.500000000000002
decision_type=2 2 2 2 2 2 2 2 2 2 2 2 2 2 2 2 2 2 2 2 2 2 2 2 2 2 2 2 2 2
left_child=1 2 3 4 6 13 27 9 23 10 -4 12 26 -5 -10 -13 17 18 -17 -19 -16 -22 -23 -7 -25 -26 -11 28 -1 -30
right_child=-2 -3 7 5 -6 8 -8 -9 14 11 -12 15 -14 -15 20 16 -18 19 -20 -21 21 22 -24 24 25 -27 -28 -29 29 -31
leaf_value=-0.038424162565983543 0.073012423983796218 0.042662177625457751 -1.0897752239395988 -0.086145625405968929 0.072247471601396426 -0.087532791196341955 -0.098647273740867181 0.080596908891767266 0.058961725718058522 -0.081422574773679576 0.0371623300021902 0.052803205109638728 0.038120683439668845 0.035472160421382612 0.11149320995577686 0.028092017566807098 -0.23677344591022803 -0.0081089584293206271 -0.052752739941541851 0.054640208593690169 -0.09155808771523978 0.14539801993358312 -0.0056333842601739249 -0.093458758044580398 0.051235011151888797 -0.1013280580246234 -0.33030376112193871 0.04735455472013371 -0.019051367034502911 0.052842939514076308
leaf_weight=18.437765577138634 56.225438422639854 19.838753855321556 0.068077488074780201 24.414956561697185 12.784705439233219 10.623767991433851 6.1777314950886639 8.7355003093834949 8.2557723728532455 9.2118333129910717 30.295013569004368 10.515591947885694 2.9208401270152526 2.7357456571189678 1.6307334348966858 8.3584613865241426 0.79337583962478575 23.273742677847622 18.312501089560101 14.824468511156736 6.2558578473690458 1.3243321314221237 13.795405917393508 4.5962281817628545 6.4266133342753147 1.6942619797773657 0.41290403174934986 8.5535838304785994 18.523190483450893 10.839305515284648
leaf_count=3294 12109 992 2 40858 656 13445 910 983 963 1100 1784 380 218 55 193 50 33 877 1244 331 1841 31 960 3811 260 51 36 207 300 230
internal_value=0.00948545 -0.00223966 -0.00536754 -0.0176145 0.00306349 -0.0366642 -0.0110813 0.00969347 -0.0181536 0.00448804 0.0346356 -0.00584072 -0.061782 -0.0738912 0.00673839 0.00338421 -0.00454212 -0.00169745 -0.0274167 0.0163075 -0.0120018 -0.0214232 0.0075954 -0.0514931 -0.0213859 0.0194057 -0.0920997 -0.00148199 -0.010221 0.00748876
internal_weight=360.856 304.631 284.792 157.07 75.3163 81.7537 62.5316 127.722 54.603 118.987 30.3631 88.6237 12.5456 27.1507 31.2621 76.0781 65.5625 64.7692 26.671 38.0982 23.0063 21.3756 15.1197 23.3409 12.7171 8.12088 9.62474 56.3538 47.8003 29.3625
internal_count=88204 76095 75103 68065 5597 62468 4941 7038 21555 6055 1786 4269 1354 40913 3988 2915 2535 2502 1294 1208 3025 2832 991 17567 4122 311 1136 4031 3824 530
is_linear=0
shrinkage=0.08


Tree=81
num_leaves=31
num_cat=0
split_feature=48 35 27 6 28 27 34 34 13 25 3 1 0 32 12 4 36 51 4 35 1 27 0 14 32 48 14 16 36 44
split_gain=38.6372 6.00212 20.2979 5.79087 4.87213 4.49378 6.34282 5.48533 3.67512 5.79787 9.72046 5.89573 5.81883 4.43939 4.28471 6.74099 4.48891 4.39924 4.1999 4.17034 4.0095 3.58206 3.49292 3.26855 3.24183 3.95523 3.38671 4.51522 3.46966 3.16308
threshold=87.50553131103517 0.13259159028530124 26.705426216125492 92.000732421875014 51.382518768310554 42.317867279052741 0.41421362757682806 0.39559109508991247 0.63333335518836986 1.0000000180025095e-35 12.276295185089113 56.949806213378913 35.75188064575196 0.78019323945045482 36.388889312744148 48.117729187011726 3.5000000000000004 66.701370239257827 57.462350845336921 0.43263413012027746 40.289855957031257 44.076908111572273 78.705963134765639 0.58571431040763866 0.061553031206130988 29.316170692443851 0.78888890147209179 0.85239651799201976 30.500000000000004 -1.0000000180025095e-35
decision_type=2 2 2 2 2 2 2 2 2 2 2 2 2 2 2 2 2 2 2 2 2 2 2 2 2 2 2 2 2 2
left_child=1 2 24 5 -4 -3 7 22 9 11 -11 12 13 14 15 16 -8 -18 -16 -13 -20 -10 23 -7 25 26 27 28 -1 -5
right_child=-2 3 4 29 -6 6 8 -9 21 10 -12 19 -14 -15 18 -17 17 -19 20 -21 -22 -23 -24 -25 -26 -27 -28 -29 -30 -31
leaf_value=0.033288477924270352 0.072466355996661097 0.044627463079539569 -0.077781995445594221 0.021727985372345916 0.00099592392965346631 -0.025550729271505208 0.053115208471296561 -0.12483447796716131 -0.22157430181506971 0.054899817671669321 -0.079227538465388284 -0.020183318945952218 -0.079941698765682787 0.081175016309673165 0.031561657800250165 -0.12885717032614674 -0.0161581838875904 -0.17052734993126234 -0.2185630654383241 0.079177870663813987 0.029345365907782167 0.063566472456780418 -0.087825577522907941 0.054031227833908659 0.080946790167957042 -0.084145661172662117 0.048835196655583384 -0.18435325950593662 -0.0070910358454575172 0.080474353717520625
leaf_weight=17.184200521733146 52.278196991537698 14.089395989518378 31.011395664070733 15.635839196736926 5.995927204436156 14.746303834661385 5.3625671023037311 3.9086441269901107 0.29111825209110875 4.8618273079628151 11.976630523451602 3.5261797838029443 5.3295467334683044 4.7984559228643766 22.247389400436081 3.5005653632688327 8.3012912041740474 1.3775747584877525 0.87205198185983934 11.586857441347091 0.80107677105115727 8.9670902402140182 4.2664637201232827 4.2563382284715763 3.4116040560766114 3.3246658895513965 9.9240046348422748 0.84710275568067928 65.642977691284614 9.3875848650932294
leaf_count=770 12109 522 58478 435 2047 2342 112 165 4 185 588 60 119 269 275 97 197 18 23 462 17 524 89 53 145 3854 321 14 2616 1294
internal_value=0.00903962 -0.00210856 -0.0143781 0.00841751 -0.0650184 0.00186848 -0.00311134 -0.0371422 0.00674879 0.00150855 -0.0405005 0.0119566 -0.00069882 0.00823728 -5.01648e-06 -0.0288689 -0.00559881 -0.0381293 0.0223688 0.0559949 -0.0998671 0.0546004 -0.022412 -0.00772543 0.00429997 0.00160207 0.00464788 -0.000592858 0.00128652 0.0437668
internal_weight=349.711 297.433 137.342 160.091 37.0073 135.067 120.978 27.1777 93.8002 84.542 16.8385 67.7036 52.5905 47.261 42.4625 18.542 15.0414 9.67887 23.9205 15.113 1.67313 9.25821 23.2691 19.0026 100.335 96.923 93.5983 83.6743 82.8272 25.0234
internal_count=88204 76095 68245 7850 60525 6121 5599 2649 2950 2422 773 1649 1127 1008 739 424 327 215 315 522 40 528 2484 2395 7720 7575 3721 3400 3386 1729
is_linear=0
shrinkage=0.08


Tree=82
num_leaves=31
num_cat=0
split_feature=48 45 35 45 32 20 48 53 51 5 35 50 15 45 5 50 21 20 6 4 33 39 7 54 6 31 6 29 27 31
split_gain=35.5153 5.49663 7.45177 4.62835 4.38767 4.22864 7.51678 5.3275 5.17979 3.91422 3.8289 5.9201 4.46975 4.0152 3.65961 4.47164 3.73073 5.09992 3.91841 3.63772 3.27844 3.20039 3.03599 4.17023 3.01875 3.24361 2.85935 3.54086 4.57891 3.59174
threshold=87.50553131103517 2.0397207736968999 0.039270766079425819 5.1328485012054452 0.80384615063667308 4.5000000000000009 58.397895812988288 53.077732086181648 18.000584602355961 74.133811950683608 0.55395013093948375 0.76847660541534435 0.3483316451311112 7.1232697963714608 21.680376052856449 0.14893997460603717 0.39339827001094824 32.500000000000007 93.851181030273452 48.798746109008796 0.89736840128898632 -1.0000000180025095e-35 88.185440063476577 1.0000000180025095e-35 87.859191894531264 96.182891845703139 47.378084182739265 83.034858703613295 84.791305541992202 87.880626678466811
decision_type=2 2 2 2 2 2 2 2 2 2 2 2 2 2 2 2 2 2 2 2 2 2 2 2 2 2 2 2 2 2
left_child=1 4 -3 22 5 6 7 -1 9 -7 11 12 20 -14 15 19 17 24 -18 -10 -5 -2 23 -4 25 -16 27 28 29 -17
right_child=21 2 3 10 -6 8 -8 -9 14 -11 -12 -13 13 -15 16 26 18 -19 -20 -21 -22 -23 -24 -25 -26 -27 -28 -29 -30 -31
leaf_value=0.0030331475804703627 -0.19085001477739982 -0.08017406819030759 -0.050029500778559312 -0.082343931462036807 0.063541843279799684 -0.092842595780410819 0.038294565723690568 -0.074548661594979304 0.055495237756816695 0.056625780760700913 0.043751037868349919 -0.56175317226961485 -0.021897772626026882 0.050396654034234913 0.076128001566226816 -0.092455178772930399 -0.015480544638465318 -0.14670259913073486 0.032225024891133068 -0.13417456523257085 0.11023055366713667 0.073487746680816785 0.075614953149441388 -0.31447040962606498 -0.11449856965956957 -0.10159853337129188 -0.17723186210564151 0.050224084002044353 -0.36729056294632417 0.08062879558507291
leaf_weight=65.440561720519327 0.2949213394895186 11.727653022266166 13.679890917032022 6.2012078943662408 7.638320062775164 7.2220387887791713 44.111361272603972 6.2016234405018613 3.7470852380502029 1.3274082498974165 11.472071442287413 0.12453868798911472 11.056136417842938 8.8543260542501212 10.511217353574459 5.016277675284071 52.773428995831637 0.85674953486886885 13.927292549022239 0.7822668021544813 0.62258523702621449 48.338860015501268 1.1910077604698006 0.39261889504268843 0.6333950702101 0.70104293338954526 1.4535300504940094 1.6219482845626769 0.34139163326472033 0.90587799809873093
leaf_count=8335 23 34590 2355 5340 609 5332 2312 1060 134 153 200 12 1065 849 746 497 11789 77 415 25 1 12086 45 9 50 8 39 38 4 6
internal_value=0.00861151 -0.00198005 -0.0224118 -0.00977215 0.00394609 0.00185389 0.012314 -0.00368263 -0.0100376 -0.0696358 0.00506315 -0.0114614 -0.00889796 0.0102521 -0.00457469 -0.0424921 0.00204789 0.0417844 -0.00551949 0.0227373 -0.0647739 0.0718848 -0.0470276 -0.0574073 0.055417 0.0650157 -0.0741279 -0.0551227 -0.0824023 -0.0659795
internal_weight=339.169 290.535 65.322 53.5944 225.213 217.574 115.754 71.6422 101.821 8.54945 38.3309 26.8588 26.7343 19.9105 93.2715 13.8684 79.4031 12.7024 66.7007 4.52935 6.82379 48.6338 15.2635 14.0725 11.8457 11.2123 9.33903 7.8855 6.26355 5.92216
internal_count=88204 76095 44466 9876 31629 31020 11707 9395 19313 5485 7467 7267 7255 1914 13828 743 13085 881 12204 159 5341 12109 2409 2364 804 754 584 545 507 503
is_linear=0
shrinkage=0.08


Tree=83
num_leaves=31
num_cat=0
split_feature=48 42 8 1 33 14 3 8 30 45 2 25 21 2 36 2 3 36 51 5 45 45 35 36 14 30 8 31 28 32
split_gain=32.6462 5.15022 8.76288 4.7263 4.70927 6.71908 5.82641 6.50509 5.4162 4.91115 7.16882 5.66941 5.57084 4.03012 3.34635 4.34399 3.02884 3.79541 3.33385 2.98864 2.99429 14.3866 6.41248 2.83634 3.45908 4.76894 2.81115 2.70407 2.70415 4.70845
threshold=87.50553131103517 1.0000000180025095e-35 55.625879287719734 85.912700653076186 0.70294117927551281 0.47727273404598242 86.526824951171889 75.716625213623061 90.34647369384767 1.9729550480842593 84.561214447021499 1.0000000180025095e-35 0.35948719084262853 10.762548446655275 62.500000000000007 64.549732208251967 71.834934234619155 37.500000000000007 99.206348419189467 49.761905670166023 2.0397207736968999 2.8029010295867924 0.33503401279449468 45.500000000000007 0.31666667759418493 61.128803253173835 52.027397155761726 69.997173309326186 66.894977569580092 0.19615384936332705
decision_type=2 2 2 2 2 2 2 2 2 2 2 2 2 2 2 2 2 2 2 2 2 2 2 2 2 2 2 2 2 2
left_child=1 3 -3 4 5 9 19 -8 -6 10 11 14 -13 -11 23 -16 -5 27 -19 -7 -21 -22 -23 24 25 -1 -10 28 29 -18
right_child=-2 2 -4 16 8 6 7 -9 26 13 -12 12 -14 -15 15 -17 17 18 -20 20 21 22 -24 -25 -26 -27 -28 -29 -30 -31
leaf_value=-0.084849737035920844 0.071268978463263674 0.0034884983023859514 0.079717821219225909 0.078578516400531387 0.06496659106142437 -0.072457760853292461 -0.10663289441780796 -0.00037580479956737177 -0.021412080290737746 0.013860555498548569 -0.67660009106084684 0.1272780505086982 -0.087844597310298755 -0.068605403910829851 -0.082002148746469883 0.11305078388051175 -0.019831442434601412 0.0090055907112400694 0.065355836549741184 0.044916941089071981 -1.2494380036763071 -0.1185836244198938 0.086102775376194721 -0.10958455786827177 0.052447010806753736 0.033389839126827352 0.058386113751448948 0.040824591278513379 -0.089941874198508534 0.068771235786231011
leaf_weight=4.5057980501151302 45.27866192732472 46.667101258586626 12.167618093313648 3.6579308361979193 8.6209732628194633 1.8839100184559381 5.5803575221289092 10.870093007193644 19.137106104986746 4.2813790267973664 0.10459332307800551 0.85350137791828995 7.914717198262224 33.22834481789323 0.92615371179999684 3.4633290810743347 37.949714537084219 22.640889405505732 9.5553214829415065 19.848945734411249 0.061076385347404893 1.8830358016566608 2.0415789918042719 1.5557756363414217 5.7225209391908711 4.2350372101645917 3.3147754976525894 6.0678379661985664 2.9621710823848835 4.2704735496081403
leaf_count=4455 12109 2657 1780 185 143 380 696 302 240 903 3 19 4016 52842 264 23 3503 603 217 681 15 705 25 303 377 68 201 304 83 102
internal_value=0.00815243 -0.00184097 0.0192535 -0.007305 -0.0164065 -0.0242409 0.000761046 -0.0364206 0.0110658 -0.040026 -0.0154734 -0.0131034 -0.0669045 -0.0591927 0.0100113 0.0718958 0.00732693 0.00420357 0.0257294 0.0245437 0.0322107 -0.0310668 -0.0121061 -0.00694597 0.00409452 -0.0275613 -0.00963075 -0.00931934 -0.0160535 -0.0108695
internal_weight=331.251 285.972 58.8347 227.137 140.033 108.96 42.169 16.4505 31.0729 66.7912 29.2814 29.1768 8.76822 37.5097 20.4086 4.38948 87.1043 83.4464 32.1962 25.7185 23.8346 3.98569 3.92461 16.0191 14.4634 8.74084 22.4519 51.2502 45.1824 42.2202
internal_count=88204 76095 4437 71658 66661 66077 2804 998 584 63273 9528 9525 4035 53745 5490 287 4997 4812 820 1806 1426 745 730 5203 4900 4523 441 3992 3688 3605
is_linear=0
shrinkage=0.08


Tree=84
num_leaves=31
num_cat=0
split_feature=48 34 14 25 1 42 1 0 5 8 33 13 0 2 16 2 21 0 20 36 0 21 51 21 35 16 1 1 36 28
split_gain=29.9607 4.69133 5.32931 8.92903 7.626 5.84472 5.78624 4.96743 5.56922 7.6118 7.03845 5.57169 4.39305 5.81737 5.19834 4.00856 3.95218 3.90964 5.73484 3.77726 3.70227 3.69295 3.60145 3.58884 3.56087 3.50776 3.38228 5.29806 4.79469 3.64485
threshold=87.50553131103517 0.7897985875606538 0.47727273404598242 1.0000000180025095e-35 17.712418556213382 1.0000000180025095e-35 89.699382781982436 68.323558807373061 64.747306823730483 62.910053253173835 0.32291667163372045 0.18333333730697635 72.176685333251967 75.716625213623061 0.5407620668411256 10.762548446655275 0.35948719084262853 78.319625854492202 11.500000000000002 9.5000000000000018 43.190250396728523 0.88047617673873912 58.513444900512702 0.96490147709846508 0.71503761410713207 0.51471862196922313 95.713413238525405 94.028518676757827 33.500000000000007 26.794871330261234
decision_type=2 2 2 2 2 2 2 2 2 2 2 2 2 2 2 2 2 2 2 2 2 2 2 2 2 2 2 2 2 2
left_child=1 2 3 7 21 12 16 8 9 10 -1 -10 20 14 -14 19 -6 25 26 22 -4 -5 -12 -9 -18 -15 27 29 -28 -19
right_child=-2 -3 5 4 6 -7 -8 23 11 -11 15 -13 13 17 -16 -17 24 18 -20 -21 -22 -23 -24 -25 -26 -27 28 -29 -30 -31
leaf_value=-0.060745203474303046 0.070610987832460267 0.036618594252895875 -0.30510584057251744 -0.10120054245934337 0.082198487649593824 0.080092083567491063 0.082654258601062486 0.051142660543018595 0.068452362243755338 0.076556828481609371 0.07615678557651695 -0.098488522200419301 -0.10340543619731869 -0.067995603289708426 0.0041437119752814463 0.0096957710700700285 -0.073678064035768195 0.018512970731039892 -0.22740014162932937 -0.11917988606512729 0.032799641275138791 0.061075981365575308 -0.077301345095037818 -0.062727795572792761 -0.30643408177644832 0.069812124031831152 -0.0085296020349837059 -0.10111232562876996 0.051998796912795485 -0.049626817662358581
leaf_weight=14.652362958469892 42.171472950605676 19.048479579854757 0.20901996840985049 1.0864673181204114 1.0323119003005583 6.7724761909339568 1.639044588751857 14.58387600858987 1.5434565556643045 6.9162001790391505 1.9231539940228679 7.4818476223445032 6.7868855879278254 1.3787838661810372 4.9918034615984652 48.891356311942218 28.957555144239453 13.429100155830389 0.73014943599991866 3.1928031957359053 28.89078699201491 5.1607177371333819 1.9931475261691955 2.016281650910968 0.42686450341716309 8.287909884384133 22.403145889809821 4.657198965054703 13.376807714055756 8.0272646954545035
leaf_count=31302 12109 1124 28 247 203 943 191 2293 84 2462 43 4680 823 113 455 1559 24311 112 33 102 1834 225 20 248 9 260 878 226 331 956
internal_value=0.00774131 -0.0017112 -0.00450391 -0.0150199 -0.0480059 0.00790204 -0.0637643 -0.00277641 -0.0104613 -0.00354096 -0.0113817 -0.0699392 0.0035819 -0.00569144 -0.0578262 0.00153409 -0.0716542 0.00280317 -0.00450634 -0.0545961 0.0303725 0.032854 -0.00194361 0.0373118 -0.0770593 0.0501563 -0.00187689 -0.0237675 0.0140997 -0.00697952
internal_weight=322.659 280.487 261.439 141.497 38.303 119.941 32.0558 103.194 86.5943 77.569 70.6528 9.0253 113.169 84.069 11.7787 56.0005 30.4167 72.2904 62.6237 7.1091 29.0998 6.24719 3.9163 16.6002 29.3844 9.66669 61.8935 26.1136 35.78 21.4564
internal_count=88204 76095 74971 67979 25186 6992 24714 42793 40252 35488 33026 4764 6049 4187 1278 1724 24523 2909 2536 165 1862 472 63 2541 24320 373 2503 1294 1209 1068
is_linear=0
shrinkage=0.08


Tree=85
num_leaves=31
num_cat=0
split_feature=49 33 7 51 36 32 43 30 16 28 4 15 15 49 29 16 21 21 14 4 8 21 6 0 7 3 30 14 16 2
split_gain=27.5752 4.82605 5.54847 4.75019 4.28908 4.23569 4.05293 9.27602 6.0085 4.5593 4.2276 3.01502 3.25319 2.9636 3.02806 2.94231 6.38984 3.64133 3.59111 2.88548 2.79149 4.59723 3.77036 3.81324 4.99766 5.15103 5.70655 3.4036 4.60981 3.55352
threshold=81.853973388671889 0.87867647409439098 89.512962341308608 37.188482284545906 24.500000000000004 0.19615384936332705 1.0000000180025095e-35 51.176633834838874 0.78647416830062877 49.358869552612312 93.85471343994142 0.65058138966560375 0.6792857050895692 71.516754150390639 97.321212768554702 0.70320320129394542 0.7245689630508424 0.7589399814605714 0.58571431040763866 95.00662994384767 90.366767883300795 0.71291208267211925 93.851181030273452 83.910789489746108 76.50690078735353 74.322341918945327 66.838485717773452 0.4083333313465119 0.46737588942050939 62.889245986938484
decision_type=2 2 2 2 2 2 2 2 2 2 2 2 2 2 2 2 2 2 2 2 2 2 2 2 2 2 2 2 2 2
left_child=1 2 6 -4 5 -5 13 19 9 -9 11 -11 -13 14 15 18 -17 -18 20 -8 22 -22 23 24 25 -1 27 28 -27 -29
right_child=-2 -3 3 4 -6 -7 7 8 -10 10 -12 12 -14 -15 -16 16 17 -19 -20 -21 21 -23 -24 -25 -26 26 -28 29 -30 -31
leaf_value=0.0024459803954894753 0.070158453175702476 0.038929141552203637 0.081562832302367591 -0.065035491205162888 0.031079932788365423 0.085681226415785905 -0.081010773239590647 0.071727433286455214 -0.23273162031641242 -0.012605807899033088 0.073296210808699691 -0.19360124487873834 -0.027610007122265783 0.062790621816084108 -0.28870275192640132 -0.23429927633631242 0.078717502546967591 -0.046985911982544898 0.029274781653470115 0.043095645203662478 0.018425853734352172 -0.14823890341590817 0.07824718220928667 -0.10013711118830672 0.049782935709967474 -0.048083581868768967 -0.39529405120561012 0.017471492165717799 0.056402077408707826 -0.1102128649251571
leaf_weight=57.449488739541266 39.147363266558386 17.595677107106894 7.5624124638270578 6.7545525649038627 18.516033400897868 1.4494795259088276 17.404233777495396 4.4825771883188272 0.7577929119579484 55.198686623189133 3.5216967114247373 1.245170746231451 1.922086132224649 4.5834791802335522 0.23639878397807379 1.008947402704506 1.8330401822458933 7.5474236328736879 23.740470145537984 1.2876823250844598 2.0229533546371377 2.2234191395109519 3.5583123895339659 2.6564367160899556 10.20478544232901 7.9920729785226339 0.29254705202765663 1.8177972399571434 4.0830128668749239 5.9971166577306576
leaf_count=10082 11695 1142 1067 346 463 53 55800 484 17 3293 92 17 37 692 6 17 29 162 451 80 47 24 215 51 224 1128 4 93 94 299
internal_value=0.00733928 -0.00160505 -0.00437648 0.0255873 0.00974491 -0.038407 -0.00898151 -0.0226184 -0.00873959 -0.00618212 -0.0118252 -0.0169613 -0.0928676 -0.000454472 -0.00263956 -0.0021289 -0.0429982 -0.0224222 0.00135039 -0.0724611 -0.00539378 -0.0688405 -0.00252919 -0.00570542 -0.00284954 -0.00976812 -0.0445355 -0.0393764 -0.0127533 -0.0805127
internal_weight=314.093 274.946 257.35 34.2825 26.7201 8.20403 223.068 85.8199 67.128 66.3702 61.8876 58.3659 3.16726 137.248 132.664 132.428 10.3894 9.38046 122.038 18.6919 98.2979 4.24637 94.0516 90.4933 87.8368 77.632 20.1825 19.89 12.0751 7.81491
internal_count=88204 76509 75367 1929 862 399 73438 59820 3940 3923 3439 3347 54 13618 12926 12920 208 191 12712 55880 12261 71 12190 11975 11924 11700 1618 1614 1222 392
is_linear=0
shrinkage=0.08


Tree=86
num_leaves=31
num_cat=0
split_feature=49 32 12 27 15 1 21 20 20 51 40 21 4 0 31 1 36 36 21 36 21 0 15 51 5 35 21 15 2 15
split_gain=25.2626 4.20768 4.64252 6.57423 5.77235 5.93965 6.33933 4.60703 4.35546 6.04048 4.32795 4.39444 3.95704 4.1565 3.77955 3.51272 3.51502 4.30253 4.4253 3.99601 3.89545 4.59095 4.36497 4.90143 4.0366 3.6492 3.54067 4.91401 5.23197 6.59847
threshold=81.853973388671889 0.78019323945045482 64.907405853271499 65.020324707031264 0.037386443465948112 79.743591308593764 0.52803984284400951 2.5000000000000004 15.500000000000002 69.448268890380874 1.0000000180025095e-35 0.89528506994247448 53.988054275512702 32.305501937866218 84.523811340332045 69.028213500976577 37.500000000000007 30.500000000000004 0.87652438879013073 26.500000000000004 0.81742423772811901 61.311826705932624 0.70106381177902233 87.386363983154311 77.849929809570327 0.29561458528041845 0.54606062173843395 0.79008570313453685 86.526824951171889 0.6792857050895692
decision_type=2 2 2 2 2 2 2 2 2 2 2 2 2 2 2 2 2 2 2 2 2 2 2 2 2 2 2 2 2 2
left_child=1 2 4 7 12 6 8 -4 -6 -10 11 14 13 -1 15 -9 17 19 26 25 21 -18 23 24 -22 -17 -19 28 29 -28
right_child=-2 -3 3 -5 5 -7 -8 10 9 -11 -12 -13 -14 -15 -16 16 20 18 -20 -21 22 -23 -24 -25 -26 -27 27 -29 -30 -31
leaf_value=0.0073829988745272943 0.069407363420747742 0.051898826301749149 0.018414501893997931 0.048838937169482961 0.05275088497301799 -0.00026617564451660594 -0.066665246698856456 -0.061946010201870245 -0.014845894403560907 -0.26041369832392808 -0.43452846699235226 -0.10717717368204524 -0.083011297826962469 0.13025657060667725 -0.37875727168126605 -0.032065414892085552 -0.0711524112085892 0.024831505606863626 0.087577740526645617 0.046886019165149798 -0.11811649132083489 0.0578336932325089 0.073860719103229069 -0.21597823373600344 0.070485533539510425 0.067228606274264649 -0.12677696374799513 0.048295161837130306 -0.27508019264172529 0.044183131679930036
leaf_weight=42.174371206434444 36.513061407371424 9.1319091757759434 49.334514226851752 19.980806973064318 5.655836973761323 26.895087421049539 31.606718298382475 6.8206810687988755 5.0699458531307755 0.7338699607644229 0.15558901411713932 2.9913030111056278 2.9619526204478452 1.8387562506541133 0.1757554579526176 16.490652440377751 1.9992519095540107 2.2616900745488229 1.3270189309550904 8.9530946329614363 1.4303883085958653 15.138561708008636 1.7192383469082413 1.1750921681523321 1.4754235243890432 2.7661620180588207 6.0048509207263105 1.5034580323845137 1.0578693170100448 1.9027192168869076
leaf_count=3073 11695 842 3970 1782 1779 6344 41803 5816 4839 59 17 406 216 82 16 4139 189 69 16 225 70 294 48 10 14 165 174 17 16 19
internal_value=0.00694307 -0.00148135 -0.00334473 0.00623696 -0.0151984 -0.0297629 -0.0481837 -0.000590114 0.00279003 -0.045897 -0.0130334 -0.0121612 0.00649297 0.0125163 -0.00822472 -0.00732056 -0.00160658 -0.0152897 -0.0514468 0.00272814 0.0236072 0.0427865 -0.0330624 -0.0781079 -0.022354 -0.0178022 -0.0659386 -0.0855484 -0.107993 -0.0856406
internal_weight=307.246 270.733 261.601 144.664 116.937 69.9615 43.0664 124.683 11.4597 5.80382 75.3488 75.1932 46.9751 44.0131 72.2019 72.0262 65.2055 42.2675 14.0576 28.2099 22.938 17.1378 5.80014 4.0809 2.90581 19.2568 12.7306 10.4689 8.96544 7.90757
internal_count=88204 76509 75667 17472 58195 54824 48480 15690 6677 4898 11720 11703 3371 3155 11297 11281 5465 4840 311 4529 625 483 142 94 84 4304 295 226 209 193
is_linear=0
shrinkage=0.08


Tree=87
num_leaves=31
num_cat=0
split_feature=48 20 49 51 21 1 29 32 25 20 21 14 20 45 52 50 53 39 45 4 20 21 4 53 5 12 20 20 53 47
split_gain=23.1471 3.8944 5.23476 6.79247 4.89024 7.39793 4.682 5.60579 3.94879 4.57597 4.14896 4.01757 3.91578 5.93198 4.9681 3.60297 3.31114 3.1857 2.98851 2.98401 4.29265 2.96578 2.92704 2.88351 2.86206 4.26249 3.63287 2.81539 2.94871 2.7964
threshold=87.50553131103517 4.5000000000000009 51.915737152099616 38.565483093261726 0.39339827001094824 80.277778625488295 67.658115386962905 0.41421568393707281 1.0000000180025095e-35 12.500000000000002 0.52803984284400951 0.58571431040763866 7.5000000000000009 1.2424533367156985 20.601238250732425 0.3809837698936463 38.00030708312989 -1.0000000180025095e-35 2.0397207736968999 87.747959136962905 2.5000000000000004 0.74388790130615245 89.683315277099624 38.237237930297859 19.139194488525394 53.228715896606452 32.500000000000007 20.500000000000004 46.87542915344239 1.0000000180025095e-35
decision_type=2 2 2 2 2 2 2 2 2 2 2 2 2 2 2 2 2 2 2 2 2 2 2 2 2 2 2 2 2 2
left_child=1 2 3 -1 24 8 7 16 9 10 -6 -10 13 -12 -14 -16 -7 -2 -4 -20 22 -5 -21 -18 25 27 29 -3 -29 -26
right_child=17 4 18 21 5 6 -8 -9 11 -11 12 -13 14 -15 15 -17 23 -19 19 20 -22 -23 -24 -25 26 -27 -28 28 -30 -31
leaf_value=-0.08019851175705954 -0.19595801963233059 0.036976637879839944 0.04028409928590046 0.075290664869074292 0.053659151808978366 -0.094192999227282526 0.075313427556858534 -0.32010430867947037 -0.083378285910853112 -0.068316144574377693 0.049258248557362203 0.027426099195808865 -0.53269554845187161 -0.067076151355088806 -0.08896404354523442 0.018836368113527877 0.1047061615383002 0.070668553712657928 0.027373277901573925 -0.093413680634751584 -0.12943077304897904 -0.0011611858000856808 0.040322675267663852 -0.00074715813297102345 0.052015988638670442 -0.19024836032215922 -0.11867823198254294 -0.12831926282590572 0.075930265242940026 -0.081177218678859187
leaf_weight=6.9819223007289102 0.28923777304589648 4.3307937228528344 36.490830720023951 3.3916672214254495 5.7713814952585407 2.3171851680672253 5.3575701012741765 0.35714097018353541 16.1568040468992 10.692840747971784 7.7471889429289167 2.4061382728832532 0.14126067052711633 4.3974945606896654 6.2265039325429807 2.9123862235574052 1.7481345394626249 34.014273783308454 10.877259113534821 1.4648639189254016 2.2924372567795217 76.377449291627272 3.6751876730122603 32.736314249632414 16.647161641143619 0.86008541373303149 0.92505219443410069 1.6635963683947923 0.62131457170471538 1.0739022610068776
leaf_count=18747 23 94 2390 150 740 115 593 11 15626 7610 1144 236 8 6383 8208 131 5 12086 449 22 55 6300 133 4158 2229 18 237 111 23 169
internal_value=0.00656341 -0.0013945 0.00769417 -0.00453329 -0.0116792 -0.0198056 0.00539776 -0.00468271 -0.0387873 -0.0239775 -0.00654472 -0.0690158 -0.0227623 0.00713448 -0.0618875 -0.0546102 -0.0016217 0.0684204 0.0270506 0.000676655 -0.0383932 0.00208944 0.00220914 0.00459863 0.0191093 -0.0227115 0.0358766 -0.000930617 -0.0727796 0.0439444
internal_weight=300.945 266.642 141.552 86.751 125.09 98.9683 42.5163 37.1588 56.452 37.8891 27.1962 18.5629 21.4248 12.1447 9.28015 9.13889 36.8016 34.3035 54.8006 18.3097 7.43249 79.7691 5.14005 34.4844 26.1219 7.47579 18.6461 6.6157 2.28491 17.7211
internal_count=88204 76095 28246 25197 47849 44968 4882 4289 40086 24224 16614 15862 15874 7527 8347 8339 4278 12109 3049 659 210 6450 155 4163 2881 246 2635 228 134 2398
is_linear=0
shrinkage=0.08


Tree=88
num_leaves=31
num_cat=0
split_feature=48 45 35 45 32 45 21 45 45 1 48 11 34 4 8 21 2 13 21 53 20 1 4 26 35 8 12 1 5 21
split_gain=21.1881 3.41332 5.67771 3.67388 3.04749 3.02705 5.26566 9.87699 97.3688 12.4143 32.906 2.92184 5.68595 3.96607 5.13084 5.31399 3.87655 4.32042 3.94898 3.68623 3.33135 3.43103 6.97393 4.60272 3.27205 3.22415 3.52161 3.11383 3.37442 4.70049
threshold=87.50553131103517 2.0397207736968999 0.039270766079425819 5.1328485012054452 0.80384615063667308 1.9729550480842593 0.88047617673873912 3.1984648704528813 2.6020033359527592 95.713413238525405 93.458824157714858 37.268518447875984 0.5113695263862611 48.117729187011726 36.032787322998054 0.87939393520355236 83.43881988525392 1.0000000180025095e-35 0.68496242165565502 38.891193389892585 2.5000000000000004 89.699382781982436 96.377899169921889 1.0000000180025095e-35 0.38924963772296911 34.641025543212898 37.85954666137696 84.660633087158217 79.75903701782228 0.86602565646171581
decision_type=2 2 2 2 2 2 2 2 2 2 2 2 2 2 2 2 2 2 2 2 2 2 2 2 2 2 2 2 2 2
left_child=1 4 -3 -4 11 -2 7 8 9 10 -7 13 20 -1 25 16 17 18 -16 -19 24 22 27 -23 -13 26 -15 28 29 -22
right_child=5 2 3 -5 -6 6 -8 -9 -10 -11 -12 12 -14 14 15 -17 -18 19 -20 -21 21 23 -24 -25 -26 -27 -28 -29 -30 -31
leaf_value=0.01235665456685695 0.08006699612685933 -0.080226797486316587 -0.042716131971533254 0.0057097518888737341 0.058696052236932861 0.080084195822168011 0.08010013263632601 0.080112725162585136 -2.9375669506988067 0.080093463616854793 -1.8618939619907611 0.023419478024133189 0.058542825712977628 -0.11593225799272046 0.084709325159495766 -0.055054746343814458 0.083173515894959332 0.025036570085233394 -0.082426711056989385 -0.058103629621571153 -0.010726539861569967 -0.0082053473064788579 -0.62618698621943381 0.05906032138244733 -0.15865697444659474 -0.22232477794656949 -0.025788589528548424 -0.091050334487420503 0.046076783766693385 -0.108277840093686
leaf_weight=30.718405518753571 25.491487524006516 8.1991699930149462 14.099777096285832 34.707017495325999 6.2081032081041476 0.173309811856597 3.804325858829543 1.434333177981898 0.079481803055386879 0.98298080894164741 0.082389627350494266 42.177699215622852 13.511730802012606 4.2482053099811274 4.9806288806285073 10.916164458758429 4.0859505413100115 5.5554037343099472 1.1055701151490209 8.8503418785548984 16.715020115269013 25.297127955913311 0.12428360804915328 8.7665244822564983 0.64127735240617667 0.8053885004337652 7.9908678061474347 4.0201290989352847 4.679272319233859 3.8985536427644538
leaf_count=2497 10112 34590 2409 7467 609 54 1215 397 11 294 26 2331 1282 749 172 4009 106 2870 108 8631 4957 599 2 177 74 310 1151 187 212 596
internal_value=0.00619279 -0.00130969 -0.0186281 -0.00827998 0.00349921 0.0675976 0.0191192 -0.0651648 -0.223246 -0.0490773 -0.545646 0.00177803 0.00965988 -0.0101388 -0.0243755 -0.00860751 0.0120218 -0.00216532 0.0543487 -0.0260416 0.00344756 -0.00818086 -0.0281845 0.00910595 0.0206926 -0.0672803 -0.0570776 -0.025649 -0.0152539 -0.029176
internal_weight=294.351 262.303 57.006 48.8068 205.297 32.0483 6.55682 2.7525 1.31816 1.23868 0.255699 199.089 119.832 79.2569 48.5385 35.4941 24.5779 20.4919 6.0862 14.4057 106.32 63.5009 29.4373 34.0637 42.819 13.0445 12.2391 29.313 25.2928 20.6136
internal_count=88204 76095 44466 9876 31629 12109 1997 782 385 374 80 31020 10417 20603 18106 15896 11887 11781 280 11501 9135 6730 5954 776 2405 2210 1900 5952 5765 5553
is_linear=0
shrinkage=0.08


Tree=89
num_leaves=31
num_cat=0
split_feature=53 34 14 25 1 42 1 47 15 32 3 29 12 8 32 52 2 6 34 3 6 8 2 1 20 14 12 31 28 28
split_gain=20.5162 3.43772 3.53832 6.87643 6.22419 4.8821 4.56073 3.66864 3.49705 7.168 4.29463 4.12826 4.30931 7.30826 3.3326 3.30737 3.69212 3.28375 3.1382 3.08317 3.02974 4.28931 2.82912 2.81257 2.81127 2.67647 2.61249 2.73583 2.75194 3.82905
threshold=79.61966705322267 0.7897985875606538 0.47727273404598242 1.0000000180025095e-35 17.712418556213382 1.0000000180025095e-35 89.699382781982436 1.0000000180025095e-35 0.3483316451311112 0.19615384936332705 71.535182952880874 52.106758117675788 39.567100524902351 41.060766220092781 0.61721614003181469 51.022111892700202 20.204081535339359 88.43943023681642 0.47114317119121557 74.133811950683608 87.859191894531264 54.950981140136726 49.205549240112312 83.457714080810561 3.5000000000000004 0.31666667759418493 35.370370864868171 88.623924255371108 90.422870635986342 84.011833190917983
decision_type=2 2 2 2 2 2 2 2 2 2 2 2 2 2 2 2 2 2 2 2 2 2 2 2 2 2 2 2 2 2
left_child=1 2 3 7 24 19 -6 8 9 25 -10 -11 13 14 26 16 -3 20 -14 -4 23 -22 -21 -12 -5 -1 27 28 29 -13
right_child=-2 15 5 4 6 -7 -8 -9 10 11 17 12 18 -15 -16 -17 -18 -19 -20 22 21 -23 -24 -25 -26 -27 -28 -29 -30 -31
leaf_value=-0.081069068283560336 0.067757900463317186 0.079751785492319135 0.084084186468775426 0.056484176997694868 -0.067214011456981207 0.079956953402900655 0.075750727456959377 -0.12711296552853626 0.062973151271857 0.067178025444731504 -0.086117604601863781 -0.064981095031823727 -0.052104545585059947 0.059036375160772085 -0.15450427461591493 0.07938438335066389 -0.022955887339478107 0.031874314836012892 0.02460040584165819 -0.19972058050633654 -0.70605317364066855 -0.10406817489536099 0.0014975589851478114 0.01691464939345114 -0.087626631332930902 0.011144825728255764 -0.18795469445367899 0.045520685464585826 -0.13738249501863181 0.066636840225136384
leaf_weight=10.373954048685844 30.887301438488066 3.1469920286908764 2.9125266689807168 4.8655099719762793 26.416910044048567 5.536257939063943 1.5097071389172914 1.4703242192481401 11.031760264289916 5.7734330134553593 3.0600371903710757 5.683927570411468 3.9310324503458132 4.1665793408174059 2.0935452636331311 6.3138438856694838 7.7722878975328058 8.4023762868018803 25.934210964653175 0.44913985810126078 0.10095759760588396 0.3034208319731988 103.25367857570382 3.803002137268777 1.0540187789301851 2.4998342658363972 0.77245371078606773 2.1487407968379566 2.0172569151036441 1.8833523576613513
leaf_count=31929 11920 107 202 231 24538 895 192 217 3662 224 2798 263 325 177 19 1039 142 648 379 7 3 71 5843 1020 267 1016 8 23 13 26
internal_value=0.00613315 -0.00122504 -0.00368888 -0.0127085 -0.0436907 0.00670954 -0.0594854 -0.00172234 0.000239411 -0.00948255 0.0247353 0.00321988 -0.00437316 -0.0344156 -0.0610865 0.0332951 0.00664499 -0.00218475 0.0145041 0.00290599 -0.0415628 -0.25436 0.000626077 -0.0290245 0.0308241 -0.063163 -0.0454477 -0.0360659 -0.0543566 -0.0322239
internal_weight=289.568 258.681 241.448 129.296 33.8461 112.152 27.9266 95.4502 93.9799 67.2783 26.7016 54.4045 48.6311 18.7659 14.5993 17.2331 10.9193 15.6698 29.8652 106.615 7.26742 0.404378 103.703 6.86304 5.91953 12.8738 12.5057 11.7333 9.58454 7.56728
internal_count=88204 76284 74996 68049 25228 6947 24730 42821 42604 34402 8202 1457 1233 529 352 1288 249 4540 704 6052 3892 74 5850 3818 498 32945 333 325 302 289
is_linear=0
shrinkage=0.08


Tree=90
num_leaves=31
num_cat=0
split_feature=53 33 20 36 29 51 32 1 35 27 21 48 33 25 43 27 27 43 28 36 51 2 8 20 27 32 36 21 21 16
split_gain=18.734 3.20991 3.60514 4.88013 4.39279 4.72421 4.58218 4.31661 3.30129 6.28436 3.7009 4.711 3.25208 3.17723 3.1314 3.05951 3.32277 3.09539 3.05271 2.92813 2.89624 2.76759 2.90315 2.6026 5.83995 3.79715 2.64356 2.64958 2.56885 3.36766
threshold=79.61966705322267 0.87867647409439098 4.5000000000000009 52.500000000000007 72.665004730224624 87.386363983154311 0.54772728681564342 56.949806213378913 0.13259159028530124 26.381258010864261 0.80810147523880016 52.631574630737312 0.32291667163372045 1.0000000180025095e-35 1.0000000180025095e-35 45.757171630859382 58.681159973144538 1.0000000180025095e-35 88.949935913085952 37.500000000000007 59.540592193603523 47.673160552978523 52.419982910156257 3.5000000000000004 79.422195434570327 0.47722567617893225 10.500000000000002 0.96609193086624157 0.75809821486473095 0.55684757232666027
decision_type=2 2 2 2 2 2 2 2 2 2 2 2 2 2 2 2 2 2 2 2 2 2 2 2 2 2 2 2 2 2
left_child=1 2 8 4 5 28 14 -8 9 20 -10 18 -11 -9 -6 -13 17 -17 -12 -7 -1 -22 -23 26 -25 -26 -18 -28 29 -4
right_child=-2 -3 3 -5 6 19 7 13 10 12 11 15 -14 -15 -16 16 23 -19 -20 -21 21 22 -24 24 25 -27 27 -29 -30 -31
leaf_value=0.070587624652714245 0.066846870018539242 0.034253349610861676 -0.046892591501910122 0.022837900175288688 0.058522214339723364 -0.015574314931163633 -0.065436400851677748 0.082632667264388143 0.080270110194859148 -0.068328802819949019 -0.10764854916041904 0.056347251611623586 0.045851062158927904 -0.10228778797191349 -0.0040701282715744861 0.026743005943427944 0.056274026422970753 -0.056568144082942161 0.019877980240665505 0.070849216538606472 0.088683435095814625 -0.096007953441826027 0.00087729020177674828 0.010551270687796557 -0.47373612521784431 -0.076996092759249263 0.026058823244606552 -0.078937784299690006 -0.086322020238297506 0.034157827109742633
leaf_weight=4.1003990174795026 28.885656028520316 15.404964006738735 30.860339529703197 18.84851836314192 9.3754957872442883 9.8634673589840514 9.1631920838262868 2.6038447890896346 5.7604655052418812 12.423871757710002 3.2201486726407884 11.608478012174599 1.8318728602462204 0.77063906332477916 11.257619322277607 4.5881766825914383 14.243484534905297 7.5525673440133669 1.9162135149235835 3.3650085509289047 2.1921786040475117 2.065929476870223 47.261372367094737 2.6977712419757149 0.28879314940422762 0.33174898196011782 5.9289011751825438 2.077043242752552 8.9724711863382236 3.6712427872698745
leaf_count=1647 11920 1185 34004 2259 269 76 91 185 193 21493 463 324 132 31 363 256 1049 426 29 42 35 104 1098 143 16 25 176 124 9737 309
internal_value=0.0057953 -0.00114095 -0.00342384 -0.0141736 -0.0219332 -0.035455 0.00119334 -0.0369503 0.00556273 -0.00626758 0.0192913 0.0128405 -0.0536566 0.0404019 0.0243713 0.0204344 0.00937874 -0.0250836 -0.0600725 0.00640977 0.00587854 0.000728389 -0.00318046 0.025743 -0.0403489 -0.261634 0.0356001 -0.00118125 -0.048185 -0.0382757
internal_weight=283.132 254.246 238.841 108.752 89.9033 56.7325 33.1708 12.5377 130.089 69.8756 60.2138 54.4533 14.2557 3.37448 20.6331 49.317 37.7085 12.1407 5.13636 13.2285 55.6199 51.5195 49.3273 25.5677 3.31831 0.620542 22.2494 8.00594 43.5041 34.5316
internal_count=88204 76284 75099 47366 45107 44168 939 307 27733 24509 3224 3031 21625 216 632 2539 2215 682 492 118 2884 1237 1202 1533 184 41 1349 300 44050 34313
is_linear=0
shrinkage=0.08


Tree=91
num_leaves=31
num_cat=0
split_feature=48 42 8 12 27 36 21 1 21 26 8 53 13 6 21 45 21 2 2 35 51 51 11 8 6 11 2 8 7 8
split_gain=17.1099 2.8391 6.71019 3.01943 3.517 5.83084 3.91461 3.23893 2.925 3.78584 2.84503 5.11658 2.74103 2.97929 2.96641 2.7026 3.23141 8.98863 20.9636 63.2512 14.4242 2.24968 2.1604 2.13103 2.98897 4.4499 2.95112 3.32048 3.26233 2.8096
threshold=87.50553131103517 1.0000000180025095e-35 55.625879287719734 79.079368591308608 58.681159973144538 46.500000000000007 0.90121948719024669 97.259757995605483 0.97752526402473461 1.0000000180025095e-35 55.35188293457032 57.871654510498054 0.73214286565780651 71.05322647094728 0.78989815711975109 1.9729550480842593 0.88047617673873912 87.585617065429702 88.998897552490249 0.76353859901428234 15.834456443786623 75.809822082519545 53.137254714965827 36.032787322998054 45.352205276489265 1.0000000180025095e-35 10.762548446655275 54.201978683471687 54.303350448608406 34.641025543212898
decision_type=2 2 2 2 2 2 2 2 2 2 2 2 2 2 2 2 2 2 2 2 2 2 2 2 2 2 2 2 2 2
left_child=1 3 21 4 5 7 12 8 -1 -10 11 -6 14 -14 -7 -2 17 -17 19 -19 -20 23 -5 24 -3 -26 -25 -28 -29 -27
right_child=15 2 -4 22 10 6 -8 -9 9 -11 -12 -13 13 -15 -16 16 -18 18 20 -21 -22 -23 -24 26 25 29 27 28 -30 -31
leaf_value=-0.07294470072097313 0.080054182566858922 0.016133135965434805 0.079443557931599615 0.079150148125999617 0.0091566584311930776 0.024040920195491124 -0.058909441047914499 0.059105400031467754 -0.081123220879373681 0.099588068635231397 0.056834794335013199 -0.075060460257068473 -0.082159441351174645 0.090970604602826508 -0.089357188366805784 0.053057359093149639 0.080081045464874684 0.080136402477716973 0.080230823715431582 -2.545563654479448 -1.1770215916435096 0.081801607370471582 0.0010556241989513237 -0.059169051336218123 -0.14225608072399762 -0.0091413082994187961 0.047283600370331198 -0.26996992056539354 0.077573582573614061 -0.1529919067652602
leaf_weight=22.12723638812168 20.602609637775462 10.461069812328789 8.7774589543696475 2.311186461854958 22.733760620001707 5.6139979183644773 4.815481980534968 1.4734026013466053 1.445855775018571 1.5239803217846202 5.1169419704820021 5.7936193977366193 0.73284057853743423 4.8205731684865896 2.0031880358874332 2.3551888256333764 3.0786551861092448 0.16426483890973009 0.71135502052493393 0.091380026424303651 0.063625377370044589 2.1721696741878977 118.88507296252646 2.4176034734700798 2.293686035074642 10.950391614358519 11.979683109035246 0.42859878443414423 0.2896942351362668 0.94386345466773569
leaf_count=51155 10112 558 1780 128 855 1904 725 202 1794 393 213 215 155 52 649 485 1215 44 214 18 21 86 13218 99 172 829 750 18 49 96
internal_value=0.00547426 -0.00106439 0.0158365 -0.00536291 -0.0176184 -0.0323609 0.00281383 -0.0561714 -0.0629391 0.0116093 0.00190564 -0.00794698 0.0253813 0.068124 -0.00578082 0.0658941 0.0207652 -0.0331695 -0.230216 -0.858418 -0.0229888 0.00252334 0.00254487 -0.00180729 -0.01631 -0.040231 0.0218423 0.0372663 -0.129802 -0.0205565
internal_weight=277.178 250.111 50.7142 199.397 78.2009 44.5566 17.9861 26.5705 25.0971 2.96984 33.6443 28.5274 13.1706 5.55341 7.61719 27.0671 6.46447 3.38581 1.03063 0.255645 0.77498 41.9368 121.196 39.7646 24.649 14.1879 15.1156 12.698 0.718293 11.8943
internal_count=88204 76095 4437 71658 58312 57029 3485 53544 53342 2187 1283 1070 2760 207 2553 12109 1997 782 297 62 235 2657 13346 2571 1655 1097 916 817 67 925
is_linear=0
shrinkage=0.08


Tree=92
num_leaves=31
num_cat=0
split_feature=53 34 7 16 7 0 51 45 3 45 30 45 12 8 13 8 27 31 32 36 53 15 25 36 5 16 15 45 45 45
split_gain=16.3598 2.81486 3.15772 3.50693 3.15323 3.11163 2.72588 3.48054 2.7075 2.60616 5.27435 2.80464 2.47159 3.22229 2.46292 3.42382 2.34393 3.33116 3.00179 2.40359 3.38338 2.94008 4.97808 4.50581 2.33395 2.99746 2.29073 2.23201 2.37145 5.31642
threshold=79.61966705322267 0.7897985875606538 88.341892242431655 0.81530213356018078 43.159538269042976 24.440019607543949 37.188482284545906 9.0877771377563494 97.182540893554702 2.0397207736968999 57.993141174316413 5.1328485012054452 41.440780639648445 41.223155975341804 0.73214286565780651 60.49571609497071 26.705426216125492 72.949089050292983 0.19615384936332705 32.500000000000007 41.719793319702156 0.9569842815399171 1.0000000180025095e-35 28.500000000000004 28.743545532226566 0.19625350087881091 0.81934732198715221 1.9729550480842593 3.1984648704528813 3.0677825212478642
decision_type=2 2 2 2 2 2 2 2 2 2 2 2 2 2 2 2 2 2 2 2 2 2 2 2 2 2 2 2 2 2
left_child=1 2 3 9 5 -3 7 -4 -5 26 -11 14 13 -13 15 -12 19 18 -18 21 -21 -8 23 -23 -14 -26 -1 -2 29 -29
right_child=27 4 6 8 -6 -7 16 -9 -10 10 11 12 24 -15 -16 -17 17 -19 -20 20 -22 22 -24 -25 25 -27 -28 28 -30 -31
leaf_value=-0.00051073986839349672 0.080051231518779964 0.062651956207791737 0.081612799406739267 -0.25003847307786586 0.079746282707306049 -0.02851808997139536 0.036549012547082621 -0.21157137299590495 -0.025689321662023527 -0.075749435637797 -0.060898538410309254 -0.10848083461310416 0.076884931453628166 0.029597474641007732 -0.11725566502914239 0.048063649363536715 -0.055109076824049946 0.093328361775404475 0.086174441932167251 -0.030800213571914356 0.073113439720600498 -0.37177083110521281 0.021777353207367792 -0.052724638818381395 -0.065692222297502559 0.030290479075249257 -0.090057925406660785 0.017265808965611786 0.080262592328119789 -0.2930084077326317
leaf_weight=154.84041343836725 18.908036776352677 3.8034677891992015 5.7264987139496943 0.66697590527473838 5.6209888828452668 6.4739165243227035 3.1574890437768834 0.27143000694923092 0.7115438344044378 9.7155189067161682 5.0799127053760476 2.2903719171881702 4.0844819145568172 2.0496472191589419 2.1802417181897908 2.8987725845945533 8.0898781993455469 1.4208790259435762 1.0924126359168429 2.6165372841060153 8.5846561305224878 0.53716624272055924 1.4021137477830052 0.59944416675716639 2.7835241349239359 8.2660081523936224 1.8501532014925022 3.6721879986580452 3.1052374322898686 0.39107318432070304
leaf_count=29256 9970 133 767 19 1011 144 66 12 21 42539 390 225 78 78 27 59 422 42 31 21 264 20 60 22 319 218 40 932 1011 7
internal_value=0.00537766 -0.000989194 -0.00323092 -0.00708455 0.0315708 0.00522224 0.0194797 0.0683451 -0.134237 -0.00619043 -0.0245972 -0.00782628 0.00994984 -0.043271 -0.041902 -0.021311 0.00882213 -0.0206617 -0.0383006 0.0273233 0.0488398 -0.0149873 -0.0790846 -0.203507 0.0252121 0.00611116 -0.00156809 0.0656399 0.0276278 -0.0125969
internal_weight=272.891 246.814 230.916 197.418 15.8984 10.2774 33.4985 5.99793 1.37852 196.039 39.3485 29.633 19.474 4.34002 10.1589 7.97869 27.5006 10.6032 9.18229 16.8974 11.2012 5.69621 2.53872 1.13661 15.134 11.0495 156.691 26.0765 7.1685 4.06326
internal_count=88204 76284 74996 73269 1288 277 1727 779 40 73229 43933 1394 918 303 476 449 948 495 453 453 285 168 102 42 615 537 29296 11920 1950 939
is_linear=0
shrinkage=0.08


Tree=93
num_leaves=31
num_cat=0
split_feature=53 20 21 1 36 29 33 52 42 25 20 14 21 20 45 50 6 36 53 20 4 5 50 21 30 5 27 20 50 7
split_gain=14.9655 2.5838 4.12013 5.42478 3.98781 6.50234 3.51523 4.42534 3.26127 3.16762 3.71691 3.37937 3.2813 3.32193 4.51549 3.24137 3.00462 4.52717 3.34728 2.96353 2.80371 7.00241 2.76819 2.69357 3.00404 2.47985 3.32194 2.76232 2.46513 2.43759
threshold=79.61966705322267 4.5000000000000009 0.39339827001094824 80.277778625488295 37.500000000000007 67.658115386962905 0.76696833968162548 56.77343940734864 1.0000000180025095e-35 1.0000000180025095e-35 12.500000000000002 0.58571431040763866 0.52803984284400951 7.5000000000000009 1.2424533367156985 0.3809837698936463 88.43943023681642 30.500000000000004 54.089134216308601 9.5000000000000018 51.942356109619148 45.035211563110359 0.18579597771167758 0.76533168554306041 55.891487121582038 19.139194488525394 66.00970840454103 31.500000000000004 0.76847660541534435 61.938297271728523
decision_type=2 2 2 2 2 2 2 2 2 2 2 2 2 2 2 2 2 2 2 2 2 2 2 2 2 2 2 2 2 2
left_child=1 6 25 9 5 16 7 -1 28 10 12 -11 22 14 -14 -15 -5 18 -18 -19 -8 -22 -4 24 -20 26 -3 -27 -9 -13
right_child=-2 2 3 4 -6 -7 20 8 -10 11 -12 29 13 15 -16 -17 17 19 23 -21 21 -23 -24 -25 -26 27 -28 -29 -30 -31
leaf_value=-0.055432634755185992 0.06484308974633532 0.051119799766992421 -0.083703677072726704 -0.095719088147201786 0.036121736462130731 0.074794380855023684 0.068257191114813723 0.0028730524279531513 0.057213470713509969 -0.079632170287381468 -0.06314462171972976 0.13995649157391735 0.045966257521488071 -0.094325563300670476 -0.063640925487292457 0.014572795767885775 0.057688067341152671 -0.13572727628186743 -0.09046932707942508 -0.01982060709893451 -0.079965323403767052 0.082468337833329464 0.076341356079727113 -0.11661589357343081 0.064005915345797817 0.043673547634180902 -0.062021762781804476 -0.099478505658781066 -0.25664132139055057 -0.033791124289286184
leaf_weight=8.0451877014056645 24.380222217761911 2.6377459177747395 0.81933217387995938 4.1128466099035057 15.482363158080259 4.1922299718717104 9.8930003414861876 98.088896621851745 7.4321877006877903 13.702008003128869 9.6921218780043983 0.78107470877875984 7.1195509542158124 5.4152892645579405 3.6330075848163688 2.5840262887650169 5.19839064752159 2.7689536584657608 1.2775087667250775 2.8804283235222101 3.3861816155258557 3.4080418472876772 4.4386233412515139 1.6759839721489695 2.1815101616084576 16.208868584941232 4.4844104339135811 0.91119518347841122 0.23482053517363866 1.527222762131714
leaf_count=8423 11920 172 198 2924 571 582 710 17775 968 15627 7610 10 1143 8216 6381 131 232 30 339 25 67 478 542 93 68 2342 74 293 32 228
internal_value=0.00507709 -0.000889457 -0.00970387 -0.0176295 0.00439288 -0.0158328 0.00679258 0.00176453 0.0061157 -0.0352476 -0.021329 -0.0645466 -0.00444914 -0.0201096 0.00893286 -0.059148 -0.0347389 -0.0190468 0.0124347 -0.0766304 0.0410821 0.00151282 0.051402 -0.0333772 0.00695405 0.0195512 -0.0201189 0.0360544 0.00225327 0.0250011
internal_weight=268.593 244.213 113.725 89.4825 39.7702 24.2879 130.488 113.801 105.756 49.7123 33.702 16.0103 24.0098 18.7519 10.7526 7.99932 20.0956 15.9828 10.3334 5.64938 16.6872 6.79422 5.25796 5.135 3.45902 24.2422 7.12216 17.1201 98.3237 2.3083
internal_count=88204 76284 47831 44950 4864 4293 28453 27198 18775 40086 24221 15865 16611 15871 7524 8347 3711 787 732 55 1255 545 740 500 407 2881 246 2635 17807 238
is_linear=0
shrinkage=0.08


Tree=94
num_leaves=31
num_cat=0
split_feature=49 7 35 31 34 7 0 4 12 16 15 19 14 52 1 0 21 36 1 14 14 52 5 21 8 12 20 28 16 12
split_gain=13.706 2.59213 3.47879 4.38808 2.95294 2.786 2.80962 2.40752 2.49413 2.34806 7.92597 2.18369 3.32078 4.92221 3.70511 4.81009 2.70371 4.42203 2.95566 2.60574 4.47949 4.10942 2.50299 2.48012 2.22885 3.35858 3.24078 3.39501 3.17278 2.58321
threshold=81.853973388671889 89.512962341308608 0.20077519863843921 60.662221908569343 0.7897985875606538 43.159538269042976 21.164613723754886 83.06772613525392 53.228715896606452 0.81530213356018078 0.87689393758773815 1.0000000180025095e-35 0.080128207802772536 69.860393524169936 56.949806213378913 35.025774002075202 0.98979592323303234 46.500000000000007 93.419914245605483 0.074175827205181136 0.240384615957737 72.850124359130874 88.067794799804702 0.93813776969909679 53.614982604980476 42.242063522338874 17.500000000000004 90.018451690673842 1.0000000180025095e-35 1.0000000180025095e-35
decision_type=2 2 2 2 2 2 2 2 2 2 2 2 2 2 2 2 2 2 2 2 2 2 2 2 2 2 2 2 2 2
left_child=1 4 3 7 9 6 -6 -3 -9 11 -11 12 14 -14 15 24 17 22 23 -13 -21 -22 -15 -19 25 26 27 29 -27 -1
right_child=-2 2 -4 -5 5 -7 -8 8 -10 10 -12 19 13 16 -16 -17 -18 18 -20 20 21 -23 -24 -25 -26 28 -28 -29 -30 -31
leaf_value=0.0090491197666017972 0.063708186690280458 0.084728254301653691 0.08089181599552786 -0.064694032504576365 0.081272372437246942 0.079511672315363061 -0.018003553387311251 -0.11130211699802792 0.019370996554987432 -0.35433541652117967 0.02659393811146165 0.06902548105486099 -0.074536384319934909 -0.064014635425278715 0.067617996918793707 -0.084474836238067716 0.050052620174499483 0.035956221283007926 -0.073398285692170731 -0.078496049401989815 0.043555263002606363 -0.003531495535340884 0.073173386369418461 -0.093928781048419729 0.062213800621512223 0.029456907078667514 -0.098049306683036519 -0.085405848228668979 -0.10750463528712519 -0.11338158511177387
leaf_weight=17.10743133982761 23.056614102446474 3.4847396843833947 5.1642339538084334 4.3058487321250132 2.405818210449068 4.9319767904235041 7.5504813818261027 0.9929449242481504 15.968132835376309 0.53360691216948808 1.0136268142814513 3.6700397858512579 11.885280456473991 12.888348678377955 4.5942903880495569 4.7047059997348688 3.7041740718923384 10.888592578172391 2.3520017129485487 4.3967576971699591 14.229649993809288 71.296217241935665 0.91133573294791936 1.0298716272372974 3.4545799800689556 17.617179199136448 3.2651857942400957 3.4463283783989018 1.153356624956358 1.1789695894985914
leaf_count=1813 11695 60 1047 168 109 992 168 16 638 14 39 496 40813 13237 159 842 603 1096 80 5165 2446 4093 94 142 835 748 337 48 134 77
internal_value=0.00479138 -0.000865745 0.0211673 0.00870628 -0.00400137 0.030342 0.00598526 0.0241642 0.0117211 -0.00661918 -0.10478 -0.00583539 -0.0140439 -0.0306163 -0.0012428 -0.00733524 -0.0141878 -0.0226651 0.0085593 0.002951 0.000254283 0.00430272 -0.0549547 0.0247329 0.000349976 -0.00453285 -0.0237361 -0.012571 0.0210413 0.00115571
internal_weight=263.182 240.126 29.9159 24.7517 210.21 14.8883 9.9563 20.4458 16.9611 195.322 1.54723 193.774 100.182 43.6596 56.522 51.9277 31.7743 28.0702 14.2705 93.5927 89.9226 85.5259 13.7997 11.9185 47.223 43.7685 24.9979 21.7327 18.7705 18.2864
internal_count=88204 76509 1929 882 74580 1269 277 714 654 73311 53 73258 61058 56065 4993 4834 15252 14649 1318 12200 11704 6539 13331 1238 3992 3157 2275 1938 882 1890
is_linear=0
shrinkage=0.08


Tree=95
num_leaves=31
num_cat=0
split_feature=49 45 36 51 21 21 20 7 51 36 29 35 0 19 51 8 45 35 50 15 7 45 14 0 5 51 36 8 4 0
split_gain=12.4454 2.36401 2.78025 4.74185 3.46866 4.84162 3.1451 2.26471 3.63174 2.98921 2.52695 2.43571 2.2495 3.04534 2.18773 2.75095 2.09711 3.80099 3.11979 2.9948 3.18473 2.78419 2.51343 4.31289 5.89835 5.04272 5.18336 2.72215 3.01099 4.27968
threshold=81.853973388671889 1.9729550480842593 7.5000000000000009 16.1647481918335 0.85857143998146068 0.8532998561859132 8.5000000000000018 89.512962341308608 37.188482284545906 24.500000000000004 86.217220306396499 0.20077519863843921 16.2713737487793 1.0000000180025095e-35 75.809822082519545 23.629112243652347 2.0397207736968999 0.10265191644430162 0.76847660541534435 0.81016731262207042 82.807880401611342 7.7430529594421396 0.58571431040763866 73.499401092529311 73.401363372802749 99.206348419189467 37.500000000000007 90.366767883300795 93.85471343994142 84.262126922607436
decision_type=2 2 2 2 2 2 2 2 2 2 2 2 2 2 2 2 2 2 2 2 2 2 2 2 2 2 2 2 2 2
left_child=7 -2 -3 4 5 6 -4 10 -9 11 16 -10 -12 14 15 -14 19 -18 21 22 -21 -19 27 -24 -25 -26 -27 28 29 -1
right_child=1 2 3 -5 -6 -7 -8 8 9 -11 12 -13 13 -15 -16 -17 17 18 -20 20 -22 -23 23 24 25 26 -28 -29 -30 -31
leaf_value=-0.0033205006233217537 0.080042247973791877 0.061995223638114841 0.080265805825345912 -0.50360640219821462 0.080302396920343605 -0.60911495339196398 -0.20105265716658186 0.081337475989587113 -0.052763985001165879 0.026038824895690611 0.071713444696781828 0.082500789160871529 -0.078409369921034061 0.080841699841848483 0.08220985972062142 0.00446200505841691 -0.080091011003266904 -0.020622335654414972 -0.21442693937515653 0.050407948747180631 -0.10769333630627141 0.045586883359041368 0.061066426777161419 -0.074741904439239157 0.053738093099162387 -0.08048943203946049 0.05420231123256896 -0.061518755504641608 0.083830889089848509 -0.10548576400122235
leaf_weight=100.74403431563405 15.065914202248679 4.1868158922297871 0.50357978162355788 0.13664088095538307 1.137752355309203 0.11515727546066035 0.51389252999797463 5.1098549944581491 6.4790195849200272 16.514629447890911 4.5425888001918819 0.98099228413775552 3.4172871280461576 3.1234060840215525 1.6151478858664621 10.262369535281321 6.4592096019041483 21.575744838628459 0.47767499182373185 1.0867395669047244 3.2660850314132404 5.008391387804294 10.3786585261696 5.349557500783706 11.540439007163515 4.8398640789091578 2.9389205649495125 5.5227660718664984 2.4454730236902824 2.6943070324778082
leaf_count=27133 9774 1301 151 34 385 6 44 1067 352 463 453 47 35 702 56 312 40695 2485 29 37 71 703 373 552 441 44 60 154 130 115
internal_value=0.00451737 0.0625575 0.0226075 -0.0459041 -0.0183577 -0.117464 -0.0618191 -0.000801069 0.0201041 0.00705309 -0.00373426 -0.0349767 0.0212924 0.00885678 -0.00584352 -0.0162399 -0.0068517 -0.0249508 -0.0117897 -0.00282867 -0.0682213 -0.00814867 -0.000885112 0.0178002 -0.000402799 0.0201819 -0.0296012 -0.00676333 -0.00390735 -0.00598165
internal_weight=258.033 21.6598 6.59384 2.40702 2.27038 1.13263 1.01747 236.373 29.0845 23.9746 207.289 7.46001 22.9608 18.4182 15.2948 13.6797 184.328 33.521 27.0618 150.807 4.35282 26.5841 146.454 35.0474 24.6688 19.3192 7.77878 111.407 105.884 103.438
internal_count=88204 11695 1921 620 586 201 195 76509 1929 862 74580 399 1558 1105 403 347 73022 43912 3217 29110 108 3188 29002 1470 1097 545 104 27532 27378 27248
is_linear=0
shrinkage=0.08


Tree=96
num_leaves=31
num_cat=0
split_feature=53 45 45 31 45 1 32 20 21 6 36 21 21 8 42 21 36 1 5 31 29 22 48 36 4 45 21 12 20 35
split_gain=11.4245 2.441 2.38828 3.81832 3.99091 2.72437 2.0557 2.25644 5.77288 5.82239 3.82853 3.12553 2.82055 2.73525 4.30322 3.77176 8.93021 3.59733 4.49245 3.05263 2.72247 2.30285 2.29047 4.05023 18.5339 2.26999 2.39584 2.25884 2.78784 2.18753
threshold=79.61966705322267 1.9729550480842593 3.1984648704528813 97.011161804199233 3.0677825212478642 73.765182495117202 0.80384615063667308 8.5000000000000018 0.54027026891708385 94.294281005859389 70.500000000000014 0.71291208267211925 0.63373982906341564 46.543485641479499 1.0000000180025095e-35 0.7245689630508424 97.500000000000014 30.90185642242432 59.122919082641609 84.523811340332045 95.398727416992202 1.0000000180025095e-35 73.407360076904311 31.500000000000004 94.286090850830092 6.5169320106506357 0.45049019157886511 39.126983642578132 16.500000000000004 0.3081014752388001
decision_type=2 2 2 2 2 2 2 2 2 2 2 2 2 2 2 2 2 2 2 2 2 2 2 2 2 2 2 2 2 2
left_child=6 -2 3 4 5 -3 7 11 20 10 21 25 -12 17 15 16 22 19 -19 -13 27 -10 23 24 -15 26 -1 28 -9 -17
right_child=1 2 -4 -5 -6 -7 -8 8 9 -11 12 13 -14 14 -16 29 -18 18 -20 -21 -22 -23 -24 -25 -26 -27 -28 -29 -30 -31
leaf_value=-0.11341140643406407 0.08003873222572537 -0.2262002653231058 0.080207580361519745 -0.40079675716299629 -0.22754508385018285 0.051967457434251844 0.047160359162812415 0.01767548522434222 -0.073963785761817807 0.066835011024222943 0.084903710844927982 -0.015461330134582008 -0.064449971829676628 -0.079036851978035116 0.059625863966561159 -0.0016635920101215876 -0.93775734803976896 -0.066196157577766701 0.047304680261149229 0.074503178531936678 -0.099728606999922129 0.093253823448829543 0.082880718324634423 0.0050781767545912447 -1.0953366407911829 -0.092699865052825514 0.05039993150095267 0.020940006909554262 -0.07174107171243839 0.031955979368368859
leaf_weight=0.59494887036271116 14.205863847280854 0.24551937286742065 2.4533818633062765 0.1627488019876181 0.44563572551123787 2.7412072584265843 5.6028280142927533 4.641412183911596 19.61942886657199 2.7429067492776076 1.9542449458967888 8.2911775202883309 1.3811966796711201 0.75434233446867416 8.4902234335604572 95.005664362430252 0.078550522041041293 13.536440266470892 2.6724832552936268 3.405248951399698 1.5168593383859832 0.54163785715354507 0.49133073608390976 0.92866971831244882 0.13546643103472888 0.82084302081784777 14.443777118780416 27.671461023783195 4.2980867431688239 14.243592763086779
leaf_count=18 9970 23 1011 21 7 888 761 1710 17197 130 179 671 175 658 1473 28082 3 9026 1022 51 17 5 14 90 3 1950 2428 7707 2184 730
internal_value=0.00427826 0.0619168 0.0193545 -0.022173 -0.00422018 0.0291011 -0.000713689 -0.0018888 -0.0145809 -0.043461 -0.0563366 0.00309591 0.0230568 -0.000520165 0.00472104 0.00054544 -0.0989071 -0.0230827 -0.0474824 0.0107306 0.0052942 -0.0694714 -0.07038 -0.111789 -0.233761 0.0368484 0.0439194 0.00964548 -0.0253158 0.00271963
internal_weight=254.117 20.2544 6.04849 3.59511 3.43236 2.98673 233.863 228.26 64.3672 26.2394 23.4965 163.893 3.33544 148.033 120.128 111.638 2.38836 27.9053 16.2089 11.6964 38.1278 20.1611 2.30981 1.81848 0.889809 15.8596 15.0387 36.611 8.9395 109.249
internal_count=88204 11920 1950 939 918 911 76284 75523 29304 17686 17556 46219 354 41823 31053 29580 768 10770 10048 722 11618 17202 765 751 661 4396 2446 11601 3894 28812
is_linear=0
shrinkage=0.08


Tree=97
num_leaves=31
num_cat=0
split_feature=48 45 45 45 35 35 32 1 8 36 32 28 14 31 36 35 35 35 27 31 31 31 51 2 1 0 12 51 34 30
split_gain=10.4498 2.42605 2.1578 2.57135 3.37559 7.24395 1.89274 5.44055 3.63922 3.0501 2.92017 2.91343 2.90948 2.76148 3.41755 4.81967 3.72851 3.57743 3.36601 3.04196 2.91247 3.05862 2.84995 2.71005 2.41447 3.64777 3.04107 3.73204 4.06342 3.20525
threshold=87.50553131103517 1.9729550480842593 3.1984648704528813 3.0677825212478642 0.76353859901428234 0.7928932011127473 0.26491229236125952 69.028213500976577 45.512083053588874 46.500000000000007 0.45804196596145635 84.011833190917983 0.47727273404598242 81.464294433593764 18.500000000000004 0.16942318528890613 0.19195959717035296 0.11896437034010889 26.705426216125492 74.225582122802749 63.490362167358406 63.977582931518562 59.540592193603523 63.944444656372077 56.949806213378913 38.507879257202156 39.126983642578132 16.339695930480961 0.77442070841789257 66.838485717773452
decision_type=2 2 2 2 2 2 2 2 2 2 2 2 2 2 2 2 2 2 2 2 2 2 2 2 2 2 2 2 2 2
left_child=6 -2 3 4 -3 -6 7 11 9 23 -10 12 -1 14 15 19 17 18 22 -9 -17 -22 -16 24 25 26 27 -8 29 -29
right_child=1 2 -4 -5 5 -7 8 13 10 -11 -12 -13 -14 -15 16 20 -18 -19 -20 -21 21 -23 -24 -25 -26 -27 -28 28 -30 -31
leaf_value=-0.066231244144840884 0.08003489767186657 0.080536036082116153 0.080158743575169694 -0.19201525203936104 -0.29115948678176429 0.080274339932116703 0.10448365276593202 -0.075199668958897917 0.014290587857486013 0.081337735416190285 0.07008253195545526 0.075423081669632783 0.0057169638293270994 0.070019231922790692 0.083346364377087798 0.078727510478868418 -0.072558790462688608 0.055769279983698787 -0.06712541829159055 0.090855120048855834 -0.17236710145087636 -0.00060637152335858788 0.0036050327206738663 -0.12236583139829277 0.036745642173075604 -0.10125422086276148 0.014400654062505158 0.08842580697595924 0.037490493326068609 -0.064269510986493833
leaf_weight=16.025704207662791 13.21028537116945 1.7258716628421096 2.1992256063967943 0.48404199606738973 0.61479133320972301 0.74114746227860451 1.2808935736538867 11.185685265041684 17.598829872964419 2.6653421920200335 9.1131348269991559 1.2556958573695727 4.6382249025809861 3.5363615717797066 2.9790876327533615 2.8094909307692424 3.8220454358670386 9.079980700669692 4.1733523306465932 0.75361144426278848 0.72480252762033881 7.8483648726687534 77.249689530130127 1.2575669934740279 8.0975129413563973 2.6763337451266116 23.737562587702996 0.93711888938560406 3.7993387649767092 14.387185824569313
leaf_count=44576 10112 670 1033 7 50 237 8 17654 1170 23 1464 37 604 217 546 89 131 312 5300 24 13 383 1965 20 329 173 501 16 139 401
internal_value=0.00406217 0.061138 0.0178369 -0.0205998 0.00632344 -0.0881361 -0.000613477 -0.0061476 0.0088363 -0.00228108 0.0333247 -0.042892 -0.0500818 0.000339255 -0.00170353 -0.0292084 0.00488886 0.00805534 0.00292227 -0.0647182 0.00803794 -0.0151276 0.00656602 -0.00624866 -0.00358959 -0.0105658 -0.00506736 -0.0277154 -0.0365701 -0.0549318
internal_weight=250.608 18.9754 5.76508 3.56585 3.08181 1.35594 231.633 146.082 85.5508 58.8389 26.712 21.9196 20.6639 124.162 120.626 23.322 97.3042 93.4821 84.4021 11.9393 11.3827 8.57317 80.2288 56.1735 54.9159 46.8184 44.1421 20.4045 19.1236 15.3243
internal_count=88204 12109 1997 964 957 287 76095 71851 4244 1610 2634 45217 45180 26634 26417 18163 8254 8123 7811 17678 485 396 2511 1587 1567 1238 1065 564 556 417
is_linear=0
shrinkage=0.08


Tree=98
num_leaves=31
num_cat=0
split_feature=48 45 45 51 51 28 28 20 21 16 3 30 51 25 20 21 27 21 33 52 42 20 21 21 2 6 48 6 20 11
split_gain=9.58531 2.33205 1.96035 2.2112 4.30518 2.90952 2.29033 1.77174 3.06772 4.55145 4.93223 3.79451 3.39689 3.26656 2.89236 3.69382 2.79546 3.55949 2.66058 3.29786 2.6247 2.57843 3.78285 2.46389 2.37353 3.88028 2.31457 2.18207 2.06927 2.01617
threshold=87.50553131103517 1.9729550480842593 3.1984648704528813 5.4803438186645517 5.6606914997100839 68.77500152587892 65.599384307861342 4.5000000000000009 0.39339827001094824 0.28989812731742864 67.041198730468764 71.132480621337905 80.133575439453139 1.0000000180025095e-35 12.500000000000002 0.68237251043319713 65.020324707031264 0.84262126684188854 0.76696833968162548 56.77343940734864 1.0000000180025095e-35 9.5000000000000018 0.53681120276451122 0.3483316451311112 35.75188064575196 62.553266525268562 68.345760345458999 99.714286804199233 20.500000000000004 10.818713188171388
decision_type=2 2 2 2 2 2 2 2 2 2 2 2 2 2 2 2 2 2 2 2 2 2 2 2 2 2 2 2 2 2
left_child=7 -2 3 -3 -5 6 -6 18 23 11 -11 -10 16 14 15 21 -12 -18 19 -1 -21 -13 -23 27 -20 -26 -17 29 -25 -9
right_child=1 2 -4 4 5 -7 -8 8 9 10 12 13 -14 -15 -16 26 17 -19 24 20 -22 22 -24 28 25 -27 -28 -29 -30 -31
leaf_value=-0.050413018430187029 0.080032208189081938 0.080191823824560346 0.080146663928050629 -0.29963247539019011 -0.068582688543952275 0.037589403848779672 -0.44699422994740462 -0.073798798580699987 -0.081938745287070888 0.080431241288477062 -0.048036145779435595 0.073939947498433523 0.011309687965705152 -0.086316867614130224 -0.053303527218115897 -0.077353508506049898 0.078240798749771315 -0.16196356500484094 0.062152829992908706 0.0020079030380352487 0.053957825790435704 0.04532125475915403 -0.10580673672206116 0.070133636273805186 -0.06836747937026047 0.075493498698101638 0.057031230083910901 -0.25360652043072041 -0.053466870057595407 0.013983094592038607
leaf_weight=7.252211737286415 12.19502354168799 1.0290533967781805 2.0304347047349438 0.40014037839137051 0.32581068133004043 1.6252916845260186 0.14925910183228552 1.9252976488132851 9.0308667409990431 4.5001696981635169 15.031239396706953 5.580489951767964 25.254018862033263 4.1973122214112655 6.6187406264652955 3.7405517004663116 2.3781006883364166 0.47342694073449809 9.33488149801269 94.216146471968386 6.6645722216635468 3.094041722943075 1.6124183682550208 6.7860115574876536 2.7953504270408294 2.1024180718231946 1.0506525689270345 0.21594104170799333 0.99383025181305118 12.85742965749523
leaf_count=8423 10112 424 1033 16 47 460 17 412 34396 1027 7874 124 359 401 199 137 267 9 511 17814 1011 44 63 558 56 431 68 1 695 1215
internal_value=0.00384068 0.0604553 0.0175162 -0.018513 -0.0591338 -0.0133164 -0.187473 -0.000573747 -0.00817938 -0.0153503 0.000732899 -0.0372873 -0.00758149 -0.0217146 -0.00921721 0.010135 -0.0342596 0.0383607 0.00597369 0.001694 0.00543992 0.037158 -0.00645472 0.0178119 0.0384888 -0.00661366 -0.0478846 -0.00113757 0.0543444 0.00255041
internal_weight=245.461 17.755 5.55999 3.52956 2.5005 2.10036 0.47507 227.706 105.341 82.562 47.637 34.9251 43.1368 25.8942 21.6969 15.0782 17.8828 2.85153 122.366 108.133 100.881 10.287 4.70646 22.7785 14.2326 4.89777 4.7912 14.9987 7.77984 14.7827
internal_count=88204 12109 1997 964 540 524 64 76095 47849 44968 9536 35432 8509 1036 635 436 8150 276 28246 27248 18825 231 107 2881 998 487 205 1628 1253 1627
is_linear=0
shrinkage=0.08


Tree=99
num_leaves=31
num_cat=0
split_feature=53 45 45 21 2 36 31 33 14 0 2 15 15 14 16 14 15 5 53 0 5 21 2 5 0 20 21 3 53 31
split_gain=8.81069 2.20237 1.81025 1.93143 4.1001 1.77762 2.26792 1.69557 2.30342 3.80941 4.26385 4.45198 2.97329 3.53423 5.38511 5.0516 4.23164 3.70167 3.88418 3.6196 3.18369 4.30289 2.90177 4.01946 2.8875 3.65852 2.7363 2.54008 3.55089 2.59917
threshold=79.61966705322267 1.9729550480842593 3.1984648704528813 0.88047617673873912 87.585617065429702 7.5000000000000009 97.011161804199233 0.87867647409439098 0.47727273404598242 71.516754150390639 75.716625213623061 0.63211598992347728 0.6792857050895692 0.080128207802772536 0.124143835157156 0.240384615957737 0.42572893202304846 64.747306823730483 35.000770568847663 35.025774002075202 69.282051086425795 0.96490147709846508 69.614067077636733 71.834934234619155 78.319625854492202 11.500000000000002 0.71291208267211925 86.319076538085952 41.971221923828132 57.997137069702156
decision_type=2 2 2 2 2 2 2 2 2 2 2 2 2 2 2 2 2 2 2 2 2 2 2 2 2 2 2 2 2 2
left_child=7 -2 3 4 -3 6 -6 8 12 27 11 -11 13 14 19 -15 17 18 -17 -1 -18 22 23 -22 -12 26 -26 -10 -29 -30
right_child=1 2 -4 -5 5 -7 -8 -9 9 10 24 -13 -14 15 -16 16 20 -19 -20 -21 21 -23 -24 -25 25 -27 -28 28 29 -31
leaf_value=0.00069288261470026261 0.080030766962885275 0.045697760741929633 0.080173872327530482 0.080066759630613812 0.080337521375177107 -0.24132845662882557 -0.25103490854820737 0.028335203956997689 0.052120251040487821 -0.078257040697855343 0.047380213501850205 0.043785324542595837 0.070595513428154219 -0.073747137718811764 0.081356340119045217 0.080783789773406625 -0.086075413302789186 -0.04611070723023053 -0.0012919390305128745 -0.071105716517770964 0.064614716041033332 -0.13007422186077341 0.044112600612913215 -0.10857033810202968 0.071858519498230064 -0.1809517854805317 -0.0037051748936815809 -0.11816567995995163 0.049901496970403712 -0.045906380160261988
leaf_weight=45.988830494621652 11.202058426337318 1.3318671782035378 1.9517986079445107 0.97767537203617383 0.33788191259372957 0.69467718934174627 0.21712334454059601 12.295174447819589 16.299074138161817 8.1470160469470994 8.8853263241035148 2.5000115354778236 2.8313019803026682 11.75514960822329 4.9154871129940139 5.9838021116520421 6.7315206561106633 5.5083417956848271 9.627401762219959 4.9803984610407488 1.323144214096825 1.7729320728103637 5.3332869111327454 2.4380892215122003 3.2543572716385816 0.71905120348674145 53.281137839760049 1.3835427742451418 5.8234888942388334 2.6309665360531653
leaf_count=4087 9970 242 1011 561 88 47 1 1185 1289 1183 421 236 253 42749 442 437 2685 2796 11210 978 241 269 1200 763 144 37 2930 13 302 434
internal_value=0.00362542 0.0596616 0.0182579 -0.0156955 -0.0519622 -0.156045 -0.0492985 -0.000547928 -0.00222214 0.00636452 -0.00261484 -0.0496005 -0.0103161 -0.01247 0.00138922 -0.0278149 -0.0138697 0.0102731 0.0301678 -0.00632283 -0.042842 -0.0160624 0.00616366 -0.0476465 0.00494879 -0.00163614 0.000644504 0.0327446 0.000643972 0.0200868
internal_weight=241.122 16.7131 5.51102 3.55922 2.58155 1.24968 0.555005 224.409 212.114 102.924 76.7869 10.647 109.19 106.358 55.8847 50.4737 38.7185 21.1195 15.6112 50.9692 17.599 10.8675 9.09452 3.76123 66.1399 57.2545 56.5355 26.1371 9.838 8.45446
internal_count=88204 11920 1950 939 378 136 89 76284 75099 6989 4951 1419 68110 67857 5507 62350 19601 14443 11647 5065 5158 2473 2204 1004 3532 3111 3074 2038 749 736
is_linear=0
shrinkage=0.08


end of trees

feature_importances:
Column_45=158
Column_8=142
Column_50=124
Column_1=121
Column_6=120
Column_20=119
Column_51=116
Column_4=110
Column_21=108
Column_36=100
Column_2=96
Column_35=96
Column_32=94
Column_27=92
Column_33=92
Column_14=91
Column_31=87
Column_5=72
Column_12=72
Column_15=72
Column_30=64
Column_7=62
Column_29=62
Column_0=61
Column_34=56
Column_53=55
Column_25=53
Column_28=53
Column_3=52
Column_48=51
Column_52=47
Column_11=46
Column_43=45
Column_42=44
Column_16=37
Column_13=33
Column_44=29
Column_49=26
Column_19=13
Column_24=8
Column_10=5
Column_39=5
Column_26=4
Column_47=2
Column_54=2
Column_22=1
Column_23=1
Column_40=1

parameters:
[boosting: gbdt]
[objective: binary]
[metric: binary_logloss]
[tree_learner: serial]
[device_type: cpu]
[data_sample_strategy: bagging]
[data: ]
[valid: ]
[num_iterations: 100]
[learning_rate: 0.08]
[num_leaves: 31]
[num_threads: 16]
[seed: 42]
[deterministic: 0]
[force_col_wise: 0]
[force_row_wise: 0]
[histogram_pool_size: -1]
[max_depth: -1]
[min_data_in_leaf: 20]
[min_sum_hessian_in_leaf: 0.001]
[bagging_fraction: 0.85]
[pos_bagging_fraction: 1]
[neg_bagging_fraction: 1]
[bagging_freq: 0]
[bagging_seed: 400]
[bagging_by_query: 0]
[feature_fraction: 0.8]
[feature_fraction_bynode: 1]
[feature_fraction_seed: 30056]
[extra_trees: 0]
[extra_seed: 12879]
[early_stopping_round: 0]
[early_stopping_min_delta: 0]
[first_metric_only: 0]
[max_delta_step: 0]
[lambda_l1: 0]
[lambda_l2: 0]
[linear_lambda: 0]
[min_gain_to_split: 0]
[drop_rate: 0.1]
[max_drop: 50]
[skip_drop: 0.5]
[xgboost_dart_mode: 0]
[uniform_drop: 0]
[drop_seed: 17869]
[top_rate: 0.2]
[other_rate: 0.1]
[min_data_per_group: 100]
[max_cat_threshold: 32]
[cat_l2: 10]
[cat_smooth: 10]
[max_cat_to_onehot: 4]
[top_k: 20]
[monotone_constraints: ]
[monotone_constraints_method: basic]
[monotone_penalty: 0]
[feature_contri: ]
[forcedsplits_filename: ]
[refit_decay_rate: 0.9]
[cegb_tradeoff: 1]
[cegb_penalty_split: 0]
[cegb_penalty_feature_lazy: ]
[cegb_penalty_feature_coupled: ]
[path_smooth: 0]
[interaction_constraints: ]
[verbosity: -1]
[saved_feature_importance_type: 0]
[use_quantized_grad: 0]
[num_grad_quant_bins: 4]
[quant_train_renew_leaf: 0]
[stochastic_rounding: 1]
[linear_tree: 0]
[max_bin: 255]
[max_bin_by_feature: ]
[min_data_in_bin: 3]
[bin_construct_sample_cnt: 200000]
[data_random_seed: 175]
[is_enable_sparse: 1]
[enable_bundle: 1]
[use_missing: 1]
[zero_as_missing: 0]
[feature_pre_filter: 1]
[pre_partition: 0]
[two_round: 0]
[header: 0]
[label_column: ]
[weight_column: ]
[group_column: ]
[ignore_column: ]
[categorical_feature: ]
[forcedbins_filename: ]
[precise_float_parser: 0]
[parser_config_file: ]
[objective_seed: 16083]
[num_class: 1]
[is_unbalance: 0]
[scale_pos_weight: 3.128]
[sigmoid: 1]
[boost_from_average: 1]
[reg_sqrt: 0]
[alpha: 0.9]
[fair_c: 1]
[poisson_max_delta_step: 0.7]
[tweedie_variance_power: 1.5]
[lambdarank_truncation_level: 30]
[lambdarank_norm: 1]
[label_gain: ]
[lambdarank_position_bias_regularization: 0]
[eval_at: ]
[multi_error_top_k: 1]
[auc_mu_weights: ]
[num_machines: 1]
[local_listen_port: 12400]
[time_out: 120]
[machine_list_filename: ]
[machines: ]
[gpu_platform_id: -1]
[gpu_device_id: -1]
[gpu_device_id_list: ]
[gpu_use_dp: 0]
[num_gpu: 1]

end of parameters

pandas_categorical:null
